宝可梦编号,宝可梦中文,宝可梦英文,属性1,属性2,种族HP,种族攻击,种族防御,种族特攻,种族特防,种族速度,特性1-3,天性1-3,升级招式数,教学招式数,蛋招式数,TMHM招式数,图鉴描述
1,妙蛙种子,Bulbasaur,草,毒,47,49,49,65,65,45,叶绿体 / 粉彩护幕 / 叶绿素,茂盛 / 厚脂肪 / 毒吸收,25,37,0,0,"Bulbasaur can be seen napping in bright sunlight. There is a seed on its back. By soaking up the sun's rays, the seed grows progressively larger."
2,妙蛙草,Ivysaur,草,毒,65,62,68,80,80,65,叶绿体 / 粉彩护幕 / 叶绿素,茂盛 / 厚脂肪 / 毒吸收,25,37,0,0,"To support its bulb, Ivysaur's legs grow sturdy. If it spends more time lying in the sunlight, the bud will soon bloom into a large flower."
3,妙蛙花,Venusaur,草,毒,90,82,83,100,100,80,叶绿体 / 粉彩护幕 / 叶绿素,茂盛 / 厚脂肪 / 毒吸收,29,42,0,0,Venusaur's flower is said to take on vivid colors if it gets plenty of nutrition and sunlight. The flower's aroma soothes the emotions of people.
4,小火龙,Charmander,火,火,44,52,43,65,46,70,火焰之躯 / 火焰占卜 / 半龙,猛火 / 引火 / 太阳之力,21,30,0,0,"The flame that burns at the tip of its tail is an indication of its emotions. The flame wavers when Charmander is happy, and blazes when it is enraged."
5,火恐龙,Charmeleon,火,火,63,64,58,85,65,85,火焰之躯 / 火焰占卜 / 半龙,猛火 / 引火 / 太阳之力,21,30,0,0,"Without pity, its sharp claws destroy foes. If it encounters a strong enemy, it becomes agitated, and the flame on its tail flares with a bluish white color."
6,喷火龙,Charizard,火,飞行,79,84,78,109,85,100,熔解 / 巨翼 / 硬爪,猛火 / 龙化 / 利己主义者,26,40,0,0,"A Charizard flies about in search of strong opponents. It breathes intense flames that can melt any material. However, it will never torch a weaker foe."
7,杰尼龟,Squirtle,水,水,50,48,65,50,64,43,持久力 / 再生力 / 消防员,激流 / 硬壳盔甲 / 水幕,21,40,0,0,"Its shell is not just for protection. Its rounded shape and the grooves on its surface minimize resistance in water, enabling Squirtle to swim at high speeds."
8,卡咪龟,Wartortle,水,水,64,63,80,70,85,58,持久力 / 再生力 / 消防员,激流 / 硬壳盔甲 / 水幕,22,40,0,0,"Its large tail is covered with rich, thick fur that deepens in color with age. The scratches on its shell are evidence of this Pokémon's toughness in battle."
9,水箭龟,Blastoise,水,水,84,83,100,85,105,78,持久力 / 再生力 / 消防员,激流 / 硬壳盔甲 / 超级发射器,29,45,0,0,The waterspouts that protrude from its shell are highly accurate. Their bullets of water can precisely nail tin cans from a distance of over 160 feet.
10,绿毛虫,Caterpie,虫,虫,45,30,35,20,20,45,危险预知 / 吐丝者 / 逃足,虫之预感 / 鳞粉 / 懦夫,2,14,0,0,Its voracious appetite compels it to devour leaves bigger than itself without hesitation. It releases a terribly strong odor from its antennae.
11,铁甲蛹,Metapod,虫,虫,50,20,55,25,25,30,蜕皮 / 硬壳盔甲 / 刚毅,虫之预感 / 鳞粉 / 防尘,3,17,0,0,Its shell is as hard as an iron slab. A Metapod does not move very much because it is preparing its soft innards for evolution inside the shell.
12,巴大蝶,Butterfree,虫,超能,75,55,50,110,95,90,有色眼镜 / 鳞粉 / 巨翼,华贵之蛾 / 复眼 / 飘浮,20,44,0,0,"It has a superior ability to search for delicious honey from flowers. It can seek, extract, and carry honey from flowers blooming over six miles away."
13,独角虫,Weedle,虫,毒,40,35,30,20,20,50,穿透 / 吐丝者 / 逃足,虫之预感 / 鳞粉 / 毒刺,2,14,0,0,A Weedle has an extremely acute sense of smell. It distinguishes its favorite kinds of leaves from those it dislikes by sniffing with its big red nose.
14,铁壳蛹,Kakuna,虫,毒,45,25,50,25,25,35,蜕皮 / 硬壳盔甲 / 腐蚀,虫之预感 / 鳞粉 / 防尘,3,14,0,0,"It remains virtually immobile while it clings to a tree. However, on the inside, it busily prepares for evolution. This is evident from how hot its shell becomes."
15,大针蜂,Beedrill,虫,毒,65,110,40,45,80,135,剧毒之触 / 狙击手 / 速度之力,极度好战 / 不仁不义 / 飘浮,16,38,0,0,"A Beedrill is extremely territorial. For safety reasons, no one should ever approach its nest. If angered, they will attack in a swarm."
16,波波,Pidgey,一般,飞行,40,35,40,45,35,56,无防守 / 毅力 / 健壮胸肌,鸟群 / 锐利目光 / 尘云,16,36,0,0,"It has an extremely sharp sense of direction. It can unerringly return home to its nest, however far it may be removed from its familiar surroundings."
17,比比鸟,Pidgeotto,一般,飞行,63,70,55,65,50,91,华贵之鸟 / 尘云 / 加速,鸟群 / 锐利目光 / 巨翼,16,36,0,0,"This Pokémon flies around, patrolling its large territory. If its living space is violated, it shows no mercy in thoroughly punishing the foe with its sharp claws."
18,大比鸟,Pidgeot,一般,飞行,83,80,75,85,70,101,华贵之鸟 / 尘云 / 加速,鸟群 / 锐利目光 / 巨翼,18,39,0,0,"This Pokémon has gorgeous, glossy feathers. Many Trainers are so captivated by the beautiful feathers on its head that they choose Pidgeot as their Pokémon."
19,小拉达,Rattata,一般,一般,30,56,35,25,35,72,活力 / 一般皮肤 / 掠夺者,毅力 / 飞毛腿 / 逃足,27,26,0,0,"A Rattata is cautious in the extreme. Even while it is asleep, it constantly moves its ears and listens for danger. It will make its nest anywhere."
20,拉达,Raticate,一般,一般,55,81,60,50,70,97,活力 / 一般皮肤 / 掠夺者,毅力 / 飞毛腿 / 不断生长的牙齿,27,28,0,0,"A Raticate's sturdy fangs grow steadily. To keep them ground down, it gnaws on rocks and logs. It may even chew on the walls of houses."
21,烈雀,Spearow,一般,飞行,40,60,30,31,31,70,加速 / 疾风之翼 / 狙击手,察觉 / 埋伏 / 健壮胸肌,20,28,0,0,"Its loud cry can be heard over half a mile away. If its high, keening cry is heard echoing all around, it is a sign that they are warning each other of danger."
22,大嘴雀,Fearow,一般,飞行,65,110,75,61,71,100,狙击手 / 疾风之翼 / 加速,威吓 / 埋伏 / 健壮胸肌,23,31,0,0,Its long neck and elongated beak are ideal for catching prey in soil or water. It deftly moves this extended and skinny beak to pluck prey.
23,阿柏蛇,Ekans,毒,毒,55,60,49,40,59,55,不仁不义 / 擒拿手 / 威吓,毒牙 / 蜕皮 / 盘卷,24,35,0,0,An Ekans curls itself up in a spiral while it rests. This position allows it to quickly respond to an enemy from any direction with a threat from its upraised head.
24,阿柏怪,Arbok,毒,恶,90,105,84,65,84,80,不仁不义 / 埋伏 / 威吓,毒牙 / 蜕皮 / 盘卷,30,36,0,0,"This Pokémon has a terrifically strong constricting power. It can even flatten steel oil drums. Once it wraps its body around its foe, escaping is impossible."
25,皮卡丘,Pikachu,电,电,35,55,40,50,50,95,电细胞 / 发电机 / 电爆,短路 / 静电 / 大地冲击,23,37,0,0,"It stores electricity in the electric sacs on its cheeks. When it releases pent-up energy in a burst, the electric power is equal to a lightning bolt."
26,雷丘,Raichu,电,地面,60,90,55,90,80,115,大地束缚 / 发电机 / 电爆,短路 / 静电 / 大地冲击,30,42,0,0,"If it stores too much electricity, its behavior turns aggressive. To avoid this, it occasionally discharges excess energy and calms itself down."
27,穿山鼠,Sandshrew,地面,地面,70,75,85,20,30,40,沙隐 / 我们滚吧 / 扬沙,大地束缚 / 挖沙 / 战斗盔甲,20,35,0,0,"When it curls up in a ball, it can make any attack bounce off harmlessly. Its hide has turned tough and solid as a result of living in the desert."
28,穿山王,Sandslash,地面,地面,95,100,110,45,55,65,战斗盔甲 / 持久力 / 扬沙,我们滚吧 / 松散尖刺 / 硬爪,21,37,0,0,It curls up in a ball to protect itself from enemy attacks. It also curls up to prevent heatstroke during the daytime when temperatures rise sharply.
29,尼多兰,Nidoran♀,毒,毒,55,47,52,40,40,41,不断生长的牙齿 / 活力 / 危险预知,毒刺 / 斗争心 / 逃足,20,38,0,0,"Its highly toxic barbs are thought to have developed as protection for this small- bodied Pokémon. When enraged, it releases a horrible toxin from its horn."
30,尼多娜,Nidorina,毒,毒,70,62,67,55,55,56,友情防守 / 活力 / 亲子爱,毒刺 / 斗争心 / 危险预知,22,38,0,0,"When it is with its friends or family, its barbs are tucked away to prevent injury. It appears to become nervous if separated from the others."
31,尼多后,Nidoqueen,毒,地面,90,75,87,85,76,92,女王威严 / 厚脂肪 / 强行,毒刺 / 亲子爱 / 战斗盔甲,26,41,0,0,"It is adept at sending foes flying with harsh tackles using its tough, scaly body. This Pokémon is at its strongest when it is defending its young."
32,尼多朗,Nidoran♂,毒,毒,46,57,40,40,40,50,不断生长的牙齿 / 活力 / 危险预知,毒刺 / 斗争心 / 逃足,17,36,0,0,The male Nidoran has developed muscles that freely move its ears in any direction. Even the slightest sound does not escape this Pokémon's notice.
33,尼多力诺,Nidorino,毒,毒,61,72,57,55,55,65,狂暴突袭 / 活力 / 极度好战,毒刺 / 斗争心 / 硬化鞘,19,36,0,0,"Its horn is harder than a diamond. If it senses a hostile presence, all the barbs on its back bristle up at once, and it challenges the foe with all its might."
34,尼多王,Nidoking,毒,地面,81,102,77,85,75,85,强行 / 斗争心 / 暴走,毒刺 / 硬化鞘 / 醉人,25,39,0,0,"A Nidoking's thick tail packs enormously destructive power capable of toppling a metal transmission tower. Once it goes on a rampage, there is no stopping it."
35,皮皮,Clefairy,妖精,妖精,70,45,48,60,65,35,妖精气场 / 纯朴 / 魔法防守,奇迹皮肤 / 防尘 / 月之魂,30,43,0,0,"On every night of a full moon, they come out to play. When dawn arrives, the tired Clefairy go to sleep nestled up against each other in deep and quiet mountains."
36,皮可西,Clefable,妖精,妖精,100,50,95,95,113,55,妖精气场 / 纯朴 / 魔法防守,奇迹皮肤 / 防尘 / 月之魂,30,46,0,0,"A Clefable uses its wings to skip lightly as if it were flying. Its bouncy step lets it even walk on water. On quiet, moonlit nights, it strolls on lakes."
37,六尾,Vulpix,火,火,38,41,40,60,65,65,引火 / 火焰占卜 / 干旱,飞毛腿 / 献祭 / 烈焰之魂,25,53,0,0,"It can freely control fire, making fiery orbs fly like will-o'-the-wisps. Just before evolution, its six tails grow hot as if on fire."
38,九尾,Ninetales,火,幽灵,73,76,75,91,100,100,烈焰之魂 / 复仇 / 干旱,火焰占卜 / 引火 / 女王威严,26,56,0,0,It has long been said that each of the nine tails embody an enchanted power. A long-lived Ninetales will have fur that shines like gold.
39,胖丁,Jigglypuff,一般,妖精,105,45,30,80,43,20,摇篮曲 / 好胜 / 魔法防守,迷人之躯 / 充气 / 我们滚吧,26,38,0,0,Nothing can avoid falling asleep hearing a Jigglypuff's song. The sound waves of its singing voice match the brain waves of someone in a deep sleep.
40,胖可丁,Wigglytuff,一般,妖精,120,70,45,113,80,45,摇篮曲 / 好胜 / 魔法防守,迷人之躯 / 充气 / 毛皮大衣,35,42,0,0,Its fur is the ultimate in luxuriousness. Sleeping alongside a Wigglytuff is simply divine. Its body expands seemingly without end when it inhales.
41,超音蝠,Zubat,毒,飞行,40,45,35,40,40,55,精神力 / 穿透 / 机会主义者,狙击手 / 夜行 / 登山者,20,40,0,0,"While living in pitch-black caverns, their eyes gradually grew shut and deprived them of vision. They use ultrasonic waves to detect obstacles."
42,大嘴蝠,Golbat,毒,飞行,75,80,70,75,75,90,登山者 / 拾荒者 / 机会主义者,狙击手 / 夜行 / 穿透,23,40,0,0,Its fangs easily puncture even thick animal hide. It loves to feast on the blood of people and Pokémon. It flits about in darkness and strikes from behind.
43,走路草,Oddish,草,毒,45,50,55,85,75,30,毒吸收 / 叶绿体 / 青草制造者,再生力 / 草之皮毛 / 自然回复,20,37,0,0,"This Pokémon grows by absorbing moonlight. During the daytime, it buries itself in the ground, leaving only its leaves exposed to avoid detection by its enemies."
44,臭臭花,Gloom,草,毒,60,65,70,95,85,40,毒吸收 / 叶绿体 / 青草制造者,再生力 / 草之皮毛 / 自然回复,20,39,0,0,"A horribly noxious honey drools from its mouth. One whiff of the honey can result in memory loss. Some fans are said to enjoy this overwhelming stink, however."
45,霸王花,Vileplume,草,毒,90,75,95,120,100,50,毒吸收 / 孢子 / 鳞粉,自然恢复 / 生物膜 / 毒沼制造者,23,42,0,0,"In seasons when it produces more pollen, the air around a Vileplume turns yellow with the powder as it walks. The pollen is highly toxic and causes paralysis."
46,派拉斯,Paras,虫,草,45,75,65,50,90,25,真菌感染 / 机会主义者 / 极度好战,孢子 / 防尘 / 干燥皮肤,22,33,0,0,A Paras has parasitic tochukaso mushrooms growing on its back. They grow by drawing nutrients from the host. They are valued as a medicine for long life.
47,派拉斯特,Parasect,虫,草,80,100,95,70,140,30,自给自足 / 影子游戏 / 噬魂,寄生孢子 / 幻影 / 机会主义者,29,44,0,0,"Parasect are known to infest the roots of large trees en masse and drain nutrients. When an infested tree dies, they move onto another tree all at once."
48,毛球,Venonat,虫,毒,60,55,50,55,55,55,有色眼镜 / 毒棘 / 毒吸收,复眼 / 夜行 / 魔法粉,20,39,0,0,"Its coat of thin, stiff hair that covers its entire body is said to have evolved for protection. Its large eyes never fail to spot even miniscule prey."
49,摩鲁蛾,Venomoth,虫,毒,70,65,60,85,75,100,有色眼镜 / 生物膜 / 魔法防守,复眼 / 奇迹皮肤 / 华贵之蛾,25,50,0,0,"Venomoth are nocturnal--they are only active at night. Their favorite prey are insects that gather around streetlights, attracted by the light in the darkness."
50,地鼠,Diglett,地面,地面,10,55,25,35,45,95,挖沙 / 沙穴 / 沙之力,旷野探险家 / 大地束缚 / 速度之力,20,26,0,0,"Diglett are raised in most farms. The reason is simple--wherever they burrow, the soil is left perfectly tilled for growing delicious crops."
51,三地鼠,Dugtrio,地面,地面,35,100,50,50,70,120,挖沙 / 沙穴 / 大地束缚,多头龙 / 沙之力 / 速度之力,23,31,0,0,"Because the triplets originally split from one body, they think exactly alike. They work cooperatively to burrow endlessly through the ground."
52,喵喵,Meowth,一般,一般,40,55,35,65,40,90,狙击手 / 柔软 / 恶作剧之心,完美主义者 / 技术高手 / 机会主义者,22,30,0,0,"Meowth withdraw their sharp claws into their paws to silently sneak about. For some reason, this Pokémon loves shiny coins that glitter with light."
53,猫老大,Persian,一般,一般,65,85,60,105,65,115,完美主义者 / 傲慢 / 连续攻击,狙击手 / 技术高手 / 机会主义者,26,35,0,0,A Persian's six bold whiskers sense air movements to determine what is in its vicinity. It becomes docile if grabbed by the whiskers.
54,可达鸭,Psyduck,水,水,50,52,48,75,50,55,无关天气 / 湿气 / 降雨,天气控制 / 超能之心 / 不眠,23,36,0,0,"When its headache intensifies, it starts using strange powers. However, it has no recollection of its powers, so it always looks befuddled and bewildered."
55,哥达鸭,Golduck,水,超能,80,82,78,115,80,85,无关天气 / 贤者之力 / 降雨,天气控制 / 超能之心 / 悠游自如,28,49,0,0,A Golduck is an adept swimmer. It sometimes joins competitive swimmers in training. It uses psychic powers when its forehead shimmers with light.
56,猴怪,Mankey,格斗,格斗,40,80,35,35,45,70,自信过度 / 一猩一意 / 无防守,斗士 / 愤怒穴位 / 极度好战,24,30,0,0,"When it starts shaking and its nasal breathing turns rough, it's a sure sign of anger. However, since this happens instantly, there is no time to flee."
57,火暴猴,Primeape,格斗,格斗,65,105,60,60,70,95,自信过度 / 一猩一意 / 无防守,狂暴突袭 / 愤怒穴位 / 极度好战,27,31,0,0,"When it becomes furious, its blood circulation becomes more robust, and its muscles are made stronger. But it also becomes much less intelligent."
58,卡蒂狗,Growlithe,火,火,55,70,50,70,45,60,威吓 / 强壮之颚 / 献祭,看门狗 / 正义之心 / 毛茸茸,23,30,0,0,"Its superb sense of smell ensures that this Pokémon won't forget any scent, no matter what. It uses its sense of smell to detect the emotions of others."
59,风速狗,Arcanine,火,火,90,125,80,115,80,110,威吓 / 雷召 / 献祭,看门狗 / 正义之心 / 掠食者,31,35,0,0,"This fleet-footed Pokémon is said to run over 6,200 miles in a single day and night. The fire that blazes wildly within its body is its source of power."
60,蚊香蝌蚪,Poliwag,水,水,50,60,40,50,40,90,水合 / 湿气 / 纯朴,催眠师 / 悠游自如 / 湿润之躯,20,25,0,0,"It is possible to see this Pokémon's spiral innards right through its thin skin. However, the skin is also very flexible. Even sharp fangs bounce right off it."
61,蚊香君,Poliwhirl,水,水,75,75,65,60,50,90,湿润之躯 / 悠游自如 / 湿气,催眠师 / 水合 / 储水,20,38,0,0,"Its body surface is always wet and slick with an oily fluid. Because of this greasy covering, it can easily slip and slide out of the clutches of any enemy in battle."
62,蚊香泳士,Poliwrath,水,格斗,90,115,95,75,90,70,铁拳 / 悠游自如 / 铁拳之力,暴风雨 / 精密之拳 / 储水,24,42,0,0,"Its highly developed muscles never grow fatigued, however much it exercises. This Pokémon can swim back and forth across the Pacific Ocean without effort."
63,凯西,Abra,超能,超能,25,20,15,105,55,90,神秘力量 / 复制 / 催眠师,超能之心 / 精神力 / 魔法防守,20,45,0,0,A Pokémon that sleeps 18 hours a day. Observation revealed that it uses Teleport to change its location once every hour.
64,勇基拉,Kadabra,超能,超能,40,35,30,120,70,105,神秘力量 / 复制 / 催眠师,超能之心 / 精神力 / 魔法防守,27,45,0,0,It is rumored that a boy with psychic abilities suddenly transformed into Kadabra while he was assisting research into extrasensory powers.
65,胡地,Alakazam,超能,超能,55,50,45,135,95,120,神秘力量 / 复制 / 念动力,超能之心 / 精神力 / 魔法防守,28,47,0,0,"While it has strong psychic abilities and high intelligence, an Alakazam's muscles are very weak. It uses psychic power to move its body."
66,腕力,Machop,格斗,格斗,70,80,50,35,35,35,铁拳 / 毅力 / 强行,无防守 / 飞毛腿 / 斗士,23,37,0,0,It continually undertakes strenuous training to master all forms of martial arts. Its strength lets it easily hoist a sumo wrestler onto its shoulders.
67,豪力,Machoke,格斗,格斗,80,100,70,50,60,45,铁拳 / 铁拳之力 / 强行,无防守 / 不屈之心 / 毅力,23,38,0,0,"A belt is worn by a Machoke to keep its overwhelming power under control. Because it is so dangerous, no one has ever removed the belt."
68,怪力,Machamp,格斗,格斗,90,130,80,65,85,55,毅力 / 铁拳之力 / 强行,无防守 / 铁拳 / 精密之拳,26,41,0,0,It is impossible to defend against punches and chops doled out by its four arms. Its fighting spirit flares up when it faces a tough opponent.
69,喇叭芽,Bellsprout,草,毒,70,75,35,70,30,40,叶绿体 / 太阳之力 / 埋伏,叶绿素 / 贪吃鬼 / 收获,27,39,0,0,"A Bellsprout's thin and flexible body lets it bend and sway to avoid any attack, however strong it may be. From its mouth, it leaks a fluid that melts even iron."
70,口呆花,Weepinbell,草,毒,85,90,50,85,45,55,叶绿体 / 埋伏 / 沙穴,叶绿素 / 贪吃鬼 / 腐蚀,30,40,0,0,"At night, a Weepinbell hangs on to a tree branch with its hooked rear and sleeps. If it moves around in its sleep, it may wake up to find itself on the ground."
71,大食花,Victreebel,草,毒,100,110,70,110,70,70,春日仪式 / 太阳的恩赐 / 沙穴,埋伏 / 机会主义者 / 掠食者,32,42,0,0,"The long vine extending from its head is waved about as if it were a living thing to attract prey. When an unsuspecting victim approaches, it is swallowed whole."
72,玛瑙水母,Tentacool,水,毒,40,40,35,50,100,70,污泥浆 / 脑核之力 / 水幕,恒净之躯 / 剧毒之触 / 储水,19,46,0,0,"Its body is almost entirely composed of water. It ensnares its foe with its two long tentacles, then stabs with the poison stingers at their tips."
73,毒刺水母,Tentacruel,水,毒,80,70,65,80,120,100,剧毒之触 / 毒沼制造者 / 再生力,恒净之躯 / 不仁不义 / 储水,23,48,0,0,It lives in complex rock formations on the ocean floor and traps prey using its 80 tentacles. Its red orbs glow when it grows excited or agitated.
74,小拳石,Geodude,岩石,地面,40,80,100,30,30,20,坚硬脑袋 / 沙之力 / 坚壁,我们滚吧 / 结实 / 坚硬岩石,19,38,0,0,"It climbs mountain paths using only the power of its arms. Because they look just like boulders lining paths, hikers may step on them without noticing."
75,隆隆石,Graveler,岩石,地面,55,95,115,45,45,35,坚硬脑袋 / 沙之力 / 坚壁,我们滚吧 / 结实 / 坚硬岩石,19,38,0,0,"They descend from mountains by tumbling down steep slopes. They are so brutal, they smash aside obstructing trees and massive boulders with thunderous tackles."
76,隆隆岩,Golem,岩石,地面,90,135,130,55,65,45,坚硬脑袋 / 坚壁 / 松散岩石,我们滚吧 / 结实 / 矿化,20,40,0,0,"It is said to live in volcanic craters on mountain peaks. Once a year, it sheds its hide and grows larger. The shed hide crumbles and returns to the soil."
77,小火马,Ponyta,火,火,50,85,55,65,65,90,舍身 / 引火 / 前锋,火焰之躯 / 逃足 / 速度之力,16,24,0,0,A Ponyta is very weak at birth. It can barely stand up. Its legs become stronger as it stumbles and falls while trying to keep up with its parent.
78,烈焰马,Rapidash,火,火,85,110,70,75,80,120,舍身 / 前锋 / 致命精准,火焰之躯 / 引火 / 速度之力,21,32,0,0,"It usually canters casually in the fields and plains. But once a Rapidash turns serious, its fiery manes flare and blaze as it gallops its way up to 150 mph."
79,呆呆兽,Slowpoke,水,超能,90,65,65,65,40,15,再生力 / 水幕 / 湿气,迟钝 / 我行我素 / 纯朴,12,41,0,0,It catches prey by dipping its tail in water at the side of a river. But it often forgets what it is doing and spends entire days just loafing at water's edge.
80,呆壳兽,Slowbro,水,超能,95,75,110,100,80,30,再生力 / 纯朴 / 扭曲空间,迟钝 / 自然回复 / 硬壳盔甲,19,44,0,0,"Its tail has a Shellder firmly attached with a bite. As a result, the tail can't be used for fishing anymore. This forces it to reluctantly swim and catch prey."
81,小磁怪,Magnemite,电,钢,25,35,70,95,55,45,分析 / 金属防护 / 下载,过滤 / 结实 / 磁力,16,36,0,0,The units at its sides are extremely powerful magnets. They generate enough magnetism to draw in iron objects from over 300 feet away.
82,三合一磁怪,Magneton,电,钢,50,60,95,120,70,70,分析 / 金属防护 / 下载,过滤 / 多头龙 / 磁力,18,36,0,0,"It is actually three Magnemite linked by magnetism. It generates powerful radio waves that raise temperatures by 3.6 degrees F within a 3,300-foot radius."
83,大葱鸭,Farfetch'd,一般,飞行,52,90,55,58,62,100,超幸运 / 斗争精神 / 横扫利刃,巨钳 / 旷野探险家 / 锐利刀刃,28,32,0,0,"It is always seen with a stick from a plant. Apparently, there are good sticks and bad sticks. This Pokémon occasionally fights with others over choice sticks."
84,嘟嘟,Doduo,一般,飞行,65,85,45,35,35,85,速度之力 / 心情不定 / 健壮胸肌,多头龙 / 接地 / 自信过度,22,30,0,0,"Even while eating or sleeping, one of the heads remains always vigilant for any sign of danger. When threatened, it flees at over 60 miles per hour."
85,嘟嘟利,Dodrio,一般,飞行,90,110,70,60,60,120,干劲 / 心情不定 / 健壮胸肌,多头龙 / 接地 / 自信过度,28,32,0,0,A peculiar Pokémon species with three heads. It vigorously races across grassy plains even in arid seasons with little rainfall.
86,小海狮,Seel,水,水,75,45,55,60,75,65,毛皮大衣 / 冰鳞粉 / 悠游自如,厚脂肪 / 水幕 / 迟钝,26,48,0,0,"Seel hunt for prey in frigid, ice-covered seas. When it needs to breathe, it punches a hole through the ice with the sharply protruding section of its head."
87,白海狮,Dewgong,水,冰,90,100,70,100,95,90,毛皮大衣 / 冰鳞粉 / 幽灵魂化,厚脂肪 / 水幕 / 北风,31,49,0,0,It loves to snooze on bitterly cold ice. The sight of this Pokémon sleeping on a glacier was mistakenly thought to be a mermaid by a mariner long ago.
88,臭泥,Grimer,毒,毒,90,90,50,40,50,25,剧毒之触 / 再生力 / 自给自足,液化 / 恶臭 / 黏着,25,39,0,0,"Born from polluted sludge in the sea, Grimer's favorite food is anything filthy. They feed on wastewater pumped out from factories."
89,臭臭泥,Muk,毒,毒,105,125,75,65,100,50,剧毒之触 / 再生力 / 自给自足,液化 / 腐蚀 / 黏着,25,41,0,0,"It prefers warm and humid habitats. In the summertime, the toxic substances in its body intensify, making Muk reek like putrid kitchen garbage."
90,大舌贝,Shellder,水,水,30,65,100,45,25,40,坚不可摧 / 水合 / 碎裂铠甲,硬壳盔甲 / 连续攻击 / 结实,12,31,0,0,"At night, it burrows a hole in the seafloor with its broad tongue to make a place to sleep. While asleep, it closes its shell, but leaves its tongue hanging out."
91,刺甲贝,Cloyster,水,冰,50,95,180,85,45,70,坚不可摧 / 水合 / 碎裂铠甲,硬壳盔甲 / 连续攻击 / 结实,15,37,0,0,"It swims in the sea by swallowing water, then jetting it out toward the rear. The Cloyster shoots spikes from its shell using the same system."
92,鬼斯,Gastly,幽灵,毒,30,35,30,100,35,80,催眠师 / 浅坟 / 惊吓,飘浮 / 作祟的魂魄 / 复仇,22,43,0,0,"When exposed to a strong wind, a Gastly's gaseous body quickly dwindles away. They cluster under the eaves of houses to escape the ravages of wind."
93,鬼斯通,Haunter,幽灵,毒,45,75,45,115,55,95,恶作剧之心 / 复仇 / 作祟的魂魄,飘浮 / 惊吓 / 浅坟,23,47,0,0,"If a Haunter beckons you while it is floating in darkness, don't approach it. This Pokémon will try to lick you with its tongue and steal your life away."
94,耿鬼,Gengar,幽灵,毒,65,65,60,130,75,110,复仇 / 惊吓 / 作祟的魂魄,飘浮 / 灵质 / 浅坟,30,49,0,0,"Deep in the night, your shadow cast by a streetlight may suddenly overtake you. It is actually a Gengar running past you, pretending to be your shadow."
95,大岩蛇,Onix,岩石,地面,65,70,160,30,55,70,坚硬脑袋 / 持久力 / 扬沙,结实 / 粗糙皮肤 / 坚硬岩石,22,40,0,0,"There is a magnet in its brain that prevents an Onix from losing direction while tunneling. As it grows older, its body becomes steadily rounder and smoother."
96,催眠貘,Drowzee,超能,超能,70,48,45,73,90,42,魔法镜 / 梦魇 / 精神制造者,催眠师 / 捕梦人 / 不眠,26,42,0,0,"If your nose becomes itchy while you are sleeping, it's a sure sign that a Drowzee is standing above your pillow and trying to eat your dream through your nostrils."
97,引梦貘人,Hypno,超能,超能,95,73,70,115,115,67,魔法镜 / 梦魇 / 精神制造者,催眠师 / 捕梦人 / 不眠,27,42,0,0,"The arcing movement and glitter of the pendulum in a Hypno's hand lull the foe into deep hypnosis. While searching for prey, it polishes the pendulum."
98,大钳蟹,Krabby,水,水,55,105,90,25,25,50,悠游自如 / 水合 / 技术高手,硬壳盔甲 / 巨钳 / 钳制,19,36,0,0,"Krabby live in holes dug into beaches. On sandy shores with little in the way of food, they can be seen squabbling with each other over territory."
99,巨钳蟹,Kingler,水,水,80,130,115,50,50,75,悠游自如 / 暴风雨 / 钳制,硬壳盔甲 / 巨钳 / 技术高手,20,38,0,0,"It waves its huge, oversized claw in the air to communicate with others. But since the claw is so heavy, this Pokémon quickly tires."
100,霹雳电球,Voltorb,电,电,40,30,50,55,55,100,隔音 / 下载 / 动量,引爆 / 短路 / 蓄电,20,28,0,0,"It bears an uncanny and unexplained resemblance to a Poké Ball. Because it explodes at the slightest shock, even veteran Trainers treat it with caution."
101,顽皮雷弹,Electrode,电,电,60,50,70,100,80,150,蓄电 / 下载 / 动量,引爆 / 电气制造者 / 隔音,21,34,0,0,"They appear in great numbers at electric power plants. Because they feed on electricity, they cause massive and chaotic blackouts in nearby cities."
102,蛋蛋,Exeggcute,草,超能,60,40,80,60,45,40,魔法镜 / 叶绿体 / 自然回复,太阳之力 / 叶绿素 / 多头龙,21,32,0,0,"It consists of six eggs that care for each other. The eggs attract each other and spin around. When cracks increasingly appear, it is close to evolution."
103,椰蛋树,Exeggutor,草,超能,95,95,85,125,75,55,魔法镜 / 反转 / 厚脂肪,收获 / 叶绿体 / 多头龙,29,37,0,0,"Originally from the tropics, Exeggutor's heads grow larger from exposure to strong sunlight. It is said that when the heads fall, they group to form an Exeggcute."
104,卡拉卡拉,Cubone,地面,地面,50,50,95,40,50,35,技术高手 / 持久力 / 大地束缚,骨区 / 战斗盔甲 / 坚硬脑袋,16,35,0,0,"It pines for the mother it will never see again. Seeing a likeness of its mother in the full moon, it cries. The stains on the skull it wears are from its tears."
105,嘎啦嘎啦,Marowak,地面,地面,75,80,110,50,80,60,技术高手 / 持久力 / 连续攻击,骨区 / 战斗盔甲 / 坚硬脑袋,23,42,0,0,A Marowak is the evolved form of a Cubone that has grown tough by overcoming the grief of losing its mother. Its tempered and hardened spirit is not easily broken.
106,飞腿郎,Hitmonlee,格斗,格斗,80,120,53,35,110,87,轻装 / 致命精准 / 狂暴突袭,柔软 / 舍身 / 前锋,21,35,0,0,"Its legs freely stretch and contract. Using these springlike limbs, it bowls over foes with devastating kicks. After battle, it rubs down its tired legs."
107,快拳郎,Hitmonchan,格斗,格斗,80,105,79,35,110,76,斗争精神 / 闪电拳手 / 狂暴拳手,精神力 / 致命精准 / 精密之拳,21,35,0,0,A Hitmonchan is said to possess the spirit of a boxer who aimed to become the world champion. Having an indomitable spirit means that it will never give up.
108,大舌头,Lickitung,一般,一般,90,65,75,70,75,30,单纯 / 再生力 / 纯朴,贪吃鬼 / 厚脂肪 / 我行我素,19,32,0,0,"Whenever it sees something unfamiliar, it always licks the object because it memorizes things by texture and taste. It is somewhat put off by sour things."
109,瓦斯弹,Koffing,毒,毒,40,65,95,70,45,35,毒吸收 / 化学变化气体 / 恶臭,飘浮 / 引爆 / 充气,20,23,0,0,"Getting up close to a Koffing will give you a chance to observe, through its thin skin, the toxic gases swirling inside. It blows up at the slightest stimulation."
110,双弹瓦斯,Weezing,毒,毒,85,90,120,95,70,60,受热激升 / 化学变化气体 / 恶臭,飘浮 / 多头龙 / 充气,24,34,0,0,"By diluting its toxic gases with a special process, the highest grade of perfume can be extracted. To Weezing, gases emanating from garbage are the ultimate feast."
111,独角犀牛,Rhyhorn,地面,岩石,80,85,95,30,30,65,避雷针 / 加速 / 强行,坚硬岩石 / 磐石意志 / 粗糙皮肤,18,33,0,0,"Once it starts running, it doesn't stop. Its tiny brain makes it so stupid that it can't remember why it started running in the first place."
112,钻角犀兽,Rhydon,地面,岩石,105,130,120,45,45,40,避雷针 / 硬化鞘 / 大地束缚,坚硬岩石 / 磐石意志 / 粗糙皮肤,21,46,0,0,"Its horn, which rotates like a drill, destroys tall buildings with one strike. It stands on its hind legs, and its brain is well developed."
113,吉利蛋,Chansey,一般,一般,250,5,5,35,105,50,治愈之心 / 超幸运 / 治愈之心,甜幕 / 天恩 / 自然回复,18,34,0,0,"Chansey lay nutritionally excellent eggs every day. The eggs are so delicious, they are eagerly devoured by even those people who have lost their appetite."
114,蔓藤怪,Tangela,草,草,65,55,115,100,40,60,叶绿素 / 战斗盔甲 / 叶子防守,再生力 / 海草 / 卷发,25,28,0,0,"Its vines snap off easily and painlessly if they are grabbed, allowing it to make a quick getaway. The lost vines are replaced by new growth the very next day."
115,袋兽,Kangaskhan,一般,一般,105,95,80,40,80,90,铁拳 / 技术高手 / 毅力,亲子爱 / 胆量 / 复仇者,19,32,0,0,"If you come across a young Kangaskhan playing by itself, never try to catch it. The baby's parent is sure to be in the area, and it will become violently enraged."
116,墨海马,Horsea,水,水,30,40,70,70,25,60,悠游自如 / 致命精准 / 尘云,毒刺 / 免疫 / 狙击手,16,36,0,0,"By cleverly flicking the fins on its back side to side, it moves in any direction while facing forward. It spits ink to escape if it senses danger."
117,海刺龙,Seadra,水,水,65,75,95,95,55,85,湿气 / 狙击手 / 自然回复,毒刺 / 亲子爱 / 毒吸收,20,36,0,0,The poisonous barbs all over its body are highly valued as ingredients for making traditional herbal medicine. It shows no mercy to anything approaching its nest.
118,角金鱼,Goldeen,水,水,45,82,60,35,50,83,悠游自如 / 水幕 / 硬化鞘,避雷针 / 多重鳞片 / 旷野探险家,13,35,0,0,"In the springtime, schools of Goldeen can be seen swimming up falls and rivers. It metes out staggering damage with its single horn."
119,金鱼王,Seaking,水,水,80,92,65,65,80,68,悠游自如 / 水幕 / 硬化鞘,避雷针 / 多重鳞片 / 旷野探险家,14,35,0,0,It punches holes in boulders on stream- beds. This is a clever innovation that prevents its eggs from being attacked or washed away by the current.
120,海星星,Staryu,水,水,30,45,55,70,55,85,悠游自如 / 脑核之力 / 引水,自然回复 / 再生力 / 神秘力量,18,39,0,0,It gathers with others in the night and makes its red core glow on and off with the twinkling stars. It can regenerate limbs if they are severed from its body.
121,宝石海星,Starmie,水,超能,60,75,85,105,85,115,悠游自如 / 暴风雨 / 引水,自然回复 / 胜利之星 / 神秘力量,27,41,0,0,People in ancient times imagined that Starmie were transformed from the reflections of stars that twinkled on gentle waves at night.
122,魔墙人偶,Mr. Mime,超能,妖精,40,45,65,120,120,90,过滤 / 后攻 / 除障,隔音 / 魔法镜 / 诡计师,28,49,0,0,"A Mr. Mime is a master of pantomime. It can convince others that something unseeable actually exists. Once believed, the imaginary object does become real."
123,飞天螳螂,Scyther,虫,飞行,70,110,80,55,80,105,完美主义者 / 技术高手 / 空气动力学,锐利刀刃 / 虫之预感 / 飞行皮肤,18,35,0,0,Its blindingly fast speed adds to the sharpness of its twin forearm scythes. The scythes can slice through thick logs in one wicked stroke.
124,迷唇姐,Jynx,冰,超能,65,50,35,115,95,95,超能之心 / 舞者 / 精神制造者,干燥皮肤 / 冰冻皮肤 / 扩音器,30,38,0,0,"A Jynx sashays rhythmically as if it were dancing. Its motions are so bouncingly alluring, people seeing it are compelled to shake their hips without noticing."
125,电击兽,Electabuzz,电,电,60,100,57,83,85,105,铁拳之力 / 短路 / 电气引擎,极度好战 / 干劲 / 静电,15,37,0,0,"When a storm approaches, it competes with others to scale heights that are likely to be stricken by lightning. Some towns use Electabuzz in place of lightning rods."
126,鸭嘴火兽,Magmar,火,火,65,95,57,100,85,93,火焰占卜 / 烈焰之魂 / 沐日,熔解 / 火焰之躯 / 引火,17,28,0,0,"In battle, it blows out intense flames from all over its body to intimidate its foe. These fiery bursts create heat waves that ignite grass and trees in the area."
127,凯罗斯,Pinsir,虫,虫,65,125,100,55,70,85,愤怒穴位 / 狂暴突袭 / 自信过度,虫之预感 / 巨钳 / 钳制,23,32,0,0,"Their pincers are strong enough to shatter thick logs. Because they dislike cold, Pinsir burrow and sleep under the ground on chilly nights."
128,肯泰罗,Tauros,一般,一般,95,120,95,40,70,110,狂暴突袭 / 坚硬脑袋 / 暴走,极度好战 / 愤怒穴位 / 胆量,21,35,0,0,"It is not satisfied unless it is rampaging at all times. If there is no opponent for Tauros to battle, it will charge at thick trees and knock them down to calm itself."
129,鲤鱼王,Magikarp,水,水,20,15,55,15,20,80,神奇鳞片 / 愧疚 / 胆小,多重鳞片 / 适应力 / 柔软,6,15,0,0,"Its swimming muscles are weak, so it is easily washed away by currents. In places where water pools, you can see many Magikarp deposited there by the flow."
130,暴鲤龙,Gyarados,水,飞行,95,125,79,60,100,81,自信过度 / 海洋守护者 / 暴走,威吓 / 龙化 / 压制,32,42,0,0,"It is an extremely vicious and violent Pokémon. When humans begin to fight, it will appear and burn everything to the ground with intensely hot flames."
131,拉普拉斯,Lapras,水,冰,130,85,80,95,95,60,适应力 / 降雪 / 永冻土,天恩 / 硬壳盔甲 / 自给自足,22,39,0,0,"People have driven Lapras almost to the point of extinction. In the evenings, it is said to sing plaintively as it seeks what few others of its kind still remain."
132,百变怪,Ditto,一般,一般,96,48,48,48,48,48,恶作剧之心 / 魔法防守 / 变身者,液化 / 懦夫 / 柔软,1,16,0,0,"A Ditto rearranges its cell structure to transform itself. However, if it tries to change based on its memory, it will get details wrong."
133,伊布,Eevee,一般,一般,55,55,50,45,65,55,恶作剧之心 / 适应力 / 纯朴,毛茸茸 / 迷人之躯 / 变幻自如,10,26,0,0,An Eevee has an unstable genetic makeup that suddenly mutates due to its environment. Radiation from various Stones causes this Pokémon to evolve.
134,水伊布,Vaporeon,水,水,130,65,60,110,95,65,雨盘 / 再生力 / 降雨,水幕 / 储水 / 湿润之躯,15,36,0,0,Vaporeon underwent a spontaneous mutation and grew fins and gills that allow them to live underwater. They have the ability to freely control water.
135,雷伊布,Jolteon,电,电,65,65,60,110,95,130,加速 / 电爆 / 电气制造者,短路 / 避雷针 / 发光,17,38,0,0,Its cells generate weak power that is amplified by its fur's static electricity to drop thunderbolts. The bristling fur is made of electrically charged needles.
136,火伊布,Flareon,火,火,95,130,60,65,65,110,舍身 / 飞毛腿 / 烈焰之魂,引火 / 毅力 / 毛茸茸,18,36,0,0,"Flareon's fluffy fur releases heat into the air so that its body does not get excessively hot. Its body temperature can rise to a maximum of 1,650 degrees F."
137,多边兽,Porygon,一般,一般,65,60,70,85,75,40,自我修复 / 复制 / 扭曲空间,飘浮 / 分析 / 下载,24,37,0,0,It is capable of reverting itself entirely back to program data in order to enter cyberspace. A Porygon is copy- protected so it cannot be duplicated.
138,菊石兽,Omanyte,岩石,水,35,40,100,90,55,35,碎裂铠甲 / 悠游自如 / 神秘力量,化石 / 硬壳盔甲 / 加速,15,44,0,0,"One of the ancient and long-since-extinct Pokémon that have been regenerated from fossils by humans. If attacked, it withdraws into its hard shell."
139,多刺菊石兽,Omastar,岩石,水,70,60,125,115,70,55,碎裂铠甲 / 悠游自如 / 遇水凝固,化石 / 硬壳盔甲 / 加速,16,45,0,0,"An Omastar uses its tentacles to capture its prey. It is believed to have become extinct because its shell grew too large, making its movements slow and ponderous."
140,化石盔,Kabuto,岩石,水,30,80,90,55,45,55,悠游自如 / 松散岩石 / 适应力,化石 / 战斗盔甲 / 埋伏,16,36,0,0,"It is a Pokémon that has been regenerated from a fossil. However, in rare cases, living examples have been discovered. Kabuto have not changed for 300 million years."
141,镰刀盔,Kabutops,岩石,水,60,115,105,65,70,80,悠游自如 / 巨钳 / 完美主义者,化石 / 战斗盔甲 / 双持,21,36,0,0,Kabutops once swam underwater to hunt for prey. It was apparently evolving from being a water dweller to living on land as evident from changes in its gills and legs.
142,化石翼龙,Aerodactyl,岩石,飞行,80,105,65,60,75,130,速度之力 / 掠食者 / 致命精准,化石 / 坚硬脑袋 / 压迫感,21,37,0,0,Aerodactyl is a Pokémon from the age of dinosaurs. It was regenerated from DNA extracted from amber. It is imagined to have been the king of the skies.
143,卡比兽,Snorlax,一般,一般,160,110,65,65,110,30,我们滚吧 / 迟钝 / 绝对睡眠,自给自足 / 厚脂肪 / 贪吃鬼,31,40,0,0,Snorlax's typical day consists of nothing more than eating and sleeping. It is such a docile Pokémon that there are children who use its big belly as a place to play.
144,急冻鸟,Articuno,冰,飞行,90,85,100,95,125,85,北风 / 降雪 / 冰鳞粉,南极鸟 / 华贵之鸟 / 永冻土,19,46,0,0,"Articuno is a legendary bird Pokémon that can control ice. The flapping of its wings chills the air. As a result, it is said that when this Pokémon flies, snow will fall."
145,闪电鸟,Zapdos,电,飞行,90,90,85,125,90,100,暴风雨 / 疾风之翼 / 降雨,蓄电 / 过载 / 静电,17,37,0,0,Zapdos is a legendary bird Pokémon that has the ability to control electricity. It usually lives in thunderclouds. It gains power if it is stricken by lightning bolts.
146,火焰鸟,Moltres,火,飞行,90,100,90,125,85,90,吹气筒 / 烈焰之魂 / 干旱,引火 / 熔解 / 火焰占卜,21,40,0,0,"Moltres is a legendary bird Pokémon that can control fire. If injured, it is said to dip its body in the molten magma of a volcano to burn and heal itself."
147,迷你龙,Dratini,龙,龙,41,64,45,50,50,50,再生力 / 能量点 / 湿润之躯,多重鳞片 / 神奇鳞片 / 蜕皮,19,37,0,0,A Dratini continually molts and sloughs off its old skin. It does so because the life energy within its body steadily builds to reach uncontrollable levels.
148,哈克龙,Dragonair,龙,龙,61,84,65,70,70,70,再生力 / 魔法防守 / 天气控制,多重鳞片 / 神奇鳞片 / 蜕皮,19,37,0,0,A Dragonair stores an enormous amount of energy inside its body. It is said to alter the weather around it by loosing energy from the crystals on its neck and tail.
149,快龙,Dragonite,龙,飞行,91,134,95,100,100,80,龙颚 / 暴走 / 棱镜鳞片,多重鳞片 / 压制 / 飞行皮肤,22,49,0,0,It can circle the globe in just 16 hours. It is a kindhearted Pokémon that leads lost and foundering ships in a storm to the safety of land.
150,超梦,Mewtwo,超能,超能,106,110,90,154,90,130,神秘力量 / 精神制造者 / 狂暴DNA,超能之心 / 压迫感 / 致命精准,39,65,0,0,"A Pokémon that was created by genetic manipulation. However, even though the scientific power of humans made its body, they failed to give it a warm heart."
151,梦幻,Mew,超能,超能,100,100,100,100,100,100,魔法防守 / 神秘力量 / 变身者,超能之心 / 纯朴 / 恶作剧之心,100,219,0,0,"A Mew is said to possess the genes of all Pokémon. It is capable of making itself invisible at will, so it entirely avoids notice even if it approaches people."
152,菊草叶,Chikorita,草,草,47,49,65,49,65,45,再生力 / 妖精皮肤 / 青草制造者,茂盛 / 草之皮毛 / 自然回复,16,35,0,0,"It waves its leaf around to keep foes at bay. However, a sweet fragrance also wafts from the leaf, creating a friendly atmosphere that becalms the battlers."
153,月桂叶,Bayleef,草,草,70,62,80,68,80,60,再生力 / 妖精皮肤 / 青草制造者,茂盛 / 草之皮毛 / 自然回复,21,42,0,0,A Bayleef's neck is ringed by curled-up leaves. Inside each leaf is a small tree shoot. The fragrance of this shoot makes people peppy.
154,大竺葵,Meganium,草,妖精,80,82,100,93,100,80,再生力 / 治愈之心 / 青草制造者,茂盛 / 太阳的恩赐 / 芳香幕,25,49,0,0,"The fragrance of a Meganium's flower soothes and calms emotions. In battle, it gives off more of its becalming scent to blunt the foe's fighting spirit."
155,火球鼠,Cyndaquil,火,火,44,48,43,65,50,70,火焰之躯 / 怒火冲天 / 火焰占卜,猛火 / 我们滚吧 / 懦夫,20,25,0,0,"It flares flames from its back to protect itself. The fire burns vigorously if the Pokémon is angry. When it is tired, it sputters with incomplete combustion."
156,火岩鼠,Quilava,火,地面,63,64,58,85,65,85,大地束缚 / 挖沙 / 火焰占卜,猛火 / 怒火冲天 / 引火,22,26,0,0,It intimidates foes with intense gusts of flames and superheated air. Its quick nimbleness lets it dodge attacks even while scorching an enemy.
157,火暴兽,Typhlosion,火,地面,78,84,78,110,85,100,大地束缚 / 挖沙 / 火焰占卜,猛火 / 怒火冲天 / 烈焰之魂,27,37,0,0,It can hide behind a shimmering heat haze that it creates using its intense flames. Typhlosion create blazing explosive blasts that burn everything to cinders.
158,小锯鳄,Totodile,水,水,50,65,64,44,48,49,威吓 / 掠食者 / 狂暴突袭,激流 / 强壮之颚 / 粗糙皮肤,18,32,0,0,"Despite its small body, Totodile's jaws are very powerful. While it may think it is just playfully nipping, its bite has enough strength to cause serious injury."
159,蓝鳄,Croconaw,水,水,70,80,80,59,63,68,威吓 / 掠食者 / 狂暴突袭,激流 / 强壮之颚 / 粗糙皮肤,19,35,0,0,"Once its jaws clamp down on its foe, it will absolutely not let go. Because the tips of its fangs are forked back like fishhooks, they become irremovably embedded."
160,大力鳄,Feraligatr,水,水,85,125,100,49,88,88,威吓 / 掠食者 / 狂暴突袭,激流 / 强壮之颚 / 粗糙皮肤,25,38,0,0,"It opens its huge mouth to intimidate enemies. In battle, it runs using its thick and powerful hind legs to charge the foe with incredible speed."
161,尾立,Sentret,一般,一般,35,56,34,35,60,70,逃足 / 食草 / 飞毛腿,察觉 / 旷野探险家 / 毛皮大衣,13,26,0,0,"They take turns standing guard when it is time to sleep. The sentry awakens the others if it senses danger. If one becomes separated, it turns sleepless with fear."
162,大尾立,Furret,一般,一般,85,86,64,40,70,115,动量 / 一般皮肤 / 适应力,胆量 / 旷野探险家 / 毛皮大衣,16,34,0,0,"A Furret has a very slim build. When under attack, it can squirm through narrow spaces and get away. In spite of its short limbs, it is very nimble and fleet."
163,咕咕,Hoothoot,超能,飞行,60,30,30,36,56,50,有色眼镜 / 幽灵魂 / 不眠,鸟群 / 夜行 / 察觉,15,37,0,0,"It has an internal organ that senses the earth's rotation. Using this special organ, a Hoothoot begins hooting at precisely the same time every day."
164,猫头夜鹰,Noctowl,超能,飞行,100,50,50,86,96,70,有色眼镜 / 幽灵魂 / 吹气筒,不眠 / 夜行 / 华贵之鸟,19,42,0,0,"It unfailingly catches prey in darkness. Noctowl owe their success to superior vision that allows them to see in minimal light, and to their supple and silent wings."
165,芭瓢虫,Ledyba,虫,飞行,40,50,30,20,80,65,逃足 / 胆小 / 防尘,授粉 / 虫之预感 / 硬壳盔甲,14,31,0,0,Ledyba communicate using a fluid that they secrete from where the legs join the body. They are said to convey feelings to others by altering the fluid's scent.
166,安瓢虫,Ledian,虫,格斗,55,95,70,55,110,105,正义之心 / 综合格斗 / 空气动力学,狂暴拳手 / 铁拳 / 飞行皮肤,18,42,0,0,"It is said that in lands with clean air, where the stars fill the sky, there live many Ledian. For good reason, they use the light of the stars as energy."
167,圆丝蛛,Spinarak,虫,毒,40,60,50,40,50,45,蜘蛛巢 / 恶作剧之心 / 无防守,剧毒之触 / 不仁不义 / 穿透,20,32,0,0,The web it spins can be considered its second nervous system. It is said that a Spinarak determines its prey by the tiny vibrations it feels through the web.
168,阿利多斯,Ariados,虫,毒,70,90,70,60,70,40,蜘蛛巢 / 狙击手 / 弱点利用,剧毒之触 / 不仁不义 / 机会主义者,20,32,0,0,Its feet are tipped with tiny hooked claws that enable it to scuttle on ceilings and vertical walls. It constricts its foe with thin and strong silk webbing.
169,叉字蝠,Crobat,毒,飞行,85,90,80,80,80,130,登山者 / 动量 / 有色眼镜,惊吓 / 夜行 / 穿透,27,45,0,0,"Over the course of evolution, its hind legs turned into wings. By alternately resting its front and rear wings, it can fly all day without having to stop."
170,灯笼鱼,Chinchou,水,电,75,38,38,66,66,67,悠游自如 / 棱镜装甲 / 短路,发光 / 储水 / 蓄电,11,37,0,0,"When it senses danger, it discharges positive and negative electricity from its two antennae. It lives in depths beyond sunlight's reach."
171,电灯怪,Lanturn,水,电,125,58,58,86,86,67,悠游自如 / 棱镜装甲 / 降雨,发光 / 储水 / 蓄电,13,41,0,0,The light-emitting orbs on its back are very bright. They are formed from a part of its dorsal fin. This Pokémon illuminates the inky darkness of deep seas.
172,皮丘,Pichu,电,电,20,40,15,35,35,60,电细胞 / 静电 / 电爆,短路 / 正电 / 大地冲击,23,37,0,0,"It is still inept at retaining electricity. When it is startled, it discharges power accidentally. It gets better at holding power as it grows older."
173,皮宝宝,Cleffa,妖精,妖精,50,25,28,45,55,15,妖精气场 / 纯朴 / 魔法防守,奇迹皮肤 / 防尘 / 月之魂,30,43,0,0,"On nights with many shooting stars, Cleffa can be seen dancing in a ring. They dance until daybreak, when they quench their thirst with the morning dew."
174,宝宝丁,Igglybuff,一般,妖精,90,30,15,48,20,15,摇篮曲 / 好胜 / 魔法防守,迷人之躯 / 充气 / 我们滚吧,26,39,0,0,"Its soft and pliable body is very bouncy. When it sings continuously with all its might, its body steadily turns a deepening pink color."
175,波克比,Togepi,妖精,妖精,35,20,65,40,65,20,恶作剧之心 / 活力 / 迷人之躯,超幸运 / 硬壳盔甲 / 天恩,17,31,0,0,"As its energy, it uses the feelings of compassion and pleasure exuded by people and Pokémon. It stores up happy feelings in its shell, then shares them out."
176,波克基古,Togetic,妖精,飞行,70,40,85,65,105,40,甜幕 / 再生力 / 天恩,鳞粉 / 自给自足 / 空气动力学,22,37,0,0,"It is said to be a Pokémon that brings good fortune. When it spots someone who is pure of heart, a Togetic appears and shares its happiness with that person."
177,天然雀,Natu,超能,飞行,40,50,45,90,45,80,捕梦人 / 魔法防守 / 反转,锐利目光 / 预知梦 / 魔法镜,22,53,0,0,It runs up short trees that grow on the savanna to peck at new shoots. A Natu's eyes look as if they are always observing something.
178,天然鸟,Xatu,超能,飞行,82,80,80,115,80,106,紧张感 / 捕梦人 / 反转,锐利目光 / 预知梦 / 魔法镜,26,54,0,0,It has the enigmatic power of foreseeing the future. Some people in different lands have long believed that Xatu are emissaries from another world.
179,咩利羊,Mareep,电,电,70,40,40,65,45,35,短路 / 棱镜装甲 / 避雷针,静电 / 毛茸茸 / 棉絮,16,32,0,0,"Its fluffy wool rubs together and builds a static charge. The more energy is charged, the more brightly the lightbulb at the tip of its tail glows."
180,茸茸羊,Flaaffy,电,电,85,55,55,80,60,45,短路 / 棱镜装甲 / 避雷针,静电 / 毛茸茸 / 棉絮,16,37,0,0,"Its fleece quality changes to generate strong static electricity with a small amount of wool. The bare, slick parts of its hide are shielded against electricity."
181,电龙,Ampharos,电,电,110,75,85,115,90,55,静电 / 避雷针 / 电气制造者,棱镜装甲 / 短路 / 大地冲击,20,43,0,0,It gives off so much light that it can be seen even from space. People in the old days used its light to send signals back and forth with others far away.
182,美丽花,Bellossom,草,草,80,60,110,100,80,100,能量之触 / 沐日 / 太阳崇拜,花幕 / 毒吸收 / 治愈之心,26,46,0,0,"Its flower petals deepen in color through exposure to sunlight. When cloudy weather persists, it does a dance that is thought to be a ritual for summoning the sun."
183,玛力露,Marill,水,妖精,70,35,60,70,60,40,食草 / 水幕 / 湿气,厚脂肪 / 大力士 / 湿润之躯,16,39,0,0,"Its body is covered with water-repellent fur. Because of the fur, it can swim through water at high speed without being slowed by the water's resistance."
184,玛力露丽,Azumarill,水,妖精,100,65,90,110,90,60,食草 / 薄雾制造者 / 雨盘,厚脂肪 / 大力士 / 水幕,17,41,0,0,It lives in water virtually all day long. Its body color and pattern act as camouflage that makes it tough for enemies to spot in water.
185,树才怪,Sudowoodo,岩石,岩石,70,100,115,30,65,30,主宰 / 坚硬脑袋 / 遇水凝固,原木 / 结实 / 伐木工,27,30,0,0,"It mimics a tree to avoid being attacked by enemies. But since its forelegs remain green throughout the year, it is easily identified as a fake in the winter."
186,蚊香蛙皇,Politoed,水,水,110,75,80,100,100,70,引水 / 纯朴 / 水合,湿气 / 湿润之躯 / 降雨,25,43,0,0,"The curled hair on its head proves its status as a king. It is said that the longer and curlier the hair, the more respect it earns from its peers."
187,毽子草,Hoppip,草,飞行,35,45,40,45,55,70,叶子防守 / 穿透 / 愧疚,叶绿体 / 空气动力学 / 乘风,21,43,0,0,"This Pokémon drifts and floats with the wind. If it senses the approach of strong winds, a Hoppip links leaves with others to prepare against being blown away."
188,毽子花,Skiploom,草,飞行,55,55,50,55,65,100,叶子防守 / 穿透 / 舒缓香气,叶绿体 / 空气动力学 / 乘风,21,43,0,0,"It blossoms when the temperature rises above 64 degrees F. Because its flower's blooming changes with the temperature, it is sometimes used as a thermometer."
189,毽子棉,Jumpluff,草,飞行,75,85,70,85,90,130,友情防守 / 乘风 / 无关天气,毛茸茸 / 空气动力学 / 棉絮,27,46,0,0,Jumpluff ride warm southern winds to cross the sea and fly to foreign lands. This Pokémon lands when it encounters cold air while it is floating.
190,长尾怪手,Aipom,一般,一般,55,70,55,40,55,90,超幸运 / 恶作剧之心 / 心情不定,捡拾 / 技术高手 / 连续攻击,21,27,0,0,"Its tail ends with a dexterous, handlike appendage. However, because it uses the tail so much, Aipom's real hands have become rather clumsy."
191,向日种子,Sunkern,草,草,55,55,55,55,55,30,防尘 / 青草制造者 / 草之皮毛,愧疚 / 懦夫 / 危险预知,17,25,0,0,"Sunkern try to minimize movement to conserve the nutrients they have stored in their bodies for evolution. They will not eat, subsisting only on morning dew."
192,向日花怪,Sunflora,草,火,95,75,55,105,85,55,花幕 / 青草制造者 / 叶绿素,干旱 / 太阳之力 / 草之皮毛,24,33,0,0,Sunflora convert solar energy into nutrition. They are highly active in the warm daytime but suddenly stop moving as soon as the sun sets.
193,蜻蜻蜓,Yanma,虫,飞行,65,65,45,75,45,95,空气动力学 / 穿透 / 有色眼镜,加速 / 复眼 / 虫之预感,17,26,0,0,It can see 360 degrees without moving its eyes. It is a great flier capable of making sudden stops and turning midair to quickly chase down targeted prey.
194,乌波,Wooper,水,地面,60,60,60,60,60,15,纯朴 / 奇迹皮肤 / 湿气,迟钝 / 储水 / 迷人之躯,19,39,0,0,"Wooper usually live in water but come out onto land seeking food occasionally. On land, they coat their bodies with a gooey, toxic film."
195,沼王,Quagsire,水,地面,95,95,95,95,95,35,纯朴 / 奇迹皮肤 / 湿气,迟钝 / 储水 / 水幕,20,41,0,0,"A Quagsire hunts by leaving its mouth wide open in water and waiting for its prey to blunder in. Because it doesn't move, it does not get very hungry."
196,太阳伊布,Espeon,超能,超能,65,65,60,130,95,110,魂心 / 贤者之力 / 精神制造者,魔法镜 / 复仇者 / 超能之心,17,44,0,0,An Espeon is extremely loyal to any Trainer it considers to be worthy. It is said to have developed precognitive powers to protect its Trainer from harm.
197,月亮伊布,Umbreon,恶,恶,95,65,110,60,130,65,剧毒之触 / 掠食者 / 夜行,自给自足 / 厄运 / 奇迹皮肤,18,42,0,0,Umbreon evolved from exposure to the moon's energy pulses. It lurks in darkness and waits for its foes to move. The rings on its body glow when it leaps to attack.
198,黑暗鸦,Murkrow,恶,飞行,60,85,52,85,52,101,心情不定 / 厄运 / 恶作剧之心,锐利目光 / 夜行 / 超幸运,22,44,0,0,Murkrow were feared as the alleged bearers of ill fortune. It shows strong interest in anything that sparkles. It will even try to steal rings from women.
199,呆呆王,Slowking,水,超能,95,75,80,100,110,30,再生力 / 纯朴 / 扭曲空间,迟钝 / 分析 / 硬壳盔甲,21,45,0,0,"It undertakes research every day to solve the mysteries of the world. However, it apparently forgets everything if the Shellder on its head comes off."
200,梦妖,Misdreavus,幽灵,幽灵,60,60,60,85,85,85,诡计师 / 恶作剧之心 / 惊喜！,飘浮 / 影子游戏 / 灭亡之躯,20,40,0,0,"A Misdreavus frightens people with a creepy, sobbing cry. It apparently uses its red spheres to absorb the fear of foes as its nutrition."
201,未知图腾,Unown,超能,超能,58,72,48,72,48,48,逃足 / 神秘力量 / 魔法防守,天启 / 飘浮 / 再生力,6,21,0,0,"This Pokémon is shaped like ancient text characters. Although research is ongoing, it is a mystery as to which came first, the ancient writings or the various Unown."
202,果然翁,Wobbuffet,超能,超能,190,33,58,33,58,33,魔法防守 / 灵魂链接 / 懦夫,黏着 / 甩不掉的 / 影子游戏,8,13,0,0,"Usually docile, a Wobbuffet strikes back ferociously if its black tail is attacked. It makes its lair in caves where it waits for nightfall."
203,麒麟奇,Girafarig,一般,超能,70,80,65,90,65,85,强壮之颚 / 傲慢 / 惊吓,多头龙 / 夜行 / 食草,17,34,0,0,"A Girafarig is an herbivore--it eats grass and tree shoots. While it is eating, its tail makes chewing and swallowing motions as if it were also eating."
204,榛果球,Pineco,虫,虫,50,75,90,35,35,15,结实 / 后攻 / 松散尖刺,防尘 / 战斗盔甲 / 引爆,14,29,0,0,"A Pineco hangs from a tree branch and waits for prey. While eating, if it is disturbed by someone shaking its tree, it falls on the ground and suddenly explodes."
205,佛烈托斯,Forretress,虫,钢,75,100,140,60,80,20,引爆 / 坚壁 / 持久力,防尘 / 铅衣 / 耐热,18,35,0,0,"It keeps itself inside its steel shell. The shell is opened when it is catching prey, but it is so quick that the shell's inside cannot be seen."
206,土龙弟弟,Dunsparce,一般,一般,100,70,70,65,65,45,天恩 / 旷野探险家 / 纯朴,超幸运 / 逃足 / 懦夫,19,35,0,0,Its drill-tipped tail is used to burrow into the ground backwards. This Pokémon is known to make its nest in complex shapes deep under the ground.
207,天蝎,Gligar,地面,飞行,65,75,105,35,65,85,巨钳 / 沙隐 / 毒疗,钳制 / 粗糙皮肤 / 战斗盔甲,17,41,0,0,"It glides without making a single sound. It grasps the face of its foe using its hind and large front claws, then stabs with its poison barb."
208,大钢蛇,Steelix,钢,地面,75,105,200,55,75,20,余震 / 坚不可摧 / 盘卷,铅衣 / 自给自足 / 强壮之颚,29,45,0,0,"Steelix live even further underground than Onix. This Pokémon is known to dig toward the earth's core, reaching a depth of over six-tenths of a mile underground."
209,布鲁,Snubbull,妖精,地面,60,90,50,40,40,50,迷人之躯 / 懦夫 / 偏离,威吓 / 强壮之颚 / 机会主义者,24,33,0,0,"By baring its fangs and making a scary face, it sends smaller Pokémon scurrying in terror. The Snubbull does seem a little sad at making its foes flee."
210,布鲁皇,Granbull,妖精,地面,90,130,80,60,60,75,懦夫 / 飞毛腿 / 偏离,威吓 / 强壮之颚 / 毅力,27,33,0,0,"It has a particularly well-developed lower jaw. The huge fangs are heavy, causing it to tilt its head. Unless it is startled, it will not try to bite."
211,千针鱼,Qwilfish,水,毒,65,95,115,55,55,85,甩不掉的 / 醉人 / 威吓,松散尖刺 / 充气 / 毒刺,21,32,0,0,A Qwilfish uses the pressure of water it swallows to shoot toxic quills all at once from all over its body. It finds swimming to be somewhat challenging.
212,巨钳螳螂,Scizor,虫,钢,70,130,100,55,80,65,轻金属 / 钳制 / 威吓,授粉 / 巨钳 / 技术高手,19,39,0,0,A Scizor has a body with the hardness of steel. It is not easily fazed by ordinary sorts of attacks. It flaps its wings to regulate its body temperature.
213,壶壶,Shuckle,虫,岩石,50,10,230,10,230,5,懦夫 / 我们滚吧 / 唱反调,硬壳盔甲 / 迟钝 / 坚硬岩石,29,33,0,0,"A Shuckle hides under rocks, keeping its body concealed inside its shell while eating stored berries. The berries mix with its body fluids to become a juice."
214,赫拉克罗斯,Heracross,虫,格斗,80,125,75,40,95,85,连续攻击 / 狂暴突袭 / 自信过度,虫之预感 / 战斗盔甲 / 毅力,22,34,0,0,"They gather in forests seeking the sweet sap of trees. It is completely clad in a steel-hard shell. It is proud of its horn, which it uses to fling foes."
215,狃拉,Sneasel,恶,冰,60,90,55,35,75,115,极度好战 / 顺手牵羊 / 廉价战术,冻结点 / 穿透 / 硬爪,19,32,0,0,A Sneasel scales trees by punching its hooked claws into the bark. It seeks out unguarded nests and steals eggs for food while the parents are away.
216,熊宝宝,Teddiursa,一般,一般,60,80,50,50,50,60,胆量 / 硬爪 / 捡拾,毅力 / 飞毛腿 / 毛皮大衣,17,27,0,0,It licks its palms that are sweetened by being soaked in honey. A Teddiursa makes its own honey by blending fruits and pollen collected by Beedrill.
217,圈圈熊,Ursaring,一般,一般,90,130,75,75,75,55,威吓 / 硬爪 / 掠食者,毅力 / 飞毛腿 / 毛皮大衣,17,27,0,0,"In forests, it is said that there are many streams and towering trees where an Ursaring gathers food. It walks through its forest collecting food every day."
218,熔岩虫,Slugma,火,火,40,40,40,70,40,20,单纯 / 熔岩铠甲 / 涡轮火焰,熔解 / 超热黏胶 / 猛火,15,25,0,0,"It is a species of Pokémon that lives in volcanic areas. If its body cools, its skin hardens and immobilizes it. To avoid that, it sleeps near magma."
219,熔岩蜗牛,Magcargo,火,岩石,60,50,120,90,80,30,单纯 / 登山者 / 硬壳盔甲,熔解 / 引火 / 熔岩铠甲,17,31,0,0,The shell on its back is made of hardened magma. Tens of thousands of years spent living in volcanic craters have turned Magcargo's bodies into magma.
220,小山猪,Swinub,冰,地面,50,50,40,30,30,50,迟钝 / 强行 / 雪隐,厚脂肪 / 拨雪 / 毛茸茸,16,31,0,0,It roots for food by rubbing its snout against the ground. Its favorite food is a mushroom that grows under dried grass. It occasionally roots out hot springs.
221,长毛猪,Piloswine,冰,地面,100,100,80,60,60,50,迟钝 / 登山者 / 冰露,厚脂肪 / 毛皮大衣 / 不断生长的牙齿,22,32,0,0,A Piloswine is covered by a thick coat of long hair for enduring freezing cold. It uses its tusks to dig up food that has been buried under ice.
222,太阳珊瑚,Corsola,水,岩石,85,55,95,85,95,35,结实 / 粗糙皮肤 / 松散尖刺,自然恢复 / 坚硬岩石 / 水幕,20,42,0,0,"Corsola live in warm southern seas. If the sea becomes polluted, the beautiful coral stalks become discolored and crumble away in tatters."
223,铁炮鱼,Remoraid,水,水,35,65,35,65,35,65,炮术 / 心情不定 / 活力,激流 / 悠游自如 / 狙击手,11,35,0,0,"A Remoraid uses its abdominal muscles to forcefully expel swallowed water, then shoot down flying prey. When evolution approaches, it travels down rivers."
224,章鱼桶,Octillery,水,水,75,65,95,125,95,55,埋伏 / 狙击手 / 超级发射器,速击 / 防波堤 / 掠食者,22,37,0,0,"It ensnares its foe with its suction- cupped tentacles before delivering the finishing blow. If the foe turns out to be too strong, it spews ink to escape."
225,信使鸟,Delibird,冰,飞行,45,55,45,65,45,75,适应力 / 恶作剧之心 / 拨雪,厚脂肪 / 魔法镜 / 飞行皮肤,19,36,0,0,It carries food bundled up in its tail. There was a famous explorer who managed to scale Mt. Everest thanks to a Delibird sharing its food.
226,巨翅飞鱼,Mantine,水,飞行,85,40,70,90,140,70,再生力 / 奇迹皮肤 / 降雨,雨盘 / 储水 / 水幕,19,43,0,0,"On sunny days, schools of Mantine can be seen elegantly leaping over the waves. It is not bothered by the Remoraid that hitches rides."
227,盔甲鸟,Skarmory,钢,飞行,75,80,140,40,70,90,镜甲 / 轻金属 / 能量点,削铁如泥 / 铅衣 / 战斗盔甲,13,40,0,0,A Pokémon that has a body and wings of steel. People in the past used feathers fallen from Skarmory to make swords and knives.
228,戴鲁比,Houndour,恶,火,45,70,30,80,50,75,火焰之躯 / 火焰占卜 / 惊吓,夜行 / 妖精猎人 / 昼夜平分,29,42,0,0,Houndour communicate with each other using a variety of cries to corner their prey. This Pokémon's remarkable teamwork is simply unparalleled.
229,黑鲁加,Houndoom,恶,火,75,110,50,110,80,105,强壮之颚 / 熔解 / 太阳之力,夜行 / 妖精猎人 / 昼夜平分,30,44,0,0,"In a Houndoom pack, the one with its horns raked sharply back serves a leadership role. They choose their leader by fighting among themselves."
230,刺龙王,Kingdra,水,龙,75,95,95,95,95,85,悠游自如 / 连续攻击 / 暴风雨,棱镜鳞片 / 超级发射器 / 多重鳞片,25,36,0,0,"It sleeps quietly, deep on the seafloor. When it comes up to the surface, it creates a huge whirlpool that can swallow even ships."
231,小小象,Phanpy,地面,地面,90,70,70,40,40,40,准备就绪 / 捡拾 / 持久力,我们滚吧 / 纯朴 / 战斗盔甲,26,28,0,0,"Phanpy's big ears serve as broad fans. When it becomes hot, it flaps the ears busily to cool down. Even the young are very strong."
232,顿甲,Donphan,地面,地面,90,130,130,60,60,50,加速 / 厚皮 / 持久力,我们滚吧 / 厚脂肪 / 战斗盔甲,29,34,0,0,A Donphan is so strong it can easily haul a dump truck. Its hide has toughened to a rock-hard state. An ordinary sort of attack won't even leave a scratch.
233,多边兽2型,Porygon2,一般,一般,85,80,90,105,95,60,察觉 / 复制 / 扭曲空间,飘浮 / 分析 / 自我修复,25,37,0,0,It was created by humans using the power of science. It has been given artificial intelligence that enables it to learn new gestures and emotions on its own.
234,惊角鹿,Stantler,一般,一般,73,95,62,85,65,85,威吓 / 催眠师 / 察觉,惊吓 / 狂暴突袭 / 规避,22,35,0,0,"Stantler's magnificent antlers were once traded at high prices as works of art. As a result, this Pokémon was hunted close to extinction."
235,图图犬,Smeargle,一般,一般,55,20,35,20,45,75,恶作剧之心 / 单纯 / 心情不定,我行我素 / 技术高手 / 连续攻击,65,220,0,0,"A Smeargle marks its territory using a fluid that leaks out from the tip of its tail. About 5,000 different marks left by this Pokémon have been found."
236,无畏小子,Tyrogue,格斗,格斗,55,55,35,35,55,55,不屈之心 / 技术高手 / 铁拳,毅力 / 干劲 / 飞毛腿,8,28,0,0,"Tyrogue become stressed out if they do not get to train every day. When raising this Pokémon, the Trainer must establish a regular training schedule."
237,战舞郎,Hitmontop,格斗,格斗,80,95,95,35,110,70,不屈之心 / 斗争精神 / 唱反调,技术高手 / 威吓 / 胆量,22,38,0,0,Its technique of kicking while spinning is a remarkable mix of both offense and defense. Hitmontop travel faster spinning than they do walking.
238,迷唇娃,Smoochum,冰,超能,45,30,15,85,65,65,迟钝 / 预知梦 / 湿润之躯,干燥皮肤 / 冰冻皮肤 / 超能之心,25,36,0,0,"It actively runs about, but also falls often. Whenever it falls, it will check its reflection on a lake's surface to make sure its face hasn't become dirty."
239,电击怪,Elekid,电,电,45,63,37,65,55,95,铁拳之力 / 短路 / 电气引擎,斗士 / 干劲 / 静电,14,36,0,0,"If it touches metal and discharges the electricity it has stored in its body, an Elekid begins swinging its arms in circles to recharge itself."
240,鸭嘴宝宝,Magby,火,火,45,75,37,70,55,83,火焰之躯 / 烈焰之魂 / 尘云,熔解 / 干劲 / 猛火,17,28,0,0,"If a Magby is spouting yellow flames from its mouth, it is in good health. When it is fatigued, black smoke will be mixed in with the flames."
241,大奶罐,Miltank,一般,一般,95,95,105,55,70,110,反刍 / 胆量 / 持久力,厚脂肪 / 我们滚吧 / 主宰,16,31,0,0,It gives over five gallons of milk daily. Its sweet milk is enjoyed by children and grown-ups alike. People who can't drink milk turn it into yogurt and eat it instead.
242,幸福蛋,Blissey,一般,一般,255,10,20,75,135,55,迷人之躯 / 超幸运 / 治愈之心,防尘 / 粉彩护幕 / 自给自足,25,35,0,0,"If it senses sadness with its fluffy fur, a Blissey will rush over to the sad person, however far away, to share an egg of happiness that brings a smile to any face."
243,雷公,Raikou,电,电,90,85,75,115,100,115,电晶体 / 大地冲击 / 降雨,过载 / 异兽提升 / 电气制造者,21,35,0,0,Raikou embodies the speed of lightning. Its roars send shock waves shuddering through the air and ground as if lightning bolts were crashing down.
244,炎帝,Entei,火,火,115,115,85,90,75,100,强壮之颚 / 烈焰之魂 / 干旱,火山之怒 / 异兽提升 / 熔解,24,35,0,0,Entei embodies the passion of magma. It is thought to have been born in the eruption of a volcano. It blasts fire that consumes all that it touches.
245,水君,Suicune,水,水,100,75,115,90,115,85,北风 / 棱镜鳞片 / 降雨,北极光 / 水幕 / 海洋守护者,19,46,0,0,Suicune embodies the compassion of a pure spring of water. It runs across the land with gliding elegance. It has the power to purify dirty water.
246,幼基拉斯,Larvitar,岩石,地面,50,64,50,45,50,41,毅力 / 沙之力 / 自信过度,坚硬岩石 / 登山者 / 粗糙皮肤,18,43,0,0,A Larvitar is born deep under the ground. It must eat its way through the soil above and reach the surface for it to see its parents' faces.
247,沙基拉斯,Pupitar,岩石,地面,70,84,70,65,70,51,蜕皮 / 沙隐 / 战斗盔甲,坚硬岩石 / 登山者 / 粗糙皮肤,18,43,0,0,A Pupitar creates a gas inside its body that it ejects under compression to propel itself like a jet. Its body can withstand a collision with solid steel.
248,班基拉斯,Tyranitar,岩石,恶,100,134,110,95,100,61,掠食者 / 自信过度 / 坚硬岩石,坚不可摧 / 主宰 / 扬沙,24,47,0,0,"A Tyranitar is so overwhelmingly powerful, it can bring down a whole mountain to make its nest. It roams in mountains seeking new opponents to fight."
249,洛奇亚,Lugia,水,超能,106,90,130,90,154,110,奇迹皮肤 / 天气控制 / 暴风雨,威严之翼 / 多重鳞片 / 波塞冬之域,26,53,0,0,"Lugia is so powerful even a light fluttering of its wings can blow apart houses. As a result, it chooses to live out of sight deep under the sea."
250,凤王,Ho-Oh,火,妖精,106,130,90,110,154,90,再生力 / 魔法防守 / 自给自足,威严之翼 / 华贵之鸟 / 棱镜鳞片,23,48,0,0,Its feathers--which glow in seven colors depending on the angle at which they are struck by light--are thought to bring joy. It is said to live at the foot of a rainbow.
251,时拉比,Celebi,草,妖精,100,100,100,100,100,100,自给自足 / 复仇者 / 草之皮毛,预知梦 / 自然恢复 / 青草制造者,27,48,0,0,"This Pokémon came from the future by crossing over time. It is thought that so long as Celebi appears, a bright and shining future awaits us."
252,木守宫,Treecko,草,草,40,65,45,45,55,70,共生 / 黏着 / 轻装,茂盛 / 精神力 / 察觉,16,30,0,0,It makes its nest in a giant tree in the forest. It ferociously guards against anything nearing its territory. It is said to be the protector of the forest's trees.
253,森林蜥蜴,Grovyle,草,草,50,85,60,65,65,95,锐利刀刃 / 轻装 / 机会主义者,茂盛 / 巨钳 / 速度之力,24,36,0,0,Leaves grow out of this Pokémon's body. They help obscure a Grovyle from the eyes of its enemies while it is in a thickly overgrown forest.
254,蜥蜴王,Sceptile,草,龙,70,105,70,85,85,120,变幻自如 / 轻装 / 凶手,茂盛 / 模糊 / 锐利刀刃,27,38,0,0,"In the jungle, its power is without equal. This Pokémon carefully grows trees and plants. It regulates its body temperature by basking in sunlight."
255,火稚鸡,Torchic,火,火,45,70,40,70,50,45,鸟群 / 空气动力学 / 加速,猛火 / 火焰之躯 / 复仇者,17,27,0,0,"If attacked, it strikes back by spitting balls of fire it forms in its stomach. A Torchic dislikes darkness because it can't see its surroundings."
256,力壮鸡,Combusken,火,格斗,65,85,60,85,60,65,铁拳 / 空气动力学 / 加速,猛火 / 火焰之躯 / 前锋,24,37,0,0,It lashes out with 10 kicks per second. Its strong fighting instinct compels it to keep up its offensive until the opponent gives up.
257,火焰鸡,Blaziken,火,格斗,85,120,70,110,70,80,综合格斗 / 空气动力学 / 加速,猛火 / 火焰之躯 / 前锋,28,40,0,0,"It learns martial arts that use punches and kicks. Every several years, its old feathers burn off, and new, supple feathers grow back in their place."
258,水跃鱼,Mudkip,水,水,55,75,50,50,50,40,悠游自如 / 多重鳞片 / 再生力,激流 / 旷野探险家 / 水幕,12,34,0,0,"On land, it can powerfully lift large boulders by planting its four feet and heaving. It sleeps by burying itself in soil at the water's edge."
259,沼跃鱼,Marshtomp,水,地面,80,90,70,60,70,50,悠游自如 / 旷野探险家 / 持久力,激流 / 干燥皮肤 / 战斗盔甲,16,39,0,0,"Its toughened hind legs enable it to stand upright. Because it weakens if its skin dries out, it replenishes fluids by playing in mud."
260,巨沼怪,Swampert,水,地面,100,110,100,65,100,60,悠游自如 / 旷野探险家 / 持久力,激流 / 干燥皮肤 / 再生力,23,42,0,0,"If it senses the approach of a storm and a tidal wave, it protects its seaside nest by piling up boulders. It swims as fast as a jet ski."
261,土狼犬,Poochyena,恶,恶,35,80,35,30,50,80,自信过度 / 威吓 / 强壮之颚,夜行 / 看门狗 / 蹲守,19,25,0,0,"It savagely threatens foes with bared fangs. It chases after fleeing targets tenaciously. It turns tail and runs, however, if the foe strikes back."
262,大狼犬,Mightyena,恶,恶,70,90,70,60,60,70,自信过度 / 威吓 / 强壮之颚,夜行 / 看门狗 / 蹲守,22,27,0,0,"In the wild, Mightyena live in a pack. They never defy their leader's orders. They defeat foes with perfectly coordinated teamwork."
263,蛇纹熊,Zigzagoon,一般,一般,38,60,41,30,41,70,动量 / 胆量 / 掠夺者,捡拾 / 速度之力 / 柔软,17,29,0,0,"Rubbing its nose against the ground, it always wanders about back and forth in search of something. It is distinguished by the zigzag footprints it leaves."
264,直冲熊,Linoone,一般,一般,78,100,61,50,61,110,规避 / 动量 / 贪吃鬼,旷野探险家 / 狂暴突袭 / 飞毛腿,19,31,0,0,"It is exceedingly fast if it only has to run in a straight line. When it spots pond- dwelling prey underwater, it quickly leaps in and catches it with its sharp claws."
265,刺尾虫,Wurmple,虫,虫,45,45,35,20,30,20,鳞粉 / 吸盘 / 毒刺,虫之预感 / 逃足 / 食草,2,14,0,0,"It sticks to tree branches and eats leaves. The thread it spits from its mouth, which becomes gooey when it touches air, slows the movement of its foes."
266,甲壳茧,Silcoon,虫,虫,50,35,55,25,25,15,食草 / 虫之预感 / 持久力,毒刺 / 战斗盔甲 / 蜕皮,3,15,0,0,It prepares for evolution using the energy it stored while it was a Wurmple. It keeps watch over the surroundings with its two eyes.
267,狩猎凤蝶,Beautifly,虫,妖精,65,50,60,95,95,85,鳞粉 / 巨翼 / 空气动力学,华贵之蛾 / 棱镜装甲 / 飘浮,20,36,0,0,Its colorfully patterned wings are its most prominent feature. It flies through flower-covered fields collecting pollen. It attacks ferociously when angered.
268,盾甲茧,Cascoon,虫,虫,50,35,25,25,55,15,食草 / 虫之预感 / 持久力,毒刺 / 战斗盔甲 / 蜕皮,4,15,0,0,"To avoid detection by its enemies, it hides motionlessly beneath large leaves and in the gaps of branches. It also attaches dead leaves to its body for camouflage."
269,毒粉蛾,Dustox,虫,毒,85,30,100,70,100,65,剧毒之触 / 生物膜 / 空气动力学,华贵之蛾 / 鳞粉 / 飘浮,20,38,0,0,It is a nocturnal Pokémon that flies from fields and mountains to the attraction of streetlights at night. It looses highly toxic powder from its wings.
270,莲叶童子,Lotad,水,草,40,30,30,50,50,40,悠游自如 / 叶绿素 / 我行我素,海草 / 雨盘 / 湿润之躯,14,35,0,0,This Pokémon lives in ponds with clean water. It is known to ferry small Pokémon across ponds by carrying them on the broad leaf on its head.
271,莲帽小童,Lombre,水,草,60,50,50,70,70,60,悠游自如 / 叶绿素 / 我行我素,海草 / 雨盘 / 湿润之躯,23,38,0,0,"In the evening, it takes great delight in popping out of rivers and startling people. It feeds on aquatic moss that grows on rocks in the riverbed."
272,乐天河童,Ludicolo,水,草,80,70,70,100,100,80,悠游自如 / 叶绿体 / 舞者,海草 / 雨盘 / 湿润之躯,32,39,0,0,"When it hears festive music, all the cells in its body become stimulated, and it begins moving in rhythm. It does not quail even when it faces a tough opponent."
273,橡实果,Seedot,草,草,40,50,50,40,30,30,引爆 / 惊吓 / 不服输,茂盛 / 叶绿素 / 防尘,14,27,0,0,"It hangs off branches and absorbs nutrients. When it finishes eating, its body becomes so heavy that it drops to the ground with a thump."
274,长鼻叶,Nuzleaf,草,恶,70,80,40,70,40,60,早足 / 自信过度 / 不服输,茂盛 / 草笛 / 夜行,26,41,0,0,A forest-dwelling Pokémon that is skilled at climbing trees. Its long and pointed nose is its weak point. It loses power if the nose is gripped.
275,狡猾天狗,Shiftry,草,恶,90,110,60,100,60,80,叶绿素 / 自信过度 / 飞行皮肤,茂盛 / 乘风 / 夜行,38,50,0,0,"It is said to arrive on chilly, wintry winds. Feared from long ago as the guardian of forests, this Pokémon lives in a deep forest where people do not venture."
276,傲骨燕,Taillow,一般,飞行,40,55,30,55,30,85,毅力 / 吹气筒 / 决心,鸟群 / 锐利目光 / 胆量,20,36,0,0,"Although it is small, it is very courageous. It will take on a larger Skarmory on an equal footing. However, its will weakens if it becomes hungry."
277,大王燕,Swellow,一般,飞行,60,85,60,85,50,125,毅力 / 吹气筒 / 决心,鸟群 / 锐利目光 / 胆量,22,38,0,0,A Swellow dives upon prey from far above. It never misses its targets. It takes to the skies in search of lands with a warm climate.
278,长翅鸥,Wingull,水,飞行,40,30,30,55,30,85,降雨 / 湿润之躯 / 空气动力学,锐利目光 / 雨盘 / 鸟群,11,38,0,0,"It makes its nest on a sheer cliff at the edge of the sea. It has trouble keeping its wings flapping in flight. Instead, it soars on updrafts."
279,大嘴鸥,Pelipper,水,飞行,60,50,100,95,70,65,降雨 / 寻回犬 / 吹气筒,锐利目光 / 雨盘 / 鸟群,15,40,0,0,"It skims the tops of waves as it flies. When it spots prey, it uses its large beak to scoop up the victim with water. It protects its eggs in its beak."
280,拉鲁拉丝,Ralts,超能,妖精,33,25,30,50,45,50,心灵感应 / 复制 / 天恩,危险预知 / 魔法防守 / 精神力,18,34,0,0,A Ralts has the power to sense the emotions of people and Pokémon with the horns on its head. It takes cover if it senses any hostility.
281,奇鲁莉安,Kirlia,超能,妖精,48,53,40,75,55,60,心灵感应 / 复制 / 天恩,危险预知 / 魔法防守 / 精神力,20,34,0,0,A Kirlia has the psychic power to create a rip in the dimensions and see into the future. It is said to dance with pleasure on sunny mornings.
282,沙奈朵,Gardevoir,超能,妖精,68,60,65,125,115,100,女王威严 / 魂心 / 精神制造者,天恩 / 魔法防守 / 捕梦人,32,39,0,0,It apparently does not feel the pull of gravity because it supports itself with psychic power. It will give its life to protect its Trainer.
283,溜溜糖球,Surskit,虫,水,40,30,42,50,52,65,悠游自如 / 芳香幕 / 雨盘,激流 / 紧张感 / 水泡,15,31,0,0,"They gather on puddles after evening downpours, gliding across the surface of water as if sliding. It secretes honey with a sweet aroma from its head."
284,雨翅蛾,Masquerain,虫,水,70,60,72,100,83,100,威吓 / 惊吓 / 紧张感,复眼 / 华贵之蛾 / 空中飞人,21,40,0,0,"It intimidates foes with the large eyelike patterns on its antennae. Because it can't fly if its wings get wet, it shelters itself from rain under large trees and eaves."
285,蘑蘑菇,Shroomish,草,草,60,40,60,40,60,35,毒疗 / 技术高手 / 干燥皮肤,孢子 / 中毒激升 / 飞毛腿,9,32,0,0,"It loves to eat damp, composted soil in forests. If you enter a forest after a long rain, you can see many Shroomish feasting on composted soil."
286,斗笠菇,Breloom,草,格斗,60,130,80,60,60,70,毒疗 / 精密之拳 / 远隔,孢子 / 中毒激升 / 技术高手,20,42,0,0,It scatters spores from holes in the cap on its head. It loves warm and humid climates. It feeds on trees and plants in fields and forests.
287,懒人獭,Slakoth,一般,一般,60,60,60,35,35,50,迟钝 / 胆量 / 心情不定,绝对睡眠 / 纯朴 / 硬爪,8,23,0,0,"It sleeps virtually all day and night long. It doesn't change its nest its entire life, but it sometimes travels great distances by swimming in rivers."
288,过动猿,Vigoroth,一般,一般,80,80,80,55,55,90,强行 / 自信过度 / 胆量,愤怒穴位 / 极度好战 / 干劲,20,28,0,0,"It can't keep still because its blood boils with energy. It runs through the fields and mountains all day to calm itself. If it doesn't, it can't sleep at night."
289,请假王,Slaking,一般,一般,130,160,110,75,75,100,后攻 / 绝对睡眠 / 一猩一意,懒惰 / 破格 / 纯朴,29,32,0,0,Hordes of Slaking gather around trees when fruits come into season. They wait around patiently for ripened fruits to fall out of the trees.
290,土居忍士,Nincada,虫,地面,31,55,90,30,30,50,危险预知 / 懦夫 / 干燥皮肤,蜕皮 / 硬壳盔甲 / 大地束缚,15,21,0,0,"It makes its nest at the roots of a mighty tree. Using its whiskerlike antennae, it probes its surroundings in the pitch-black darkness of soil."
291,铁面忍者,Ninjask,虫,飞行,61,100,45,50,50,160,空气动力学 / 速度之力 / 模糊,复眼 / 穿透 / 加速,26,34,0,0,"Because it darts about vigorously at high speed, it is very difficult to see. Hearing its distinctive cries for too long induces a headache."
292,脱壳忍者,Shedinja,虫,幽灵,1,90,45,90,30,80,防尘 / 压制 / 浅坟,神奇守护 / 作祟的魂魄 / 适应力,30,36,0,0,A peculiar Pokémon that floats in air even though its wings remain completely still. The inside of its body is hollow and utterly dark.
293,咕妞妞,Whismur,一般,一般,74,51,33,71,33,38,巨响 / 胆量 / 强行,隔音 / 好胜 / 扩音器,17,23,0,0,"Its cries equal a jet plane in volume. It inhales through its ear canals. Because of this system, it can cry continually without having to catch its breath."
294,吼爆弹,Loudred,一般,一般,94,71,53,91,53,58,巨响 / 胆量 / 强行,隔音 / 好胜 / 扩音器,17,24,0,0,It positions the round speakers on its head to assail foes with ultrasonic waves at massive volume. It builds power by stomping the ground.
295,爆音怪,Exploud,一般,一般,134,101,73,131,73,88,庞克摇滚 / 胆量 / 破格,柔软 / 巨响 / 扩音器,21,33,0,0,It has sound-generating organs all over its body. It communicates with others by adjusting the tone and volume of the cries it emits.
296,幕下力士,Makuhita,格斗,格斗,72,70,40,20,40,25,干劲 / 毅力 / 持久力,厚脂肪 / 铁拳 / 斗争心,23,33,0,0,"It loves to toughen up its body above all else. If you hear quaking rumbles in a cave, it is the sound of Makuhita undertaking strenuous training."
297,铁掌力士,Hariyama,格斗,格斗,144,130,70,40,70,50,毅力 / 柔软 / 盐圈,厚脂肪 / 坚毅 / 持久力,27,36,0,0,It has the habit of challenging others without hesitation to tests of strength. It's been known to stand on train tracks and stop trains using forearm thrusts.
298,露力丽,Azurill,水,妖精,50,20,40,20,40,20,友情防守 / 危险预知 / 食草,厚脂肪 / 水幕 / 逃足,14,34,0,0,"Its tail, which is packed with nutrition, is very bouncy like a rubber ball. On sunny days they gather at the edge of water and splash about for fun."
299,朝北鼻,Nosepass,岩石,岩石,30,45,135,65,90,30,能量点 / 磁力 / 后攻,结实 / 坚硬岩石 / 主宰,22,43,0,0,Its body emits a powerful magnetism. It feeds on prey that is pulled in by the force. Its magnetism is stronger in cold seasons.
300,向尾喵,Skitty,一般,一般,55,50,50,65,45,60,一般皮肤 / 友情防守 / 奇迹皮肤,迷人之躯 / 我行我素 / 夜行,24,31,0,0,"A Skitty's adorably cute behavior makes it highly popular. In battle, it makes its tail puff out. It threatens foes with a sharp growl."
301,优雅猫,Delcatty,一般,一般,65,110,65,110,55,115,漂亮公主 / 一般皮肤 / 速度之力,一本正经 / 棱镜装甲 / 夜行,25,33,0,0,"Rather than keeping a permanent lair, it habitually seeks comfortable spots and sleeps there. It is nocturnal and becomes active at dusk."
302,勾魂眼,Sableye,恶,幽灵,70,75,80,65,70,50,恶作剧之心 / 催眠师 / 后攻,分析 / 魔法防守 / 夜行,30,55,0,0,It digs branching holes in caves using its sharp claws in search of food--raw gems. A Sableye lurks in darkness and is seen only rarely.
303,大嘴娃,Mawile,钢,妖精,70,45,115,55,75,50,适应力 / 威吓 / 惊吓,多头龙 / 大力士 / 杀戮之颚,21,46,0,0,"Its giant jaws are actually steel horns that transformed. It fools foes into complacency with its adorable gestures, then chomps them with its huge jaws."
304,可可多拉,Aron,钢,岩石,50,70,100,40,40,30,废料场 / 坚硬脑袋 / 铁棘,结实 / 战斗盔甲 / 铅衣,24,44,0,0,"A Pokémon that is clad in steel armor. A new suit of armor is made when it evolves. The old, discarded armor is salvaged as metal for making iron products."
305,可多拉,Lairon,钢,岩石,60,90,140,50,50,40,结实 / 隔音 / 铁棘,铅衣 / 主宰 / 坚不可摧,24,45,0,0,"When two Lairon meet in the wild, they fight for territory by bashing into each other with their steel bodies. The sound of their collision carries for miles."
306,波士可多拉,Aggron,钢,岩石,70,110,180,60,60,50,主宰 / 耐热 / 铁棘,铅衣 / 过滤 / 坚不可摧,26,47,0,0,Its iron horns grow longer a little at a time. They are used to determine the Aggron's age. The gouges in its armor are worn with pride as mementos from battles.
307,玛沙那,Meditite,格斗,超能,30,75,55,40,55,60,干劲 / 轻装 / 散发,精神力 / 技术高手 / 前锋,21,33,0,0,"It continually meditates for hours every day. As a result of rigorous and dedicated yoga training, it has tempered its spiritual power so much it can fly."
308,恰雷姆,Medicham,格斗,超能,60,100,75,60,75,80,致命精准 / 轻装 / 散发,技术高手 / 格斗专家 / 柔软,25,36,0,0,"Through crushingly harsh yoga training, it gained the power to foretell its foe's actions. It battles with elegant, dance- like movement."
309,落雷兽,Electrike,电,电,40,70,40,80,40,65,发电机 / 发光 / 电气引擎,静电 / 避雷针 / 过载,20,39,0,0,"It generates electricity using friction from the atmosphere. In seasons with especially arid air, its entire body blazes with violent showers of sparks."
310,雷电兽,Manectric,电,电,70,110,60,125,60,105,发电机 / 发光 / 电爆,静电 / 避雷针 / 过载,21,41,0,0,"Because lightning falls in their vicinities, Manectric were thought to have been born from lightning. In battle, they create thunderclouds."
311,正电拍拍,Plusle,电,妖精,60,50,50,105,75,105,电晶体 / 避雷针 / 友情防守,正电 / 好胜 / 加速,26,37,0,0,"It has the trait of cheering on its fellow Pokémon. By shorting out the electricity it releases from its paws, it creates pom-poms for cheering."
312,负电拍拍,Minun,电,妖精,60,105,50,50,75,105,电晶体 / 避雷针 / 能量点,负电 / 不服输 / 加速,26,36,0,0,"At a meeting of Pokémon academics, it was announced that simultaneous exposure to electricity from a Plusle and Minun will promote circulation and boost vitality."
313,电萤虫,Volbeat,虫,电,78,90,85,47,85,115,授粉 / 有色眼镜 / 恶作剧之心,虫之预感 / 舍身 / 电细胞,23,31,0,0,"With their taillights lit, Volbeat fly in a swarm, drawing geometric designs in the night sky. They move their nests if their pond water becomes dirty."
314,甜甜萤,Illumise,虫,妖精,80,47,85,93,90,105,虫之预感 / 有色眼镜 / 友情防守,恶作剧之心 / 芳香幕 / 迷人之躯,16,33,0,0,A nocturnal Pokémon that becomes active upon nightfall. It leads a Volbeat swarm to draw patterns in the night sky. Over 200 different patterns have been confirmed.
315,毒蔷薇,Roselia,草,毒,50,90,45,90,45,80,茂盛 / 叶子防守 / 腐蚀,自然回复 / 不仁不义 / 毒刺,27,35,0,0,A Roselia that drinks nutritionally rich springwater blooms with lovely flowers. The fragrance of its flowers has the effect of making its foes careless.
316,溶食兽,Gulpin,毒,毒,70,53,63,53,63,40,污泥浆 / 捡拾 / 黏滑,黏着 / 液化 / 贪吃鬼,26,30,0,0,"This Pokémon's stomach fluid can even digest scrap iron. In one gulp, it can swallow something that is as large as itself."
317,吞食兽,Swalot,毒,毒,100,83,93,83,93,55,毒沼制造者 / 贪吃鬼 / 纯朴,黏着 / 液化 / 再生力,26,30,0,0,Its powerful stomach acid is capable of digesting almost anything. The one thing in the whole world a Swalot can't digest is its own stomach.
318,利牙鱼,Carvanha,水,恶,45,90,20,65,20,65,极度好战 / 悠游自如 / 加速,强壮之颚 / 粗糙皮肤 / 掠食者,13,33,0,0,"Carvanha attack ships in swarms, making them sink. Although it is said to be a very vicious Pokémon, it timidly flees as soon as it finds itself alone."
319,巨牙鲨,Sharpedo,水,恶,70,120,45,115,45,105,速度之力 / 栗子斧 / 加速,强壮之颚 / 极度好战 / 杀戮之颚,16,35,0,0,The vicious and sly gangster of the sea. Its skin is specially textured to minimize drag in water. Its speed tops out at over 75 miles per hour.
320,吼吼鲸,Wailmer,水,水,130,70,35,70,35,60,湿润之声 / 持久力 / 降雨,厚脂肪 / 水幕 / 我们滚吧,21,28,0,0,"While this Pokémon usually lives in the sea, it can survive on land, although not too long. It loses vitality if its body becomes dried out."
321,吼鲸王,Wailord,水,水,160,110,64,110,110,1,分析 / 持久力 / 降雨,湿润之声 / 压迫感 / 阿特拉斯,21,30,0,0,"It breathes through nostrils that it raises above the sea. By inhaling to its maximum capacity, a Wailord can dive close to 10,000 feet beneath the waves."
322,呆火驼,Numel,火,地面,80,60,50,65,55,35,持久力 / 纯朴 / 单纯,迟钝 / 熔岩铠甲 / 火焰之躯,22,31,0,0,A Numel stores boiling magma in the hump on its back. It is a hardy Pokémon that can transport a 220-pound load. It has served humans at work since long ago.
323,喷火驼,Camerupt,火,地面,90,100,80,105,85,40,持久力 / 临界点 / 强行,熔岩铠甲 / 坚硬岩石 / 厚脂肪,26,35,0,0,"A Pokémon that lives in the crater of a volcano. Every 10 years, the volcanoes on its back erupt violently. Research is under way on the cause of eruption."
324,煤炭龟,Torkoal,火,火,70,85,140,85,70,20,迟钝 / 坚不可摧 / 登山者,硬壳盔甲 / 白烟 / 干旱,24,30,0,0,"It battles using energy it gets from burning coal. When loosing smoke from its nostrils, it lets off a sound that is similar to a locomotive's horn."
325,跳跳猪,Spoink,超能,超能,60,25,35,75,80,80,超能之心 / 贪吃鬼 / 愧疚,厚脂肪 / 我行我素 / 魔法镜,23,36,0,0,A Pokémon that manipulates psychic power at will. It doesn't stop bouncing even when it is asleep. It loves eating mushrooms that grow underground.
326,噗噗猪,Grumpig,超能,超能,80,45,65,90,110,80,魔法之拳 / 贪吃鬼 / 我行我素,预知梦 / 厚脂肪 / 魔法镜,29,40,0,0,"It stores power in the black pearls on its forehead. When it uses psychic power, it performs an odd dance step. Its style of dancing became hugely popular overseas."
327,晃晃斑,Spinda,一般,一般,60,60,60,60,60,60,不服输 / 好胜 / 唱反调,纯朴 / 单纯 / 舞者,27,30,0,0,"It is distinguished by a pattern of spots that is always different. Its unsteady, tottering walk has the effect of fouling its foe's aim."
328,大颚蚁,Trapinch,地面,虫,45,100,45,45,45,10,强行 / 沙穴 / 钳制,巨钳 / 强壮之颚 / 埋伏,16,29,0,0,"Its big jaws crunch through boulders. Because its head is so big, it has a hard time getting back upright if it tips over onto its back."
329,超音波幼虫,Vibrava,地面,虫,50,70,50,70,50,70,扩音器 / 沙之力 / 扬沙,龙飞 / 有色眼镜 / 巨响,26,45,0,0,"It looses ultrasonic waves by rubbing its wings together. Since a Vibrava's wings are still in the process of growing, it can only fly short distances."
330,沙漠蜻蜓,Flygon,地面,虫,80,100,80,100,80,100,扩音器 / 扬沙 / 沙之守卫,龙飞 / 沙之歌 / 有色眼镜,28,49,0,0,"The flapping of its wings sounds like singing. To prevent detection by enemies, it hides itself by flapping up a cloud of desert sand."
331,刺球仙人掌,Cacnea,草,草,50,85,40,85,40,65,挖沙 / 沙之力 / 恶作剧之心,粗糙皮肤 / 夜行 / 储水,23,36,0,0,"Cacnea live in deserts with virtually no rainfall. It battles by swinging its thick, spiked arms. Once a year, a yellow flower blooms."
332,梦歌仙人掌,Cacturne,草,恶,70,115,60,115,60,85,挖沙 / 沙隐 / 惊吓,夜行 / 粗糙皮肤 / 噬魂,28,40,0,0,"After spending thousands of years in harsh deserts, its blood transformed into the same substances as sand. It is nocturnal, so it hunts at night."
333,青绵鸟,Swablu,一般,飞行,45,55,60,55,75,50,棉絮 / 天恩 / 友情防守,毛茸茸 / 迷人之躯 / 自然回复,19,32,0,0,"A Pokémon that has wings like cottony clouds. After enduring winter, in which little food is available, Swablu flocks move closer to towns in the spring."
334,七夕青鸟,Altaria,龙,飞行,75,90,90,70,105,80,棉絮 / 天恩 / 无关天气,自然回复 / 毛茸茸 / 美梦,27,40,0,0,It hums in a beautiful soprano voice. It flies among white clouds in the blue sky. It launches intensely hot fireballs from its mouth.
335,猫鼬斩,Zangoose,一般,一般,73,115,70,60,70,105,中毒激升 / 愤怒穴位 / 极度好战,硬爪 / 潜行 / 毒吸收,17,30,0,0,"When it battles, it stands on its hind legs and attacks with its sharply clawed forelegs. Its fur bristles if it encounters any Seviper."
336,饭匙蛇,Seviper,毒,恶,73,100,60,100,60,100,临界点 / 机会主义者 / 凶手,锐利刀刃 / 深割 / 极度好战,24,33,0,0,"Seviper and Zangoose are eternal rivals. It counters a Zangoose's dazzling agility with its swordlike tail, which also oozes a horrible poison."
337,月石,Lunatone,岩石,超能,90,55,65,125,115,70,惊吓 / 贤者之力 / 捕梦人,飘浮 / 结实 / 月食,26,41,0,0,It becomes very active on the night of a full moon. This Pokémon was first discovered 40 years ago at the site of a meteor strike.
338,太阳岩,Solrock,岩石,超能,90,125,115,55,65,70,胜利之星 / 干旱 / 太阳崇拜,飘浮 / 结实 / 太阳耀斑,24,42,0,0,"Solar energy is the source of this Pokémon's power. On sunny days, groups of Solrock line up facing the sun and absorb its light."
339,泥泥鳅,Barboach,水,地面,50,68,73,68,41,60,纯朴 / 储水 / 旷野探险家,电细胞 / 迟钝 / 食土,27,44,0,0,Its body is covered with a slimy film. The film acts as a barrier to prevent germs in muddy water from entering the Barboach's body.
340,鲶鱼王,Whiscash,水,地面,110,98,103,98,71,60,纯朴 / 储水 / 旷野探险家,电晶体 / 余震 / 食土,27,46,0,0,"Mysteriously, it can foretell earthquakes. In the daytime, it sleeps in mud at the bottom of a pond. When it awakens, it continually feeds throughout the night."
341,龙虾小兵,Corphish,水,水,43,80,65,50,35,35,悠游自如 / 自给自足 / 钳制,巨钳 / 硬壳盔甲 / 适应力,24,42,0,0,"Once it grips prey with its large pincers, it will never let go, no matter what. It is a hardy Pokémon that can thrive in any environment."
342,铁螯龙虾,Crawdaunt,水,恶,63,120,85,90,55,55,悠游自如 / 极度好战 / 适应力,巨钳 / 硬壳盔甲 / 钳制,25,44,0,0,A brutish Pokémon that loves to battle. A veteran Crawdaunt that has prevailed in hundreds of battles has giant pincers marked with countless scars.
343,天秤偶,Baltoy,地面,超能,50,40,55,60,70,55,古代偶像 / 心灵感应 / 扭曲空间,飘浮 / 神秘力量 / 沙之守卫,27,45,0,0,A Baltoy moves by spinning on its single foot. It has been depicted in murals adorning the walls of a once-bustling city in an ancient age.
344,念力土偶,Claydol,地面,超能,70,70,105,90,120,75,古代偶像 / 沙之守卫 / 扭曲空间,飘浮 / 神秘力量 / 坚壁,32,47,0,0,A Claydol sleeps while hovering in midair. Its arms are separate from its body. They are kept floating by the Pokémon's manipulation of psychic power.
345,触手百合,Lileep,岩石,草,76,41,77,71,87,23,战斗盔甲 / 再生力 / 引水,化石 / 水合 / 海草,23,32,0,0,It disguises itself as seaweed by making its tentacles sway. Unsuspecting prey that come too close are swallowed whole. It became extinct 100 million years ago.
346,摇篮百合,Cradily,岩石,草,96,81,97,91,107,43,吸收 / 再生力 / 引水,战斗盔甲 / 水合 / 海草,25,41,0,0,It drags its heavy body along the seafloor. It makes its nest in the shallows of warm seas. Cradily can be seen on beaches when the tide goes out.
347,太古羽虫,Anorith,岩石,虫,45,95,65,40,50,75,巨钳 / 锐利刀刃 / 连续攻击,化石 / 水合 / 战斗盔甲,16,35,0,0,It was resurrected from a fossil using the power of science. It swims by undulating the eight wings at its sides. They were feet that adapted to life in the sea.
348,太古盔甲,Armaldo,岩石,虫,75,125,120,70,80,45,战斗盔甲 / 锐利刀刃 / 坚不可摧,化石 / 水合 / 巨钳,21,38,0,0,"Armaldo usually lives on land. However, when it hunts for prey, it dives beneath the ocean. It swims around using its two large wings."
349,丑丑鱼,Feebas,水,水,20,15,20,15,55,80,悠游自如 / 迟钝 / 胆量,多重鳞片 / 神奇鳞片 / 逃足,6,14,0,0,"Feebas live in ponds that are heavily infested with weeds. Because of its hopelessly shabby appearance, it seems as if few Trainers raise it."
350,美纳斯,Milotic,水,妖精,95,60,79,100,125,81,海洋守护者 / 好胜 / 神奇鳞片,棱镜鳞片 / 适应力 / 自给自足,21,40,0,0,"It is said to live at the bottom of large lakes. Considered to be the most beautiful of all Pokémon, it has been depicted in paintings and statues."
351,飘浮泡泡,Castform,一般,一般,75,75,75,105,75,110,愧疚 / 危险预知 / 压迫感,天气预报 / 天气控制 / 空中飞人,11,51,0,0,It alters its form depending on the weather. Changes in the climate such as the temperature and humidity appear to affect its cellular structure.
352,变隐龙,Kecleon,一般,一般,60,90,70,60,120,40,受迫 / 接球手 / 笨拙,变色 / 变幻自如 / 廉价战术,29,28,0,0,A Pokémon that has the ability to alter its body colors to match its surroundings. A Kecleon reverts to its original colors if it is startled.
353,怨影娃娃,Shuppet,幽灵,一般,44,85,45,63,43,75,惊喜！ / 惊吓 / 不眠,复仇 / 作祟的魂魄 / 飘浮,27,44,0,0,This Pokémon roams about deep in the night seeking such negative emotions as grudges and envy. It retreats to its nest when the sun begins to rise.
354,诅咒娃娃,Banette,幽灵,一般,84,125,85,65,83,98,惊喜！ / 标签 / 廉价战术,惊吓 / 作祟的魂魄 / 噬魂,30,45,0,0,An abandoned plush doll became this Pokémon. They are said to live in garbage dumps and wander about in search of the children that threw them away.
355,夜巡灵,Duskull,幽灵,幽灵,20,60,90,25,90,25,扭曲空间 / 顺手牵羊 / 机会主义者,低能见度 / 飘浮 / 穿透,24,41,0,0,A glare from its single scarlet eye makes even burly grown-ups freeze in utter fear. It is a nocturnal Pokémon that roams about under the cloak of darkness.
356,彷徨夜灵,Dusclops,幽灵,幽灵,40,90,130,55,130,25,灵魂链接 / 木乃伊 / 坚不可摧,诅咒之躯 / 后攻 / 噬魂,26,45,0,0,"It is thought that its body is hollow with only a spectral ball of fire burning inside. However, no one has been able to confirm this theory as fact."
357,热带龙,Tropius,草,飞行,99,68,83,72,87,51,收获 / 吹气筒 / 共生,巨翼 / 免疫 / 龙化,18,42,0,0,"It flies by flapping its broad leaves. The bunch of fruit that grows around its neck is deliciously sweet. In the spring, it scatters pollen from its neck."
358,风铃铃,Chimecho,超能,超能,85,50,90,95,100,65,魔法防守 / 友情防守 / 吹气筒,飘浮 / 隔音 / 坚毅,38,42,0,0,They fly about very actively when the hot season arrives. They communicate among themselves using seven different and distinguishing cries.
359,阿勃梭鲁,Absol,恶,妖精,65,130,65,75,65,100,复仇者 / 昼夜平分 / 惊吓,超幸运 / 登山者 / 锐利刀刃,30,57,0,0,It sharply senses even subtle changes in the sky and the land to predict natural disasters. It is a long-lived Pokémon that has a life-span of 100 years.
360,小果然,Wynaut,超能,超能,95,23,48,23,48,23,极度好战 / 魔法防守 / 懦夫,黏着 / 甩不掉的 / 影子游戏,2,13,0,0,"A Wynaut loves to eat sweet fruits. It cleverly picks fruits using its earlike arms. They gather in fruit gardens, drawn by the fragrance."
361,雪童子,Snorunt,冰,冰,60,60,60,60,60,70,冰冻皮肤 / 北风 / 心情不定,结实 / 冻结点 / 冰霜占卜,26,37,0,0,"They tend to move about in groups of around five Snorunt. In snowy regions, it is said that when they are seen late at night, snowfall will arrive by morning."
362,冰鬼护,Glalie,冰,冰,80,100,70,80,70,100,心情不定 / 白茫茫 / 冰冻皮肤,结实 / 冻结点 / 坚不可摧,33,41,0,0,A Glalie has the power to instantaneously freeze moisture in the atmosphere. A dazzling cloud of diamondlike ice crystals forms around its body.
363,海豹球,Spheal,冰,水,70,40,50,55,50,25,强行 / 激流 / 冰冻之躯,厚脂肪 / 我们滚吧 / 迟钝,24,35,0,0,"It is completely covered with plushy fur. As a result, it never feels the cold even when it is rolling about on ice floes or diving in the sea."
364,海魔狮,Sealeo,冰,水,90,60,70,75,70,45,强行 / 激流 / 冰冻之躯,厚脂肪 / 我们滚吧 / 迟钝,26,35,0,0,"Sealeo live in herds on ice floes. Using its powerful flippers, it shatters ice. It dives into the sea to hunt prey five times a day."
365,帝牙海狮,Walrein,冰,水,110,100,90,95,90,45,强行 / 冰冻之躯 / 降雪,厚脂肪 / 幽灵魂化 / 不断生长的牙齿,27,37,0,0,"To protect its herd, the leader battles anything that invades its territory, even at the cost of its life. Its tusks may snap off in battle."
366,珍珠贝,Clamperl,水,水,35,64,85,74,55,32,钳制 / 单纯 / 水幕,硬壳盔甲 / 黏着 / 过滤,4,24,0,0,A Clamperl slams its shell closed on prey to prevent escape. The pearl it creates upon evolution is said to be infused with a mysterious energy.
367,猎斑鱼,Huntail,水,水,55,114,105,94,75,72,悠游自如 / 机会主义者 / 埋伏,结实 / 强壮之颚 / 掠食者,20,42,0,0,"To withstand the crushing pressure of water deep under the sea, its spine is very thick and sturdy. Its tail, which is shaped like a small fish, has eyes that light up."
368,樱花鱼,Gorebyss,水,水,65,84,105,114,75,72,水幕 / 多重鳞片 / 悠游自如,棱镜装甲 / 适应力 / 掠食者,18,43,0,0,"A Gorebyss siphons the body fluids of prey through its thin, tubular mouth. Its light pink body color turns vivid when it finishes feeding."
369,古空棘鱼,Relicanth,水,岩石,100,110,130,45,65,55,结实 / 储水 / 粗糙皮肤,化石 / 坚不可摧 / 原始铠甲,18,30,0,0,A Pokémon that was once believed to have been extinct. The species has not changed its form for 100 million years. It walks on the seafloor using its pectoral fins.
370,爱心鱼,Luvdisc,水,妖精,53,30,55,90,65,107,湿润之躯 / 悠游自如 / 水幕,魂心 / 多重鳞片 / 纯洁的爱,18,34,0,0,Luvdisc make the branches of Corsola their nests. There is a custom from long ago of giving a Luvdisc as a gift to express one's feelings of love.
371,宝贝龙,Bagon,龙,龙,45,75,60,40,30,50,威吓 / 献祭 / 自信过度,坚硬脑袋 / 愤怒穴位 / 舍身,17,32,0,0,"Although it is small, this Pokémon is very powerful because its body is a bundle of muscles. It launches head-butts with its ironlike skull."
372,甲壳龙,Shelgon,龙,龙,65,95,100,60,50,50,威吓 / 献祭 / 自信过度,硬壳盔甲 / 防尘 / 坚不可摧,20,32,0,0,It hardly eats while it awaits evolution. It becomes hardier by enduring hunger. Its shell peels off the instant it begins to evolve.
373,暴飞龙,Salamence,龙,飞行,95,135,80,110,80,100,愤怒穴位 / 压制 / 自信过度,威吓 / 掠食者 / 舍身,23,45,0,0,"After many long years, its cellular structure underwent a sudden mutation to grow wings. When angered, it loses all thought and rampages out of control."
374,铁哑铃,Beldum,钢,超能,40,55,80,35,60,30,钢能力士 / 磁力 / 超能之心,飘浮 / 舍身 / 金属防护,2,13,0,0,"When Beldum gather in a swarm, they move in perfect unison as if they were but one Pokémon. They communicate with each other using brain waves."
375,金属怪,Metang,钢,超能,60,75,100,55,80,50,致命精准 / 掠食者 / 铅衣,飘浮 / 下载 / 金属防护,24,43,0,0,The claws tipping its arms pack the destructive power to tear through thick iron sheets as if they were silk. It flies at over 60 miles per hour.
376,巨金怪,Metagross,钢,超能,80,135,130,95,90,70,硬爪 / 掠食者 / 铅衣,棱镜装甲 / 下载 / 金属防护,28,45,0,0,"Metagross has four brains that are joined by a complex neural network. As a result of integration, this Pokémon is smarter than a supercomputer."
377,雷吉洛克,Regirock,岩石,岩石,80,100,200,50,100,50,动力核心 / 遗石 / 扬沙,持久力 / 坚不可摧 / 自我修复,21,39,0,0,"A Pokémon that is made entirely of rocks and boulders. If parts of its body chip off in battle, Regirock repairs itself by adding new rocks."
378,雷吉艾斯,Regice,冰,冰,80,50,100,100,200,50,动力核心 / 散热器 / 降雪,刚毅 / 坚不可摧 / 自我修复,22,42,0,0,"Its entire body is made of Antarctic ice. After extensive studies, researchers believe the ice was formed during an ice age."
379,雷吉斯奇鲁,Registeel,钢,钢,80,75,150,75,150,50,铬涂层 / 铅衣 / 坚壁,坚毅 / 坚不可摧 / 自我修复,24,45,0,0,"Its body is harder than any other kind of metal. The body metal is composed of a mysterious substance. Not only is it hard, it shrinks and stretches flexibly."
380,拉帝亚斯,Latias,龙,超能,80,80,90,110,130,110,镜甲 / 自然回复 / 幻觉,飘浮 / 棱镜装甲 / 神秘力量,20,53,0,0,They make a small herd of only several members. They rarely make contact with people or other Pokémon. They disappear if they sense enemies.
381,拉帝欧斯,Latios,龙,超能,80,90,80,130,110,110,复仇者 / 脑核之力 / 加速,飘浮 / 快速响应 / 神秘力量,20,53,0,0,"Even in hiding, it can detect the locations of others and sense their emotions since it has telepathy. Its intelligence allows it to understand human languages."
382,盖欧卡,Kyogre,水,水,100,100,90,150,140,90,悠游自如 / 北极光 / 掠食者,降雨 / 自给自足 / 海洋守护者,19,38,0,0,"Kyogre has appeared in mythology as the creator of the sea. After long years of feuding with Groudon, it took to sleep at the bottom of the sea."
383,固拉多,Groudon,地面,火,100,150,140,100,90,90,硬爪 / 熔解 / 太阳之力,干旱 / 自给自足 / 太阳崇拜,18,40,0,0,Groudon has appeared in mythology as the creator of the land. It sleeps in magma underground and is said to make volcanoes erupt on awakening.
384,烈空坐,Rayquaza,龙,飞行,105,150,90,150,90,95,龙颚 / 恐惧散布者 / 狂暴突袭,气闸 / 天气控制 / 空气动力学,20,42,0,0,A Pokémon that flies endlessly in the ozone layer. It is said it would descend to the ground if Kyogre and Groudon were to fight.
385,基拉祈,Jirachi,钢,超能,100,100,100,100,100,100,末日使者 / 再生力 / 许愿星,钢魂 / 天恩 / 飘浮,21,39,0,0,"Jirachi is said to make wishes come true. While it sleeps, a tough crystalline shell envelops the body to protect it from enemies."
386,代欧奇希斯,Deoxys,超能,超能,50,150,50,150,50,150,有色眼镜 / 致命精准 / 反转,神秘力量 / 恒净之躯 / 脑核之力,24,64,0,0,Deoxys emerged from a virus that came from space. It is highly intelligent and can shoot lasers from the crystalline organ on its chest.
387,草苗龟,Turtwig,草,草,57,68,64,45,55,31,接地 / 遇水凝固 / 持久力,茂盛 / 硬壳盔甲 / 大地束缚,18,39,0,0,"The shell on its back is made of soil.  On a very healthy Turtwig, the shell should feel moist. The leaf on its head wilts if it is thirsty."
388,树林龟,Grotle,草,草,80,89,90,55,65,41,接地 / 遇水凝固 / 持久力,茂盛 / 硬壳盔甲 / 收获,22,40,0,0,A Grotle that lives in the forest is said to have its own secret springwater well.  It carries fellow Pokémon there on its back.
389,土台龟,Torterra,草,地面,95,119,134,55,75,57,粗糙皮肤 / 持久力 / 春日仪式,茂盛 / 坚不可摧 / 叶绿体,30,46,0,0,"Some Pokémon are born on a Torterra's back and spend their entire life there. Ancient people imagined that beneath the ground, a gigantic Torterra dwelled."
390,小火焰猴,Chimchar,火,火,44,62,44,62,44,64,铁拳 / 铁拳之力 / 一猩一意,猛火 / 恶作剧之心 / 不服输,17,38,0,0,"Its fiery rear end is fueled by gas made in its belly. Before going to sleep, Chimchar extinguish the flame on their tails to prevent fires."
391,猛火猴,Monferno,火,格斗,64,83,52,83,52,86,铁拳 / 铁拳之力 / 一猩一意,猛火 / 恶作剧之心 / 不服输,20,41,0,0,"It carefully controls the intensity of the flame on its tail, so as to keep its foes at an adequate distance. Its fiery tail is but one weapon."
392,烈焰猴,Infernape,火,格斗,76,105,71,104,71,108,铁拳 / 魔法之拳 / 一猩一意,猛火 / 雷召 / 利己主义者,26,44,0,0,Its crown of fire is indicative of its fiery nature. It uses a special kind of martial arts involving all of its limbs to take on any opponent.
393,波加曼,Piplup,水,水,53,51,53,67,56,40,好胜 / 不服输 / 健壮胸肌,激流 / 厚脂肪 / 悠游自如,12,40,0,0,"A poor walker, it often falls down. However, its strong pride makes it puff up its chest without a care. It's difficult to bond with since it won't listen to its Trainer."
394,波皇子,Prinplup,水,水,69,66,68,86,81,50,好胜 / 不服输 / 健壮胸肌,激流 / 南极鸟 / 悠游自如,14,45,0,0,"Because every Prinplup considers itself to be the most important, they can never form a group. It searches for prey in icy seas."
395,帝王拿波,Empoleon,水,钢,84,86,88,116,101,60,好胜 / 悠游自如 / 拨雪,激流 / 南极鸟 / 坚不可摧,18,51,0,0,"The three horns that extend from its beak attest to its power. It avoids unnecessary disputes, but it will decimate anything that threatens its pride."
396,姆克儿,Starly,一般,飞行,40,55,30,30,30,60,威吓 / 舍身 / 健壮胸肌,鸟群 / 锐利目光 / 逃足,16,31,0,0,"They flock around mountains and fields, chasing after bug Pokémon. However, they bicker if the group grows too big. Their singing is noisy and annoying."
397,姆克鸟,Staravia,一般,飞行,55,75,50,40,40,80,威吓 / 舍身 / 狂暴突袭,鸟群 / 锐利目光 / 察觉,17,31,0,0,"Recognizing their own weakness, they maintain huge flocks. Fierce scuffles break out between various flocks. When alone, a Staravia cries noisily."
398,姆克鹰,Staraptor,一般,飞行,85,120,70,50,60,100,致命精准 / 健壮胸肌 / 压制,威吓 / 模糊 / 狂暴突袭,24,34,0,0,"When Staravia evolve into Staraptor, they leave the flock to live alone. It has a savage nature. It will courageously challenge foes that are much larger."
399,大牙狸,Bidoof,一般,一般,69,45,60,35,40,31,单纯 / 伐木工 / 心情不定,纯朴 / 不断生长的牙齿 / 旷野探险家,22,28,0,0,A comparison revealed that Bidoof's front teeth grow at the same rate as Rattata's. It constantly gnaws on logs and rocks to whittle down its front teeth.
400,大尾狸,Bibarel,一般,水,89,85,80,55,60,71,单纯 / 伐木工 / 心情不定,纯朴 / 不断生长的牙齿 / 旷野探险家,27,32,0,0,"It makes its nest by damming streams with bark and mud. A river dammed by Bibarel will never overflow its banks, which is appreciated by people nearby."
401,圆法师,Kricketot,虫,一般,37,25,41,25,41,25,技术高手 / 完美主义者 / 扩音器,虫之预感 / 蜕皮 / 隔音,16,22,0,0,"It shakes its head back to front, causing its antennae to hit each other and sound like a xylophone. These sounds are fall hallmarks."
402,音箱蟀,Kricketune,虫,一般,77,85,51,85,51,85,水合 / 完美主义者 / 降雨,登山者 / 技术高手 / 隔音,26,30,0,0,It signals its emotions with its melodies. There is a village that hosts a contest based on the amazingly variable cries of this Pokémon.
403,小猫怪,Shinx,电,电,55,65,34,30,34,65,威吓 / 电爆 / 迷人之躯,短路 / 发光 / 毅力,18,31,0,0,It rapidly contracts and relaxes its muscles to generate electricity. Its body shines if endangered. It flees while the foe is momentarily blinded.
404,勒克猫,Luxio,电,电,60,85,49,60,49,60,威吓 / 电爆 / 掠食者,短路 / 发光 / 毅力,19,31,0,0,Strong electricity courses through the tips of its sharp claws. A light scratch has enough amperage to cause fainting in foes.
405,伦琴猫,Luxray,电,电,90,120,79,75,79,90,察觉 / 电爆 / 毅力,短路 / 威吓 / 掠食者,26,33,0,0,It has eyes which can see through anything. Luxray's ability to see through objects comes in handy when it's scouting for danger.
406,含羞苞,Budew,草,毒,40,30,35,50,70,55,粉彩护幕 / 茂密丛林 / 愧疚,毒刺 / 迷人之躯 / 自然回复,14,34,0,0,"Over the winter, it closes its bud and endures the cold. Sensitive to changing temperature, the bud is said to bloom when it feels the sun's warm touch."
407,罗丝雷朵,Roserade,草,毒,60,125,65,125,70,90,技术高手 / 雷召 / 腐蚀,自然回复 / 不仁不义 / 芳香幕,31,39,0,0,"Its sweet aroma attracts prey. With the movements of a dancer, it strikes with whips that are densely lined with poison thorns."
408,头盖龙,Cranidos,岩石,岩石,67,125,40,30,30,58,强行 / 暴走 / 掠食者,坚硬脑袋 / 矿化 / 化石,12,32,0,0,"A lifelong jungle dweller from 100 million years ago, its skull is as hard as iron.  It would snap obstructing trees with headbutts."
409,战槌龙,Rampardos,岩石,岩石,97,165,70,55,50,78,结实 / 极度好战 / 狂暴突袭,化石 / 舍身 / 坚硬脑袋,19,33,0,0,"The result of repeated headbutts is a skull grown thick and hard. However, its brain has shrunk in size compared with Cranidos's."
410,盾甲龙,Shieldon,岩石,钢,30,42,118,42,88,30,结实 / 持久力 / 隔音,化石 / 坚不可摧 / 后攻,13,34,0,0,"This Pokémon lived in primeval jungles. Few enemies would have been willing to square off against its heavily armored face, so it's thought."
411,护城龙,Bastiodon,岩石,钢,80,52,168,47,138,30,战斗盔甲 / 持久力 / 铁棘,不屈之盾 / 坚不可摧 / 原始铠甲,20,38,0,0,"Their rock-hard faces serve to protect them from any frontral attacks. When attacked, they form a wall. They shielded their young in that way."
412,结草儿,Burmy,虫,虫,55,29,60,59,60,36,危险预知 / 分析 / 鳞粉,虫之预感 / 蜕皮 / 防尘,1,15,0,0,"It is covered with a cloak that shelters it from the cold. If its cloak is broken in battle, it quickly remakes the cloak with materials nearby."
413,结草贵妇,Wormadam,虫,草,84,59,85,99,105,36,危险预知 / 分析 / 防尘,适应力 / 战斗盔甲 / 懦夫,19,34,0,0,Its appearance changes depending on where Burmy evolved. The materials on hand become a part of its body. The cloak is never shed.
414,绅士蛾,Mothim,虫,飞行,65,100,65,100,65,90,掠夺者 / 防尘 / 变幻自如,有色眼镜 / 华贵之蛾 / 复眼,21,46,0,0,"It does not keep a nest. While it loves floral honey, it won't gather any itself. Instead, it plots to steal honey collected by Combee."
415,三蜜蜂,Combee,虫,飞行,40,60,42,60,42,80,再生力 / 空气动力学 / 胆小,虫之预感 / 授粉 / 多头龙,2,14,0,0,"A Pokémon formed by three others. It constantly gathers honey from flowers to please Vespiquen. At night, they cluster to form a beehive and sleep."
416,蜂女王,Vespiquen,虫,飞行,70,80,112,80,112,40,再生力 / 持久力 / 亲子爱,后之哀 / 女王威严 / 自给自足,22,36,0,0,It houses its colony in cells in its body and releases various pheromones to make those grubs do its bidding. There is only one in a colony.
417,帕奇利兹,Pachirisu,电,电,60,45,70,75,110,95,贪吃鬼 / 捡拾 / 电气制造者,毛皮大衣 / 再生力 / 蓄电,18,27,0,0,A pair may be seen rubbing their cheek pouches together in an effort to share stored electricity. It stores them with berries in tree holes.
418,泳圈鼬,Buizel,水,水,55,65,35,60,30,85,潮汐冲击 / 螺旋尾鳍 / 技术高手,旷野探险家 / 充气 / 捡拾,17,41,0,0,"It inflates its flotation sac, keeping its face above water in order to watch for prey movement. It swims by rotating its two tails like a screw."
419,浮潜鼬,Floatzel,水,水,85,105,55,85,50,115,水幕 / 螺旋尾鳍 / 水合,潮汐冲击 / 技术高手 / 充气,23,41,0,0,Its flotation sac developed as a result of pursuing aquatic prey. It can double as a rubber raft. It assists in the rescues of drowning people.
420,樱花宝,Cherubi,草,草,45,62,45,62,53,63,粉彩护幕 / 太阳之力 / 危险预知,茂盛 / 叶绿素 / 叶绿体,15,37,0,0,"The small ball holds the nutrients needed for evolution. Apparently, it is also very sweet and tasty. Pokémon like Starly and Taillow try to peck it off."
421,樱花儿,Cherrim,草,草,70,100,70,100,78,85,芳香幕 / 雨盘 / 危险预知,花之礼 / 熟成 / 太阳耀斑,21,40,0,0,"During times of strong sunlight, its bud blooms, its petals open fully, and it becomes very active. It folds back into a bud if sunlight wanes."
422,无壳海兔-西海,Shellos,水,水,76,48,48,57,62,34,硬壳盔甲 / 引水 / 再生力,黏着 / 自给自足 / 柔软,20,39,0,0,"Its shape and coloration vary, depending on its habitat. Beware of pushing strongly on its squishy body, as it makes a mysterious purple fluid ooze out."
423,海兔兽-西海,Gastrodon,水,地面,111,83,68,92,82,39,沙之守卫 / 引水 / 再生力,黏着 / 自给自足 / 硬壳盔甲,21,39,0,0,It lives in shallow tidal pools. Gastrodon once had a huge shell for protection in ancient times. There are traces of it left in its cells.
424,双尾怪手,Ambipom,一般,一般,75,100,66,60,66,125,猴子把戏 / 捡拾 / 轻装,远隔 / 技术高手 / 连续攻击,24,31,0,0,"They live on large trees. Split into two, the tails are so adept at handling and doing things, Ambipom rarely uses its hands now. "
425,飘飘球,Drifloon,幽灵,飞行,95,50,39,60,54,70,受热激升 / 低能见度 / 轻装,充气 / 引爆 / 噬魂,19,41,0,0,"Because of the way it floats aimlessly, an old folktale calls it a “Signpost for Wandering Spirits.” Children holding them sometimes vanish."
426,随风球,Drifblim,幽灵,飞行,150,80,54,90,74,80,受热激升 / 低能见度 / 轻装,充气 / 引爆 / 噬魂,24,44,0,0,"Even while under careful observation, large flocks of Drifblim flying at dusk will inexplicably disappear from view. No one knows where they go."
427,卷卷耳,Buneary,一般,一般,55,66,44,44,56,85,一般皮肤 / 逃足 / 飞毛腿,毛皮大衣 / 柔软 / 前锋,19,27,0,0,"You can tell how it feels by the way it rolls its ears. When it's scared, both ears are rolled up. When it senses danger, it perks them up."
428,长耳兔,Lopunny,一般,格斗,65,76,64,54,96,115,一般皮肤 / 斗争精神 / 技术高手,柔软 / 毛皮大衣 / 前锋,23,31,0,0,An extremely cautious Pokémon. It is very conscious of its looks and never fails to groom its ears. It runs with sprightly jumps.
429,梦妖魔,Mismagius,幽灵,妖精,60,60,60,110,110,110,灵质 / 恶作剧之心 / 惊喜！,飘浮 / 影子游戏 / 散发,24,44,0,0,Its cries sound like incantations. Those hearing it are tormented by headaches and hallucinations. It appears where you least expect it.
430,乌鸦头头,Honchkrow,恶,飞行,100,120,52,52,81,105,超幸运 / 厄运 / 自信过度,健壮胸肌 / 防尘 / 掠夺者,27,46,0,0,"Becoming active at night, it is known to swarm with numerous Murkrow in tow. It is said that it never forgives the mistakes of its cronies."
431,魅力喵,Glameow,一般,一般,49,65,42,42,37,85,瑜伽之力 / 我行我素 / 恶意,催眠师 / 柔软 / 不服输,18,23,0,0,"It is a very fickle Pokémon, which is very popular among some. It claws its Trainer's nose if it isn't fed and purrs when affectionate."
432,东施喵,Purugly,一般,一般,88,102,64,64,69,112,威吓 / 不服输 / 自信过度,极度好战 / 厚脂肪 / 毛皮大衣,25,26,0,0,It is a brazen brute that barges its way into another Pokémon's nest and claims it as its own. It binds its body with its tails to make itself look bigger.
433,铃铛响,Chingling,超能,超能,45,30,50,65,50,45,神秘力量 / 轻金属 / 扩音器,飘浮 / 魔法防守 / 金属化,30,39,0,0,"There is an orb inside its mouth. When it hops, the orb bounces all over and makes a ringing sound. It can cry for an awfully long time."
434,臭鼬噗,Stunky,毒,恶,63,41,47,77,41,74,毒刺 / 危险预知 / 紧张感,引爆 / 恶臭 / 余香,17,27,0,0,"It protects itself by spraying a nose-curling, stinky fluid from its rear to repel attackers. The stench lingers for 24 hours."
435,坦克臭鼬,Skuntank,毒,恶,103,51,77,113,71,84,引爆 / 轻装 / 毒沼制造者,腐蚀 / 恶臭 / 贪吃鬼,18,31,0,0,It attacks by spraying a horribly smelly fluid from the tip of its tail. The fluid smells worse the longer it is allowed to fester.
436,铜镜怪,Bronzor,钢,超能,57,24,86,24,86,23,战斗盔甲 / 铅衣 / 耐热,飘浮 / 镜甲 / 预知梦,17,38,0,0,Implements shaped like it were discovered in ancient tombs. There are researchers who believe this Pokémon reflected like a mirror in the distant past.
437,青铜钟,Bronzong,钢,超能,67,89,116,79,116,33,降雨 / 铅衣 / 扭曲空间,钢魂 / 耐热 / 战斗盔甲,23,43,0,0,"In ages past, this Pokémon was revered as a bringer of rain. One caused a news stir when it was dug up at a construction site after a 2000-year sleep."
438,盆才怪,Bonsly,岩石,岩石,50,80,95,10,45,10,结实 / 矿化 / 遇水凝固,原木 / 迷人之躯 / 坚硬脑袋,22,26,0,0,"Bonsly prefers an arid atmosphere. In order to adjust the level of fluids in its body, it exudes water from its eyes. This makes it appear to be crying."
439,魔尼尼,Mime Jr.,超能,妖精,20,25,45,70,90,60,过滤 / 拟态 / 恶作剧之心,隔音 / 迷人之躯 / 魔法镜,19,43,0,0,"In an attempt to confuse its enemy, it mimics the enemy's movements. Once mimicked, the foe cannot take its eyes off this Pokémon."
440,小福蛋,Happiny,一般,一般,100,5,5,15,65,30,再生力 / 天恩 / 愧疚,迷人之躯 / 治愈之心 / 自然回复,16,34,0,0,"It carries a round white rock in its belly pouch. If it gets along well with someone, it will sometimes give that person the rock."
441,聒噪鸟,Chatot,一般,飞行,76,65,45,92,42,91,机会主义者 / 恶作剧之心 / 无关天气,适应力 / 扩音器 / 模仿,18,32,0,0,It mimics the cries of other Pokémon to trick them into thinking it's one of them. This way they won't attack it. It can also learn and speak human words.
442,花岩怪,Spiritomb,幽灵,恶,50,108,108,108,108,35,催眠师 / 扭曲空间 / 灵魂链接,噬魂 / 梦魇 / 幻影防守,20,39,0,0,A Pokémon that was formed by 108 spirits. Its constant mischief and misdeeds resulted in it being bound to an Odd Keystone by a mysterious spell.
443,圆陆鲨,Gible,龙,地面,58,70,45,40,45,42,强壮之颚 / 大地束缚 / 旷野探险家,极度好战 / 沙隐 / 粗糙皮肤,14,36,0,0,It nests in horizontal holes warmed by geothermal heat. Foes who stray too close can expect to be pounced on and bitten.
444,尖牙陆鲨,Gabite,龙,地面,68,90,65,50,55,82,机会主义者 / 沙之力 / 构造,极度好战 / 掠夺者 / 粗糙皮肤,21,42,0,0,"Shiny objects are its passion. It can be found in its cave, scarcely moving, its gaze fixed on the jewels it's amassed or Carbink it has caught."
445,烈咬陆鲨,Garchomp,龙,地面,108,130,95,80,85,102,压制 / 沙隐 / 锐利刀刃,极度好战 / 速度之力 / 粗糙皮肤,26,42,0,0,"When it folds up its body and extends its wings, it looks like a jet plane. It is covered in fine scales that reduce drag, enabling it to fly at high speeds."
446,小卡比兽,Munchlax,一般,一般,135,85,40,40,85,5,绝对睡眠 / 迟钝 / 贪吃鬼,厚脂肪 / 我们滚吧 / 掠夺者,20,35,0,0,"When it finds something that looks like it might be edible, it goes right ahead and swallows it whole. That's why it gets fatter day by day."
447,利欧路,Riolu,格斗,格斗,40,70,40,35,40,60,恶作剧之心 / 飞毛腿 / 斗争精神,斗士 / 精神力 / 迷人之躯,18,37,0,0,"It can discern the physical and emotional states of people, Pokémon, and other natural things from the shape of their aura waves."
448,路卡利欧,Lucario,格斗,钢,70,110,70,115,70,90,斗争精神 / 正义之心 / 魔法之拳,精神力 / 致命精准 / 干劲,31,46,0,0,"It understands human speech. It is said that no foe can remain invisible to Lucario, since it can detect Auras. Even foes it could not otherwise see."
449,沙河马,Hippopotas,地面,地面,68,72,78,38,42,32,沙隐 / 斗争心 / 沙穴,喷沙 / 沙之守卫 / 迟钝,13,26,0,0,"Hippopotas shuts its nostrils tight when travelling through sand. Instead of perspiration, it expels grains of sand from its body."
450,河马兽,Hippowdon,地面,地面,108,112,118,68,72,47,扬沙 / 不断生长的牙齿 / 极度好战,沙之守卫 / 掠食者 / 强壮之颚,13,30,0,0,It is surprisingly quick to anger. It brandishes its gaping mouth in a display of fearsome strength and raises vast quantities of sand while attacking.
451,钳尾蝎,Skorupi,毒,虫,60,70,100,45,60,70,接地 / 致命精准 / 钳制,掠夺者 / 硬壳盔甲 / 剧毒之触,18,33,0,0,It grips prey with its tail claws and injects poison. It tenaciously hangs on until the poison takes. It can survive a year without food.
452,龙王蝎,Drapion,毒,恶,70,100,120,60,75,95,致命精准 / 机会主义者 / 巨钳,狙击手 / 硬壳盔甲 / 自命不凡,20,36,0,0,"Possessing a sturdy build, it takes pride in its strength. It has the power in its clawed arms to make scrap out of a car."
453,不良蛙,Croagunk,毒,格斗,48,67,40,67,40,67,不仁不义 / 机会主义者 / 毒吸收,干燥皮肤 / 两栖 / 剧毒之触,20,39,0,0,"Croagunk rarely fights fairly. Inflating its poison sacs, it fills the area with an odd sound and hits flinching opponents with a poison jab."
454,毒骷蛙,Toxicroak,毒,格斗,83,106,65,106,65,105,技术高手 / 极度好战 / 机会主义者,干燥皮肤 / 剧毒之触 / 不仁不义,24,39,0,0,"Swaying and dodging the attacks of its foes, it weaves its flexible body in close, then lunges out with its poisonous claws."
455,尖牙笼,Carnivine,草,草,90,116,92,80,92,50,机会主义者 / 强壮之颚 / 夹子陷阱,能量之触 / 后攻 / 杀戮之颚,21,32,0,0,"Hanging from branches using its tentacles, it looks like a plant. It attracts prey with its sweet-smelling saliva, then chomps down."
456,荧光鱼,Finneon,水,水,49,49,56,55,61,70,悠游自如 / 天恩 / 棱镜装甲,水幕 / 引水 / 发光,13,35,0,0,"Its double tail fins propel its energetic jumps. When it breaks the surface of the sea, Wingull swoop down to grab it on the fly."
457,霓虹鱼,Lumineon,水,水,69,69,76,69,86,91,悠游自如 / 天恩 / 棱镜装甲,引水 / 巨翼 / 发光,15,40,0,0,Lumineon swimming in the darkness of the deep sea look like stars shining in the night sky. It competes for food with Lanturn.
458,小球飞鱼,Mantyke,水,飞行,45,20,50,60,120,50,悠游自如 / 雨盘 / 鸟群,水幕 / 储水 / 湿润之躯,15,42,0,0,"When it swims close to the surface of the ocean, people aboard ships are able to observe the pattern on its back. It often swims in a school of Remoraid."
459,雪笠怪,Snover,草,冰,60,72,50,72,60,40,冰冻之躯 / 白茫茫 / 雪隐,登山者 / 永冻土 / 降雪,21,40,0,0,"During cold seasons, it migrates to the mountain's lower reaches. Seemingly curious about people, they gather around footsteps they find on snowy mountains."
460,暴雪王,Abomasnow,草,冰,90,102,75,102,85,60,降雪 / 北风 / 登山者,冰冻之躯 / 冰霜占卜 / 永冻土,27,44,0,0,It lives a quiet life on mountains that are perpetually covered in snow. It hides itself by whipping up blizzards. It is also known as “The Ice Monster.”
461,玛狃拉,Weavile,恶,冰,70,120,65,45,85,125,极度好战 / 狂暴突袭 / 压迫感,冻结点 / 掠食者 / 硬爪,21,35,0,0,"They travel in groups of four or five, leaving signs for one another on trees and rocks. They bring down their prey with coordinated attacks."
462,自爆磁怪,Magnezone,电,钢,70,70,115,130,90,60,瞄准系统 / 过载 / 下载,过滤 / 多头龙 / 磁力,19,39,0,0,"As it zooms through the sky, this Pokémon seems to be receiving signals of unknown origin, while transmitting its own signals of unknown purpose."
463,大舌舔,Lickilicky,一般,一般,150,95,75,95,70,50,纯朴 / 奇迹皮肤 / 单纯,再生力 / 厚脂肪 / 无关天气,22,40,0,0,The long tongue is always soggy with slobber. The saliva contains a solvent that causes numbness. Getting too close to it will leave you soaked with drool.
464,超甲狂犀,Rhyperior,地面,岩石,115,140,130,55,55,40,避雷针 / 碎裂铠甲 / 暴走,坚硬岩石 / 持久力 / 超级发射器,27,48,0,0,It can launch a rock held in its hand like a missile by tightening and then expanding its muscles instantaneously. Geodude are shot at rare times.
465,巨蔓藤,Tangrowth,草,草,100,100,125,110,50,50,卷发 / 战斗盔甲 / 远隔,再生力 / 海草 / 自给自足,28,28,0,0,"It ensnares prey by extending arms made of vines. Even if one of its arms is eaten, it's fine. The Pokémon regenerates quickly and will go right back to normal."
466,电击魔兽,Electivire,电,电,95,123,87,69,65,101,鞭打 / 电晶体 / 斗争精神,电气引擎 / 极度好战 / 防尘,19,42,0,0,"When it gets excited, it thumps its chest. With every thud, thunder roars, electric sparks shower all around and blue sparks begin to crackle between its horns."
467,鸭嘴炎兽,Magmortar,火,火,75,95,67,125,85,93,夜行 / 烈焰之魂 / 火焰弹,熔解 / 双持 / 引火,20,34,0,0,"According to what is known, a single pair of male and female Magmortar lives in one volcano. From its arm, it launches fireballs hotter than 3,600ºF."
468,波克基斯,Togekiss,妖精,飞行,85,50,95,120,115,80,妖精皮肤 / 自给自足 / 魂心,超幸运 / 天恩 / 巨翼,32,41,0,0,"As everyone knows, it visits peaceful regions, bringing them gifts of kindness and sweet blessings. It will never appear where there is strife."
469,远古巨蜓,Yanmega,虫,飞行,86,76,86,126,56,95,巨翼 / 复眼 / 有色眼镜,加速 / 极度好战 / 掠食者,18,31,0,0,This six-legged Pokémon is easily capable of transporting an adult in flight. It is adept at biting apart foes while flying by at high speed.
470,叶伊布,Leafeon,草,草,65,110,130,60,65,95,草之皮毛 / 沐日 / 春日仪式,锐利刀刃 / 深割 / 正义之心,15,39,0,0,Its cellular composition is closer to that of a plant than an animal. It uses photosynthesis to produce its energy supply without eating food.
471,冰伊布,Glaceon,冰,冰,65,60,110,130,95,65,冰鳞粉 / 白茫茫 / 冰露,冰冻之躯 / 冰霜占卜 / 冰霜之魂,16,35,0,0,"It can control its body temperature at will. This enables it to freeze the moisture in the atmosphere, creating flurries of diamond dust."
472,天蝎王,Gliscor,地面,飞行,75,95,125,45,75,95,构造 / 沙隐 / 钳制,巨钳 / 粗糙皮肤 / 毒疗,19,46,0,0,"Gliscor observes prey while hanging upside down from branches. Its flight is soundless. When the chance presents itself, it swoops!"
473,象牙猪,Mamoswine,冰,地面,110,130,80,70,60,80,永冻土 / 强行 / 白茫茫,厚脂肪 / 拨雪 / 不断生长的牙齿,24,35,0,0,"A frozen Mamoswine was dug from ice dating back 10,000 years. It woke up to much amazement. This Pokémon has been around for a long, long, long time."
474,多边兽乙型,Porygon-Z,一般,电,85,80,70,135,75,90,下载 / 反转 / 扭曲空间,飘浮 / 适应力 / 神枪手,33,37,0,0,"In order to create a more advanced Pokémon, an additional program was installed, but apparently it contained a defect that made it move oddly."
475,艾路雷朵,Gallade,超能,格斗,68,125,65,60,115,100,速度之力 / 正义之心 / 强行,双持 / 致命精准 / 复仇者,33,50,0,0,"A master of courtesy and swordsmanship, it fights using extending swords on its elbows when trying to protect someone. It can sense what its foe is thinking."
476,大朝北鼻,Probopass,岩石,钢,60,55,145,95,150,40,坚不可摧 / 磁力 / 铅衣,多头龙 / 飘浮 / 坚硬岩石,29,46,0,0,"It freely controls three units called Mini-Noses using magnetic force. With them, it can attack its foes from three directions."
477,黑夜魔灵,Dusknoir,幽灵,幽灵,45,120,135,60,135,45,扭曲空间 / 铁拳 / 低能见度,机会主义者 / 幻影防守 / 噬魂,31,48,0,0,This feared Pokémon is said to travel to worlds unknown. Some even believe that it takes lost spirits into its pliant body and guides them home.
478,雪妖女,Froslass,冰,幽灵,70,70,70,110,70,110,寒意逼人 / 冰封禁锢 / 北极光,冰霜占卜 / 厄运 / 冰川鬼影,33,50,0,0,"When it finds people or Pokémon it likes, it freezes them and takes them to its chilly den, where they become its decorations."
479,洛托姆,Rotom,电,幽灵,50,88,79,88,79,146,压制 / 规避 / 诡计师,飘浮 / 加速 / 电晶体,22,48,0,0,"Research continues on this Pokémon. Its electric-like body can enter some kinds of machines and take control, in order to make mischief."
480,由克希,Uxie,超能,妖精,75,75,130,75,130,95,开悟 / 灵魂链接 / 诡计师,飘浮 / 魔法防守 / 北风,26,44,0,0,"Known as ”The Being of Knowledge,” according to some sources, this Pokémon provided people with the intelligence necessary to solve various problems."
481,艾姆利多,Mesprit,超能,妖精,80,105,105,105,105,80,心情不定 / 压制 / 友情防守,飘浮 / 魔法防守 / 压迫感,26,43,0,0,"Although it slumbers at the bottom of a lake, its spirit is said to leave its body and flitter on the water surface. It taught humans of sorrow, pain, and joy."
482,亚克诺姆,Azelf,超能,妖精,75,125,70,125,70,115,决心 / 毅力 / 破格,飘浮 / 魔法防守 / 神秘力量,26,47,0,0,"This Pokémon is said to have endowed humans with the determination needed to do things. It is thought that Uxie, Mesprit and Azelf all came from the same egg."
483,帝牙卢卡,Dialga,钢,龙,100,120,120,150,100,90,时空断裂 / 持久力 / 铅衣,原始铠甲 / 坚不可摧 / 动力核心,18,45,0,0,A Pokémon spoken of in legend. It completely controls the flow of time. It uses its power to travel at will through the past and future.
484,帕路奇亚,Palkia,水,龙,90,120,100,150,100,120,天崩地裂 / 引力井 / 海洋守护者,原始铠甲 / 压制 / 动力核心,25,46,0,0,Palkia has the ability to distort space. Its total control over the boundaries of space enable it to transport itself to faraway places and other dimensions.
485,席多蓝恩,Heatran,火,钢,91,90,106,130,106,77,钢能力士 / 涡轮火焰 / 干旱,熔岩铠甲 / 登山者 / 引火,23,40,0,0,"Boiling blood, like magma, circulates through its body. It dwells in volcanic caves, using its cross-shaped feet to crawl on ceilings and walls."
486,雷吉奇卡斯,Regigigas,一般,一般,140,160,120,70,120,60,适应力 / 后攻 / 狂暴拳手,动力核心 / 坚不可摧 / 主宰,21,40,0,0,"There is an enduring legend that states this Pokémon shaped Regirock, Regice, and Registeel out of clay, ice, and magma."
487,骑拉帝纳,Giratina,幽灵,龙,150,100,120,100,120,90,恐惧散布者 / 低能见度 / 烟雾机动,幻影防守 / 影子游戏 / 噬魂,30,38,0,0,"This Pokémon is said to live in a world on the reverse side of ours, where common knowledge is distorted and strange. It was banished for its violence."
488,克雷色利亚,Cresselia,超能,超能,120,70,120,75,130,85,神秘力量 / 绝对睡眠 / 魔法镜,飘浮 / 月之魂 / 自给自足,28,45,0,0,Those who sleep holding one of Cresselia's feathers are assured of joyful dreams. It is said to represent the crescent moon.
489,霏欧纳,Phione,水,水,95,95,95,95,95,95,海洋守护者 / 友情防守 / 魂心,净化之水 / 旷野探险家 / 涨潮,16,42,0,0,"When the water warms, they inflate the flotation sac on their heads and drift languidly on the sea in packs. It always returns to where it was born."
490,玛纳霏,Manaphy,水,水,100,100,100,100,100,100,海生 / 能量点 / 治愈之心,变心 / 亲子爱 / 涨潮,16,42,0,0,Water makes up 80% of its body. It starts its life with a wondrous power that permits it to bond with any kind of Pokémon.
491,达克莱伊,Darkrai,恶,恶,70,90,90,135,90,125,噬魂 / 察觉 / 暗黑气场,飘浮 / 梦魇 / 捕梦人,19,43,0,0,"It chases people and Pokémon from its territory by causing them to experience deep, nightmarish slumbers. However, it means no harm."
492,谢米,Shaymin,草,草,100,100,100,100,100,100,魔法镜 / 收获 / 茂密丛林,自然恢复 / 毒吸收 / 青草制造者,21,39,0,0,The flowers all over its body burst into bloom if it is lovingly hugged and senses gratitude. The blooming of Gracideas confers the power of flight upon it.
493,阿尔宙斯,Arceus,一般,一般,120,120,120,120,120,120,多重属性 / 多重属性 / 多重属性,动力核心 / 压迫感 / 神秘力量,43,220,0,0,"It is told in mythology that this Pokémon emerged from an egg and shaped all there is in this world, before the universe even existed."
494,比克提尼,Victini,超能,火,100,100,100,100,100,100,涡轮火焰 / 太阳耀斑 / 能量点,胜利之星 / 魔法防守 / 超能之心,28,45,0,0,"This Pokémon brings victory. It is said that Trainers with Victini always win, regardless of the type of encounter."
495,藤藤蛇,Snivy,草,草,47,45,60,45,60,63,叶绿体 / 叶绿素 / 唱反调,茂盛 / 蜕皮 / 机会主义者,17,37,0,0,"It is very intelligent and calm. Being exposed to lots of sunlight makes its movements swifter. When they are not feeling well, their tails droop."
496,青藤蛇,Servine,草,草,67,60,75,60,75,83,叶绿体 / 叶绿素 / 唱反调,茂盛 / 蜕皮 / 机会主义者,20,37,0,0,"When it gets dirty, its leaves can't be used in photosynthesis, so it always keeps clean. They avoid attacks by sinking into the shadows of thick foliage."
497,君主蛇,Serperior,草,草,83,74,95,75,95,113,威吓 / 多重鳞片 / 唱反调,茂盛 / 蜕皮 / 叶绿体,27,40,0,0,"They raise their heads to intimidate foes, but only give it their all when fighting powerful opponents who are not fazed by the glare from its noble eyes."
498,暖暖猪,Tepig,火,火,71,69,45,45,45,45,我们滚吧 / 纯朴 / 火焰之躯,猛火 / 厚脂肪 / 贪吃鬼,20,29,0,0,"It loves to eat roasted berries, but sometimes it gets too excited and burns them to a crisp. It blows fire through its nose."
499,炒炒猪,Pignite,火,格斗,92,93,55,70,55,55,我们滚吧 / 轻装 / 火焰之躯,猛火 / 厚脂肪 / 贪吃鬼,25,37,0,0,"The more it eats, the more fuel it has to make the fire in its stomach stronger. When it is angered, the intensity of the flame increases."
500,炎武王,Emboar,火,格斗,110,123,87,70,80,65,贪吃鬼 / 复仇者 / 狂暴突袭,猛火 / 舍身 / 柔软,30,39,0,0,It is adept at using many different moves. It can throw a fire punch by setting its fists on fire with its fiery chin. It cares deeply about its friends.
501,水水獭,Oshawott,水,水,59,63,45,63,45,45,悠游自如 / 狂暴突袭 / 致命精准,激流 / 硬壳盔甲 / 锐利刀刃,15,31,0,0,"The scalchop on its stomach isn't just used for battle, it can be used to break open hard berries as well. It is made from the same element as its claws."
502,双刃丸,Dewott,水,格斗,75,82,60,83,60,60,悠游自如 / 狂暴突袭 / 致命精准,激流 / 硬壳盔甲 / 锐利刀刃,16,37,0,0,Strict training and disclipine leads it to master its flowing double-scalchop technique. Scalchop techniques differ from one Dewott to another.
503,大剑鬼,Samurott,水,格斗,95,108,85,107,70,70,神秘刀锋 / 悠游自如 / 锐利刀刃,激流 / 硬壳盔甲 / 凶手,24,42,0,0,One swing of the seamitars attached to its armor can fell an opponent. A simple glare from one of them is enough to intimidate most enemies.
504,探探鼠,Patrat,一般,一般,45,65,39,35,39,72,逃足 / 蹲守 / 懦夫,分析 / 锐利目光 / 危险预知,23,38,0,0,"Extremely cautious, they take shifts to maintain a constant watch of their nest. Using food stored in cheek pouches, they can keep watch for days."
505,步哨鼠,Watchog,一般,一般,75,85,69,60,69,77,蹲守 / 潜行 / 催眠师,分析 / 有色眼镜 / 旷野探险家,31,41,0,0,"Using luminescent matter, it makes its eyes and body glow and stuns attacking opponents. Keen eyesight lets them see in the dark."
506,小约克,Lillipup,一般,一般,45,70,45,25,45,65,干劲 / 捡拾 / 逃足,毛茸茸 / 防尘 / 看门狗,20,27,0,0,"It faces strong opponents with great courage. Because it doesn't yelp, it's extremely popular with Trainers who live in apartment buildings."
507,哈约克,Herdier,一般,一般,65,90,65,35,65,70,威吓 / 挖沙 / 胆量,防尘 / 毛皮大衣 / 过滤,20,28,0,0,Its dense black fur grows continuously. The high cost of keeping its hard fur properly groomed makes this a troublesome Pokémon to train. 
508,长毛狗,Stoutland,一般,一般,85,120,80,45,90,90,威吓 / 挖沙 / 胆量,防尘 / 毛皮大衣 / 过滤,21,30,0,0,"Intelligent, good-natured, and valiant, there could be no concern that it would ever attack people. Some parents even trust it to babysit."
509,扒手猫,Purrloin,恶,恶,41,75,37,50,37,71,轻装 / 狙击手 / 心情不定,恶作剧之心 / 柔软 / 埋伏,17,32,0,0,"Their deceptively cute act is the perfect ruse. They steal from people for fun, but their victims can't help but forgive them."
510,酷豹,Liepard,恶,恶,64,118,50,78,50,106,潜行 / 加速 / 恶作剧之心,超幸运 / 狙击手 / 机会主义者,18,34,0,0,Many Trainers are drawn to their beautiful form and fur. These Pokémon vanish and appear unexpectedly. They run silently in the night.
511,花椰猴,Pansage,草,草,50,57,48,57,48,62,活力 / 丛林守卫 / 轻装,茂盛 / 食草 / 叶绿体,16,37,0,0,This Pokémon dwells deep in the forest. It's good at finding berries and gathers them from all over. It's kind enough to share them with friends.
512,花椰猿,Simisage,草,草,75,105,65,105,65,105,活力 / 丛林守卫 / 轻装,茂盛 / 食草 / 叶绿体,23,40,0,0,"Ill tempered, it attacks enemies by swinging its barbed tail around wildly. The leaf growing on its head is very bitter."
513,爆香猴,Pansear,火,火,50,74,48,43,43,64,贪吃鬼 / 猴子把戏 / 火焰占卜,猛火 / 恶作剧之心 / 引火,15,35,0,0,"The fire within the tuft on its head can reach up to 600ºF. Very intelligent, it roasts berries before eating them. It likes to help people."
514,爆香猿,Simisear,火,火,75,113,81,80,70,101,贪吃鬼 / 猴子把戏 / 火焰占卜,猛火 / 恶作剧之心 / 引火,22,38,0,0,It loves sweets because they become energy for the fire burning inside its body. It scatters embers from its head and tail to sear its opponents.
515,冷水猴,Panpour,水,水,71,43,43,53,48,64,恶作剧之心 / 贤者之力 / 友情防守,激流 / 引水 / 治愈之心,16,36,0,0,"The water stored inside the tuft of its head is rich in nutrients. It waters plants using its tail, plants that receive its water grow large."
516,冷水猿,Simipour,水,水,110,72,70,93,74,101,恶作剧之心 / 贤者之力 / 友情防守,激流 / 引水 / 治愈之心,22,39,0,0,It can shoot highly-pressurised water from its tail with enough power to break through a solid concrete wall. It prefers places with clean water.
517,食梦梦,Munna,超能,超能,76,25,45,77,55,24,捕梦人 / 同步 / 预知梦,飘浮 / 美梦 / 催眠师,18,38,0,0,This Pokémon appears before people and Pokémon who are having nightmares and eats those dreams. Munna always float in the air. 
518,梦梦蚀,Musharna,超能,超能,116,55,85,117,95,29,化学变化气体 / 美梦 / 预知梦,飘浮 / 奇迹皮肤 / 梦境,20,40,0,0,The mist emanating from their foreheads is packed with the dreams of people and Pokémon. It changes into different colors depending on the dream that was eaten.
519,豆豆鸽,Pidove,一般,飞行,70,55,50,36,30,43,超幸运 / 纯朴 / 斗争心,锐利目光 / 健壮胸肌 / 迷人之躯,19,27,0,0,This very forgetful Pokémon will wait for a new order from its Trainer even though it already has one. Flocks often gather in parks and plazas.
520,咕咕鸽,Tranquill,一般,飞行,82,77,62,50,42,65,超幸运 / 纯朴 / 斗争心,锐利目光 / 健壮胸肌 / 持久力,20,27,0,0,"No matter where in the world it goes, it knows where its nest is, so it can always return to its Trainer's location regardless of the distance."
521,高傲雉鸡,Unfezant,一般,飞行,100,115,80,65,55,93,加速 / 健壮胸肌 / 轻装,自命不凡 / 超幸运 / 速度之力,22,30,0,0,Males have plumage on their heads. The females' flying abilities surpass those of the males. They will only let themselves feel close to their Trainers.
522,斑斑马,Blitzle,电,电,55,70,32,50,32,76,终端速度 / 速度之力 / 发电机,逃足 / 肾上腺素冲击 / 电气引擎,16,28,0,0,Its mane shines when it discharges electricity. They use the frequency and rhythm of these flashes to communicate with one another.
523,雷电斑马,Zebstrika,电,电,85,110,63,80,63,116,肾上腺素冲击 / 脉冲 / 动量,舍身 / 速度之力 / 电气引擎,17,30,0,0,"When Zebstrika run at full speed, the sound of thunder reverberates. It is dangerous when it's angry as it shoots lightning from its mane in all directions."
524,石丸子,Roggenrola,岩石,岩石,55,25,85,75,25,15,结实 / 碎裂铠甲 / 沙之力,动力核心 / 坚不可摧 / 松散岩石,15,33,0,0,"The hexagonal cavity is its ear. It walks in the direction of sounds it hears, but if the sounds cease, it panics and topples over."
525,地幔岩,Boldore,岩石,岩石,70,50,105,105,40,20,结实 / 碎裂铠甲 / 沙之力,动力核心 / 坚不可摧 / 松散岩石,16,33,0,0,"Its orange crystal is a mass of energy. Just one crystal fragment would provide enough fuel for a hundred dump trucks. When it is healthy, its core sticks out."
526,庞岩怪,Gigalith,岩石,岩石,85,60,130,135,80,25,松散岩石 / 扬沙 / 太阳之力,动力核心 / 结实 / 沙之力,17,35,0,0,"The blasts of energy it makes from sunbeams have terrifying power. However, it's not able to fire its blasts at night or on rainy days."
527,滚滚蝙蝠,Woobat,超能,飞行,65,45,43,75,43,72,散发 / 飞行皮肤 / 单纯,纯朴 / 空气动力学 / 隔音,13,37,0,0,Its habitat is dark forests and caves. Suction from its nostrils enables it to stick to cave walls during sleep. It leaves a heart-shaped mark behind.
528,心蝙蝠,Swoobat,超能,飞行,67,57,55,97,55,114,链锯 / 纯朴 / 单纯,散发 / 空气动力学 / 巨响,18,39,0,0,Anyone who comes into contact with the ultrasonic waves emitted by a courting male experiences a positive mood shift.
529,螺钉地鼠,Drilbur,地面,地面,60,85,40,30,45,68,破格 / 旷野探险家 / 狂暴突袭,挖沙 / 沙之力 / 大地束缚,11,31,0,0,It can dig through the ground at a speed of 30 mph by spinning its body. It could give a car running aboveground a good race.
530,龙头地鼠,Excadrill,地面,钢,110,135,60,50,65,88,破格 / 硬爪 / 沙之力,挖沙 / 钢能力士 / 大地束缚,15,37,0,0,"More than 300 feet below the surface, they build mazelike nests. Their activity can be destructive to subway tunnels, but it can also help with construction."
531,差不多娃娃,Audino,一般,一般,103,60,96,80,96,50,遁走 / 守护者 / 热情好客,温柔爱意 / 再生力 / 治愈之心,21,38,0,0,"Its auditory sense is astounding. Using the feelers on its ears, it can tell how someone is feeling or when an egg might hatch. "
532,搬运小匠,Timburr,格斗,格斗,75,80,55,25,35,35,强行 / 伐木工 / 持久力,远隔 / 施肥 / 干劲,22,39,0,0,"These Pokémon appear at building sites and help out with construction. They always carry squared logs. As they grow, they carry bigger logs."
533,铁骨土人,Gurdurr,格斗,格斗,85,105,85,40,50,40,强行 / 金属化 / 持久力,远隔 / 钢能力士 / 坚不可摧,23,39,0,0,They strengthen their bodies by carrying steel beams. This Pokémon is so muscular and strongly built that even a group of wrestlers could not make it budge an inch.
534,修建老匠,Conkeldurr,格斗,格斗,105,140,95,55,65,45,强行 / 毅力 / 持久力,远隔 / 矿化 / 主宰,26,41,0,0,"They use concrete pillars as walking canes. Rather than rely solely on force, they master moves that utilize the centrifugal force of spinning concrete."
535,圆蝌蚪,Tympole,水,水,50,70,40,70,40,64,湿润之躯 / 隔音 / 湿润之声,储水 / 湿气 / 愧疚,19,40,0,0,"By vibrating its cheeks, it emits sound waves imperceptible to humans. It uses the rhythm of these sounds to talk and warns others of danger."
536,蓝蟾蜍,Palpitoad,水,地面,75,85,55,85,55,69,湿气 / 沙之歌 / 湿润之声,储水 / 共鸣 / 巨响,19,40,0,0,"It lives in the water and on land. When they vibrate the bumps on their heads, they can make waves in water or earthquake-like vibrations on land."
537,蟾蜍王,Seismitoad,水,地面,105,105,75,105,75,74,悠游自如 / 沙之歌 / 铁拳之力,储水 / 剧毒之触 / 余震,25,41,0,0,It increases the power of its punches by vibrating the bumps on its fists. They can also shoot paralyzing liquid from their head bumps.
538,投摔鬼,Throh,格斗,格斗,120,100,85,30,85,45,毅力 / 技术高手 / 破格,主宰 / 分析 / 强投手,26,40,0,0,"When it tightens its belt, it becomes stronger. Wild Throh use vines to weave their own belts. It changes belts as it gets more powerful."
539,打击鬼,Sawk,格斗,格斗,75,125,75,30,75,85,结实 / 技术高手 / 破格,斗士 / 铁拳 / 致命精准,26,36,0,0,The sound of Sawk punching boulders and trees can be heard all the way from the mountains where they train. Disturbing their training angers them.
540,虫宝包,Sewaddle,虫,草,45,53,70,40,60,42,吐丝者 / 伐木工 / 食草,虫之预感 / 叶绿体 / 防尘,3,17,0,0,"It chews up leaves and sews them with sticky thread extruded from its mouth. Since this Pokémon makes its own clothes, it is a mascot for fashion designers."
541,宝包茧,Swadloon,虫,草,55,63,90,50,80,42,茂密丛林 / 懦夫 / 草之皮毛,青草制造者 / 叶绿体 / 防尘,17,29,0,0,Forests where Swadloon live have superb foliage because the nutrients they make from fallen leaves nourish the plant life.
542,保姆虫,Leavanny,虫,草,75,110,80,55,80,110,友情防守 / 叶绿素 / 双持,锐利刀刃 / 超幸运 / 防尘,19,38,0,0,It keeps its eggs warm with heat from fermenting leaves. It also uses leaves to weave warm wrappings for Sewaddle by using the silk secreted from its mouth.
543,百足蜈蚣,Venipede,虫,毒,30,45,59,30,39,57,紧张感 / 神经毒素 / 加速,毒刺 / 蜕皮 / 极度好战,14,28,0,0,"Using the feelers on its head and tail, it picks up vibrations in the air to determine its prey's location and state. It is brutally aggressive."
544,车轮球,Whirlipede,虫,毒,65,55,99,55,89,57,钳制 / 毒刺 / 加速,黏液膜 / 神经毒素 / 硬壳盔甲,15,28,0,0,"Storing energy for evolution, it sits. But when attacked, it spins its body at high speed like a wheel and then crashes furiously into its opponent."
545,蜈蚣王,Scolipede,虫,毒,90,100,96,55,69,115,钳制 / 掠食者 / 加速,溶血毒素 / 毒刺 / 极度好战,19,29,0,0,"With quick movements, it chases down its foes, attacking relentlessly with its horns until it prevails. Then it finishes them off with deadly poison."
546,木棉球,Cottonee,草,妖精,40,27,60,37,50,66,恶作剧之心 / 愧疚 / 空气动力学,穿透 / 棉絮 / 毛茸茸,21,35,0,0,"When it finds others of its kind, they all stick together. When enough of them have collected, the mass resembles a cumulonimbus cloud."
547,风妖精,Whimsicott,草,妖精,80,57,85,77,85,116,恶作剧之心 / 乘风 / 吹气筒,穿透 / 棉絮 / 毛茸茸,23,44,0,0,"It rides on the wind and slips into people's homes. After it has turned a room into a cotton-filled mess, it giggles to itself and takes off."
548,百合根娃娃,Petilil,草,草,45,35,50,70,50,30,热情好客 / 叶子防守 / 太阳之力,自然回复 / 叶绿素 / 茂盛,11,34,0,0,"By pruning the leaves on its head with regularity, this Pokémon can be grown into a fine plump shape. These bitter leaves refresh those who eat them."
549,裙儿小姐,Lilligant,草,妖精,80,60,80,110,80,90,太阳之力 / 舞者 / 叶绿体,叶绿素 / 自然回复 / 茂盛,18,44,0,0,Even veteran Trainers face a challenge in getting its beautiful flower to bloom. It withers away if a trainer does not take good care of it.
550,野蛮鲈鱼,Basculin,水,水,70,92,65,80,55,118,破格 / 强壮之颚 / 掠食者,激流 / 适应力 / 极度好战,12,27,0,0,"Red and blue Basculin usually do not get along, but sometimes members of one school mingle with the other's school. These Pokémon are very hostile."
551,黑眼鳄,Sandile,地面,恶,50,72,35,35,35,65,威吓 / 自信过度 / 愤怒穴位,挖沙 / 拾荒者 / 强壮之颚,18,32,0,0,It conceals itself in the sand and chomps down on the legs of any prey that unwarily walk over it. Its favorite food is Trapinch.
552,混混鳄,Krokorok,地面,恶,60,82,45,45,45,74,威吓 / 自信过度 / 愤怒穴位,挖沙 / 拾荒者 / 强壮之颚,18,34,0,0,"They move in groups of a few individuals. Thanks to the special membrane covering its eyes, it can see its surroundings clearly, even in the dead of night."
553,流氓鳄,Krookodile,地面,恶,95,117,80,65,70,92,威吓 / 自信过度 / 愤怒穴位,极度好战 / 掠食者 / 强壮之颚,20,36,0,0,"Very violent Pokémon, they never allow their prey to escape. Their jaws are so powerful, they can crush the body of an automobile."
554,火红不倒翁,Darumaka,火,火,70,90,45,15,45,50,活力 / 强行 / 热交换,火焰之躯 / 超幸运 / 涡轮火焰,20,40,0,0,"When its internal fire is burning, it cannot calm down and it runs around. When the fire diminishes, it pulls its limbs into its body and falls asleep."
555,达摩狒狒,Darmanitan,火,火,105,140,65,50,65,95,一猩一意 / 强行 / 雷召,火焰之躯 / 铁拳 / 涡轮火焰,33,52,0,0,"When one is injured in a fierce battle, it transforms into a stone statue. Then it meditates and sharpens its mind and fights on mentally."
556,沙铃仙人掌,Maractus,草,草,75,86,67,106,67,60,储水 / 自给自足 / 引水,粗糙皮肤 / 叶绿素 / 防尘,27,37,0,0,"Arid regions are their habitat. When it moves rhythmically, it makes a sound similar to maracas, making the surprised Pokémon flee."
557,石居蟹,Dwebble,虫,岩石,50,75,95,35,35,55,结实 / 坚硬岩石 / 碎裂铠甲,磐石意志 / 硬壳盔甲 / 钳制,17,27,0,0,"It makes a hole in a stone of a suitable size. If that rock breaks, the Pokémon remains agitated until it locates a replacement."
558,岩殿居蟹,Crustle,虫,岩石,70,115,135,65,75,45,结实 / 坚硬岩石 / 碎裂铠甲,磐石意志 / 硬壳盔甲 / 钳制,17,29,0,0,"Competing for territory, Crustle fight viciously. The one whose boulder is broken is the loser of the battle and begins to weaken."
559,滑滑小子,Scraggy,恶,格斗,50,75,70,35,70,48,斗争心 / 自信过度 / 威吓,蜕皮 / 坚硬脑袋 / 舍身,23,43,0,0,"Its skin has a rubbery elasticity, so it can reduce damage by defensively pulling its skin up to its neck. Its skull is massively thick."
560,头巾混混,Scrafty,恶,格斗,65,90,115,45,115,58,前锋 / 自信过度 / 威吓,蜕皮 / 坚硬脑袋 / 舍身,31,46,0,0,"Groups of them beat up anything that enters their territory. The one with the biggest crest is the group leader, and is the most respected."
561,象征鸟,Sigilyph,超能,飞行,72,58,90,108,90,102,低能见度 / 捕梦人 / 贤者之力,鸟群 / 有色眼镜 / 奇迹皮肤,19,41,0,0,"The guardians of an ancient city, they always fly the same route while keeping watch for invaders. They use their psychic power to attack enemies."
562,哭哭面具,Yamask,幽灵,幽灵,38,30,85,55,65,30,木乃伊 / 幻影防守 / 影子游戏,复仇 / 诅咒之躯 / 安息,16,37,0,0,These Pokémon arose from the spirits of people interred in graves in past ages. Each of them carries a mask that used to be its face when it was human.
563,迭失棺,Cofagrigus,幽灵,钢,75,50,145,78,105,30,木乃伊 / 幻影防守 / 影子游戏,恒净之躯 / 钢能力士 / 诅咒之躯,23,46,0,0,Grave robbers who mistake them for real coffins and get too close end up trapped inside their bodies. Their bodies are covered in pure gold. 
564,原盖海龟,Tirtouga,水,岩石,54,93,103,53,45,22,机会主义者 / 悠游自如 / 掠食者,化石 / 硬壳盔甲 / 坚硬岩石,15,34,0,0,"Reputed to be the ancestor of most turtle Pokémon, it lived in warm seas about a hundred million years ago. It was restored from a fossil."
565,肋骨海龟,Carracosta,水,岩石,74,128,133,83,65,32,坚壁 / 悠游自如 / 鞭打,硬壳盔甲 / 坚硬岩石 / 掠食者,18,39,0,0,They can live both in the ocean and on land. Incredible jaw strength enables them to chew up steel beams and rocks along with their prey.
566,始祖小鸟,Archen,岩石,飞行,55,112,45,74,45,70,机会主义者 / 坚硬脑袋 / 轻装,受迫 / 接地 / 化石,17,35,0,0,"Said to be the ancestor of all bird Pokémon, Archen itself could not actually fly but moved by hopping from treetop to treetop."
567,始祖大鸟,Archeops,岩石,飞行,75,140,65,112,65,110,机会主义者 / 掠食者 / 舍身,受迫 / 化石 / 坚硬脑袋,23,40,0,0,"They are intelligent and will cooperate to catch prey. When one Archeops had the prey cornered, another would swoop on it."
568,破破袋,Trubbish,毒,毒,50,50,77,40,62,65,剧毒之触 / 毒棘 / 废料场,恶臭 / 引爆 / 毒吸收,22,31,0,0,It gorges on trash until its stomach is full. Then it belches toxic gas. An unlucky whiff of this gas will put a person in the hospital.
569,灰尘山,Garbodor,毒,钢,80,95,102,60,82,75,剧毒之触 / 毒棘 / 废料场,恶臭 / 拾荒者 / 毒溢,30,41,0,0,"Beware the poisonous liquid it shoots from its right arm. If even a little of it gets on you, you'll experience the full effects of this unidentified toxin."
570,索罗亚,Zorua,恶,恶,40,80,40,65,40,65,恶意 / 遁走 / 机会主义者,幻觉 / 弱点利用 / 埋伏,14,36,0,0,"To protect themselves from danger, they hide their true identities by transforming into people and Pokémon. Apparently, it often transforms into a silent child."
571,索罗亚克,Zoroark,恶,恶,60,120,60,105,60,105,恶意 / 遁走 / 机会主义者,幻觉 / 弱点利用 / 埋伏,18,41,0,0,Bonds between these Pokémon are very strong. It protects the safety of its pack by tricking its opponents. They defend their lair with illusory scenery.
572,泡沫栗鼠,Minccino,一般,一般,55,50,40,40,40,75,完美主义者 / 防尘 / 连续攻击,技术高手 / 迷人之躯 / 柔软,16,22,0,0,"These Pokémon prefer a tidy habitat. They greet one another by rubbing each other with their tails, which are always kept well groomed and clean."
573,奇诺栗鼠,Cinccino,一般,一般,75,95,60,65,60,115,完美主义者 / 捡拾 / 连续攻击,技术高手 / 迷人之躯 / 防尘,19,22,0,0,"Their white fur feels amazing to touch. Cinccino's body is coated in a special oil that repels dust and helps it deflect attacks, such as punches."
574,哥德宝宝,Gothita,超能,超能,50,30,50,65,70,45,察觉 / 好胜 / 影子游戏,夜行 / 超能之心 / 魔法镜,28,46,0,0,"They intently observe both Trainers and Pokémon. Apparently, Gothita are looking at something that only they can see. Their ribbonlike feelers increase their power."
575,哥德小童,Gothorita,超能,超能,65,45,70,85,90,55,察觉 / 好胜 / 影子游戏,夜行 / 超能之心 / 魔法镜,29,47,0,0,Starlight is the source of their power. They use hypnosis to control people and Pokémon. Tales of Gothorita leading them astray are told in every corner.
576,哥德小姐,Gothitelle,超能,超能,80,55,95,115,130,65,察觉 / 好胜 / 影子游戏,夜行 / 超能之心 / 魔法镜,30,50,0,0,"Starry skies thousands of light-years away are visible in the space distorted by their intense psychic power. When it learns its Trainer's life span, it cries in sadness."
577,单卵细胞球,Solosis,超能,超能,45,30,40,105,50,20,防尘 / 脑核之力 / 扭曲空间,再生力 / 液化 / 魔法防守,14,34,0,0,"Because their bodies are enveloped in a special liquid, they are fine in any environment, no matter how severe. They can use telepathy to talk with others."
578,双卵细胞球,Duosion,超能,超能,65,40,50,125,60,30,防尘 / 脑核之力 / 扭曲空间,再生力 / 液化 / 魔法防守,14,34,0,0,"When their brains, now divided in two, are thinking the same thoughts, these Pokémon exhibit their maximized psychic power."
579,人造细胞卵,Reuniclus,超能,超能,110,115,75,125,85,30,防尘 / 脑核之力 / 扭曲空间,再生力 / 液化 / 魔法防守,25,40,0,0,"They use psychic power to control their arms, which are made of a special liquid. When Reuniclus shake hands, a network forms between their brains."
580,鸭宝宝,Ducklett,水,飞行,62,64,50,64,50,65,湿气 / 斗争心 / 悠游自如,鸟群 / 锐利目光 / 健壮胸肌,16,38,0,0,"These bird Pokémon are excellent divers. They are better at swimming than flying, and they happily eat their favorite food, peat moss, as they dive underwater."
581,舞天鹅,Swanna,水,飞行,90,97,75,75,103,87,舞者 / 防尘 / 极度好战,鸟群 / 锐利目光 / 华贵之鸟,22,41,0,0,"Despite their elegant appearance, they can flap their wings strongly and fly for thousands of miles. The one in the middle is the leader of the flock."
582,迷你冰,Vanillite,冰,冰,36,50,50,65,60,60,冰冻皮肤 / 降雪 / 碎裂铠甲,永冻土 / 冰冻之躯 / 拨雪,10,34,0,0,The temperature of their breath is -58ºF. They create snow crystals and make snow fall in the areas around them. Vanillite is treasured by households in warm regions.
583,多多冰,Vanillish,冰,冰,51,65,65,80,75,75,冰冻皮肤 / 降雪 / 碎裂铠甲,永冻土 / 冰冻之躯 / 拨雪,12,37,0,0,"Vanillish has existed since the Ice Age. It controls particles of ice, freezes its opponents, and then shatters them with a headbutt."
584,双倍多多冰,Vanilluxe,冰,冰,71,95,85,110,95,95,雪隐 / 降雪 / 碎裂铠甲,多头龙 / 冰冻之躯 / 拨雪,14,41,0,0,"Each of its two heads has a brain, and when they are in agreement, it attacks its enemies by exhaling a violent blizzard. It makes snow clouds inside its body."
585,四季鹿,Deerling,一般,草,60,60,50,40,50,75,叶绿素 / 适应力 / 天恩,茂盛 / 狂暴突袭 / 食草,12,30,0,0,Their coloring changes according to the seasons and can be slightly affected by the temperature and humidity as well. People use it to mark the seasons.
586,萌芽鹿,Sawsbuck,一般,草,80,100,70,60,70,95,适应力 / 连续攻击 / 叶绿素,硬化鞘 / 狂暴突袭 / 规避,18,35,0,0,Some people call Sawsbuck the harbingers of spring because the plants growing on its horns change according to the season. The leader possesses magnificent horns.
587,电飞鼠,Emolga,电,飞行,65,40,60,110,75,125,发电机 / 大力士 / 模糊,静电 / 电气引擎 / 空气动力学,19,41,0,0,It glides using its cape-like membrane. It grills berries and bug Pokémon with electric shocks from the pouches on its cheeks and makes a meal of them.
588,盖盖虫,Karrablast,虫,虫,50,75,45,40,45,60,无防守 / 湿润之躯 / 轻装,虫之预感 / 蜕皮 / 黏着,15,26,0,0,"When they feel threatened, they spit an acidic liquid to drive attackers away. For some reason they evolve while they are in the same place as Shelmet."
589,骑士蜗牛,Escavalier,虫,钢,70,135,105,60,105,60,无防守 / 防尘 / 金属防护,虫之预感 / 硬壳盔甲 / 加速,22,30,0,0,"Wearing the shell covering they stole from Shelmet, they defend themselves and attack with two lances. The steel armor protects their whole body."
590,哎呀球菇,Foongus,草,毒,69,60,60,60,70,15,穿透 / 菌丝之力 / 适应力,再生力 / 孢子 / 干燥皮肤,14,33,0,0,"It lures Pokémon in with its pattern that looks just like a Poké Ball, then releases its poison spores. Why it resembles a Poké Ball is unknown."
591,败露球菇,Amoonguss,草,毒,114,85,85,85,95,30,雨盘 / 菌丝之力 / 毒沼制造者,再生力 / 孢子 / 干燥皮肤,16,38,0,0,"It lures prey close by dancing and waving its arm caps, which resemble Poké Balls, in a swaying motion, but very few Pokémon are fooled by this."
592,轻飘飘,Frillish,水,幽灵,75,40,50,65,85,40,低能见度 / 恒净之躯 / 免疫,储水 / 诅咒之躯 / 剧毒之触,17,37,0,0,"If its veil-like arms stun and wrap an opponent, that foe will be dragged five miles below the surface to its lair, never to return."
593,胖嘟嘟,Jellicent,水,幽灵,120,60,70,85,105,60,低能见度 / 恒净之躯 / 免疫,水泡 / 噬魂 / 剧毒之触,19,39,0,0,They propel themselves by expelling absorbed seawater from their bodies. It's said there's a castle of ships Jellicent have sunk on the seafloor.
594,保姆曼波,Alomomola,水,水,165,75,80,60,45,65,治愈之心 / 自然回复 / 水幕,奇迹皮肤 / 再生力 / 自给自足,22,36,0,0,"When they find a wounded Pokémon, they embrace it and bring it to shore. The special membrane enveloping Alomomola has the ability to heal wounds."
595,电电虫,Joltik,虫,电,50,47,50,64,50,65,掠食者 / 紧张感 / 蜘蛛巢,机会主义者 / 虫之预感 / 复眼,13,38,0,0,"Since they can't generate their own electricity, they attach themselves to large-bodied Pokémon and absorb static electricity, which they store in a pouch."
596,电蜘蛛,Galvantula,虫,电,70,77,60,107,60,108,短路 / 压制 / 蜘蛛巢,不仁不义 / 技术高手 / 复眼,17,42,0,0,"It creates barriers from electrified silk that stun foes. This works as a weapon as well as a defense. While it is immobilized by shock, they leisurely consume it."
597,种子铁球,Ferroseed,草,钢,44,50,91,24,86,10,坚不可摧 / 防弹 / 黏着,铁棘 / 我们滚吧 / 战斗盔甲,17,35,0,0,"It absorbs the iron it finds in the rock while clinging to the ceiling of caves. When threatened, it attacks by shooting a barrage of spikes."
598,坚果哑铃,Ferrothorn,草,钢,74,94,131,54,116,20,坚不可摧 / 粗糙皮肤 / 坚壁,铁棘 / 我们滚吧 / 战斗盔甲,21,39,0,0,It fights by swinging around its three spiky feelers and shooting spikes. A hit from these steel spikes can reduce a boulder to rubble.
599,齿轮儿,Klink,钢,钢,40,55,70,55,60,50,钢能力士 / 电气制造者 / 电气皮肤,多头龙 / 结实 / 金属防护,12,28,0,0,Two bodies comprise a fixed pair. The two minigears that mesh together are predetermined. Each will rebound from other minigears without meshing.
600,齿轮组,Klang,钢,钢,60,80,95,80,85,70,钢能力士 / 电气制造者 / 电气皮肤,多头龙 / 结实 / 金属防护,17,28,0,0,A minigear and big gear comprise its body. Spinning minigears are rotated at high speed and repeatedly fired away. It is dangerous if the gears don't return.
601,齿轮怪,Klinklang,钢,钢,60,100,115,100,85,90,技术高手 / 电气制造者 / 坚不可摧,多头龙 / 结实 / 钢能力士,19,30,0,0,Its red core functions as an energy tank. It is rotated at high speed for a rapid energy charge. It fires the charged energy through its spikes into an area.
602,麻麻小鱼,Tynamo,电,电,35,65,50,55,50,60,蓄电 / 湿气 / 水生,飘浮 / 发电机 / 水幕,7,38,0,0,"These Pokémon move in schools. One alone can emit only a trickle of electricity, so a group of them gathers to unleash a powerful electric shock."
603,麻麻鳗,Eelektrik,电,电,65,85,70,75,70,40,电细胞 / 湿气 / 水生,飘浮 / 电击之颚 / 盘卷,22,41,0,0,These Pokémon have a big appetite. It wraps itself around its prey and paralyzes it with electricity from the round spots on its sides. Then it chomps.
604,麻麻鳗鱼王,Eelektross,电,电,85,115,90,105,90,50,炮术 / 诺斯费拉图 / 湿气,飘浮 / 电细胞 / 水合,29,47,0,0,"They crawl out of the ocean using their arms. They will attack prey on shore and immediately drag it into the ocean, with their sucker mouths."
605,小灰怪,Elgyem,超能,超能,65,55,63,93,55,20,脑核之力 / 扭曲空间 / 北风,后攻 / 超能之心 / 飘浮,27,44,0,0,"It psychically squeezes the brain of its foe, causing unendurable headaches. Rumors of its origin are linked to a UFO crash site in the desert 50 years ago."
606,大宇怪,Beheeyem,超能,超能,75,95,105,141,105,30,有色眼镜 / 扭曲空间 / 铬涂层,精于算计 / 压迫感 / 念动力,30,46,0,0,"It can manipulate an opponent's memory. Apparently, it communicates by flashing its three fingers, but those patterns haven't been decoded. "
607,烛光灵,Litwick,幽灵,火,50,30,55,75,55,40,火焰之躯 / 飘渺冲刺 / 作祟的魂魄,引火 / 噬魂 / 发光,16,34,0,0,"While Litwick shines a light and pretends to be a guide, it absorbs the life force of any who follow it, which becomes the fuel that it burns."
608,灯火幽灵,Lampent,幽灵,火,60,40,60,95,60,55,引火 / 飘渺冲刺 / 作祟的魂魄,飘浮 / 噬魂 / 发光,16,34,0,0,"This ominous Pokémon is feared. Through cities it wanders, searching for the spirits of the fallen. The spirits it absorbs fuel its baleful fire."
609,水晶灯火灵,Chandelure,幽灵,火,80,55,90,145,90,80,引火 / 飘渺冲刺 / 影子游戏,飘浮 / 火焰占卜 / 发光,17,38,0,0,"Being consumed in Chandelure's flame burns up the spirit, leaving the body behind. By waving the flames on its arms, it puts its foes into a hypnotic trance."
610,牙牙,Axew,龙,龙,46,87,60,30,40,57,压制 / 纯朴 / 自信过度,威吓 / 巨钳 / 掠食者,20,28,0,0,"They mark their territory by leaving gashes in trees with their tusks. If a tusk breaks, a new one grows in quickly, harder and sturdier than the last."
611,斧牙龙,Fraxure,龙,龙,66,117,70,40,50,67,威吓 / 锐利刀刃 / 自信过度,斗争心 / 巨钳 / 战斗盔甲,22,28,0,0,"Their tusks can shatter rocks. A broken tusk will not grow back, so it diligently sharpens its tusks on river rocks after the end of a battle."
612,双斧战龙,Haxorus,龙,龙,76,147,90,60,70,97,雷召 / 锐利刀刃 / 强行,异兽提升 / 掠食者 / 威吓,25,30,0,0,They are kind but can be relentless when defending territory. Their sturdy tusks will stay sharp even if used to cut steel beams.
613,喷嚏熊,Cubchoo,冰,冰,55,80,40,50,40,50,雪隐 / 掠夺者 / 硬爪,毅力 / 飞毛腿 / 毛皮大衣,17,38,0,0,"Its nose is always running. Their snot is a barometer of health. When healthy, their snot is sticky and the power of their ice moves increases."
614,冻原熊,Beartic,冰,冰,95,130,80,70,80,50,雪隐 / 掠食者 / 威吓,硬爪 / 免疫 / 登山者,18,40,0,0,"It freezes its breath to create fangs and claws of ice to fight with. Very able in the water, it swims around in northern seas and catches prey."
615,几何雪花,Cryogonal,冰,冰,80,50,50,95,135,105,北风 / 水合 / 冰霜占卜,冰霜之魂 / 冰冻之躯 / 永冻土,17,36,0,0,"They are born in snow clouds. When its body temperature goes up, it turns into steam and vanishes. When its temperature lowers, it returns to ice."
616,小嘴蜗,Shelmet,虫,钢,50,50,85,65,65,25,湿气 / 剧毒之触 / 恒净之躯,硬壳盔甲 / 虫之预感 / 防尘,14,36,0,0,"When attacked, it defends itself by closing the lid of its shell. It evolves when bathed in an electric-like energy along with Karrablast."
617,敏捷虫,Accelgor,虫,恶,80,105,40,105,60,145,动量 / 轻装 / 模糊,虫之预感 / 完美主义者 / 变幻自如,28,42,0,0,"When its body dries out, it weakens. So, to prevent dehydration, it wraps itself in layers of thin membrane. It is very light and fights with ninja-like movements."
618,泥巴鱼,Stunfisk,地面,电,109,66,84,81,99,32,沙穴 / 水生 / 电气制造者,纯朴 / 静电 / 干燥皮肤,18,39,0,0,"It conceals itself in the mud of the seashore. Then it waits. When prey touch it, it delivers a jolt of electricity. It smiles when transmitting electricity."
619,功夫鼬,Mienfoo,格斗,格斗,45,85,50,55,50,65,铁拳 / 柔软 / 再生力,精神力 / 舍身 / 速度之力,20,38,0,0,"They have mastered elegant combos. As they concentrate, their battle moves become swifter and more precise. What it lacks in power, it makes up for in quantity."
620,师父鼬,Mienshao,格斗,格斗,65,125,60,95,60,105,胆量 / 轻装 / 斗争精神,格斗专家 / 再生力 / 廉价战术,27,45,0,0,They use the long fur on their arms as a whip to strike their opponents. Its arm attacks come with such rapidity that they cannot even be seen.
621,赤面龙,Druddigon,龙,龙,97,120,90,60,90,48,坚不可摧 / 太阳崇拜 / 沐日,硬爪 / 坚硬岩石 / 破格,28,34,0,0,"It warms its body by absorbing sunlight with its wings. When its body temperature falls, it can no longer move. It uses its sharp claws to catch prey."
622,泥偶小人,Golett,地面,幽灵,59,84,60,35,60,35,铁拳之力 / 幻影防守 / 无防守,复仇 / 动力核心 / 自我修复,18,34,0,0,These Pokémon are thought to have been created by the science of an ancient and mysterious civilization. It's been active for thousands of years.
623,泥偶巨人,Golurk,地面,幽灵,89,134,90,55,90,55,铁拳之力 / 无防守 / 铁拳,动力核心 / 幻影防守 / 自我修复,23,39,0,0,Golurk were created to protect people and Pokémon by an ancient civilisation. Removing the seal on its chest makes its internal energy go out of control.
624,驹刀小兵,Pawniard,恶,钢,45,85,70,40,40,60,压迫感 / 不服输 / 机会主义者,锐利刀刃 / 巨钳 / 战斗盔甲,12,27,0,0,"Ignoring their injuries, groups attack by sinking the blades that cover their bodies into their prey. If battling dulls them, it sharpens them on stones by the river."
625,劈斩司令,Bisharp,恶,钢,65,125,100,60,70,70,压迫感 / 不服输 / 机会主义者,锐利刀刃 / 巨钳 / 战斗盔甲,17,27,0,0,"This pitiless Pokémon commands a group of Pawniard to hound prey into immobility. It battles to become the boss, but will be driven from the group if it loses."
626,爆炸头水牛,Bouffalant,一般,一般,95,110,105,60,105,55,隔音 / 食草 / 舍身,坚硬脑袋 / 愤怒穴位 / 毛皮大衣,24,32,0,0,"Their fluffy fur absorbs damage, even if they strike foes with a fierce headbutt. Their headbutts have enough destructive force to derail a train."
627,毛头小鹰,Rufflet,一般,飞行,70,83,50,37,50,60,强行 / 不服输 / 斗争心,鸟群 / 锐利目光 / 机会主义者,9,30,0,0,"With its sharp claws, this Pokémon pierces its prey, and then it pecks at them. Although it also consumes berries, it's a carnivore at heart."
628,勇士雄鹰,Braviary,一般,飞行,100,123,75,57,75,80,正义之心 / 巨翼 / 疾风之翼,鸟群 / 不服输 / 健壮胸肌,15,40,0,0,"For the sake of its friends, this brave warrior of the sky will not stop battling, even if it is injured. One can carry a car while flying."
629,秃鹰丫头,Vullaby,恶,飞行,70,55,75,45,65,60,健壮胸肌 / 碎裂铠甲 / 防尘,鸟群 / 锐利目光 / 拾荒者,22,33,0,0,It can't fly yet and must wait until its wings have developed more. They guard their posteriors with bones that were gathered by Mandibuzz.
630,秃鹰娜,Mandibuzz,恶,飞行,110,65,105,55,95,80,健壮胸肌 / 巨翼 / 吹气筒,防尘 / 持久力 / 拾荒者,24,35,0,0,"They adorn themselves beautifully with bones. This is supposedly an effort to attract males, but no male Mandibuzz have ever been found."
631,熔蚁兽,Heatmor,火,钢,85,97,96,96,96,65,致命精准 / 硬爪 / 熔炉,钢能力士 / 贪吃鬼 / 致命精准,27,36,0,0,"It draws in air through its tail, transforms it into fire, and uses it like a tongue. They burn through Durant's steel bodies and consume their insides."
632,铁蚁,Durant,虫,钢,68,109,112,48,78,109,活力 / 掠夺者 / 钢能力士,虫之预感 / 强壮之颚 / 复眼,14,28,0,0,"Durant dig nests in mountains. Individuals each play different roles in driving Heatmor, their natural predator, away from their colony."
633,单首龙,Deino,恶,龙,52,45,50,65,50,38,活力 / 强行 / 心情不定,极度好战 / 掠食者 / 惊吓,15,29,0,0,"Lacking sight, it's unaware of its surroundings, so it bumps into things and eats anything that moves. Approaching it carelessly is dangerous."
634,双首暴龙,Zweilous,恶,龙,72,65,70,85,70,58,活力 / 强行 / 心情不定,多头龙 / 贪吃鬼 / 掠食者,17,29,0,0,"After it has eaten up all the food in its territory, it moves on to another area. Whichever head eats more than the other gets to be the leader."
635,三首恶龙,Hydreigon,恶,龙,92,105,90,125,90,98,惊吓 / 超级发射器 / 异兽提升,多头龙 / 飘浮 / 掠食者,27,37,0,0,This brutal Pokémon travels the skies on its six wings. The heads on their arms do not have brains. They use all three heads to consume and destroy everything.
636,燃烧虫,Larvesta,虫,火,55,50,55,85,55,60,粉末爆炸 / 引火 / 干旱,虫之预感 / 鳞粉 / 猛火,14,29,0,0,This Pokémon was believed to have been born from the sun. It spews fire from its horns and encases itself in a cocoon of fire when it evolves.
637,火神蛾,Volcarona,虫,火,85,60,65,135,105,100,复眼 / 引火 / 干旱,虫之预感 / 华贵之蛾 / 飘浮,18,39,0,0,"When volcanic ash darkened the atmosphere, it appeared and saved Pokémon from freezing, Volcarona's fire provided a replacement for the sun."
638,勾帕路翁,Cobalion,钢,格斗,91,90,129,90,72,108,正义之心 / 复仇者 / 钢能力士,锐利刀刃 / 横扫利刃 / 镜甲,19,38,0,0,It has a body and heart of steel. This legendary Pokémon battled against humans to protect Pokémon. Its personality is calm and composed.
639,代拉基翁,Terrakion,岩石,格斗,91,129,90,72,90,108,正义之心 / 复仇者 / 磐石意志,锐利刀刃 / 破格 / 坚硬岩石,18,34,0,0,"Spoken of in legend, this Pokémon used its phenomenal power to destroy a castle in its effort to protect Pokémon that had lost their homes in a war among humans."
640,毕力吉翁,Virizion,草,格斗,91,90,72,90,129,108,正义之心 / 复仇者 / 森林之怒,硬化鞘 / 吸收 / 锐利刀刃,20,34,0,0,Its head sprouts horns as sharp as blades. Legends say this Pokémon used whirlwind-like movements to confound and swiftly cut its opponents.
641,龙卷云,Tornadus,飞行,飞行,79,115,70,125,80,111,空中 / 暴风雨 / 加速,恶作剧之心 / 天气控制 / 锐利目光,25,40,0,0,"Tornadus expels massive energy from its tail, causing severe storms. Its power can blow entire houses away. It zooms through the sky at 200 mph."
642,雷电云,Thundurus,电,飞行,79,115,70,125,80,111,电晶体 / 暴风雨 / 海洋霸主,兆级电压 / 天气控制 / 蓄电,27,36,0,0,The spikes on its tail discharge immense bolts of lightning. Countless charred remains mar the landscape of places through which Thundurus has passed.
643,莱希拉姆,Reshiram,龙,火,100,120,100,150,120,90,异兽提升 / 龙颚 / 干旱,涡轮火焰 / 燃烧 / 白烟,22,34,0,0,"This Pokémon appears in legends. It sends flames into the air from its tail, burning up everything around it. It helps those who want to build a world of truth."
644,捷克罗姆,Zekrom,龙,电,100,150,120,120,100,90,异兽提升 / 龙颚 / 电气制造者,兆级电压 / 电晶体 / 压制,18,34,0,0,This legendary Pokémon can scorch the world with lightning. It has a generator that creates electricity in its tail. It assists those with strong ideals.
645,土地云,Landorus,地面,飞行,89,125,90,115,80,101,强行 / 傲慢 / 沙之力,扬沙 / 天气控制 / 威吓,22,43,0,0,"Hailed as “The Guardian of the Fields”, the energy that pours from its tail increases the nutrition in the soil, making crops grow to great size."
646,酋雷姆,Kyurem,龙,冰,125,130,90,130,90,95,异兽提升 / 冰冻皮肤 / 降雪,冰鳞粉 / 永冻土 / 白茫茫,26,39,0,0,This legendary ice Pokémon waits for a hero to fill in the missing parts of its body with truth or ideals. Its body became frozen when its energy leaked out.
647,凯路迪欧,Keldeo,水,格斗,91,62,95,129,95,108,正义之心 / 复仇者 / 神秘刀锋,不屈之心 / 旷野探险家 / 防尘,19,30,0,0,"When it is resolute, its body fills with power and it becomes swifter. It crosses the world, running over the surfaces of oceans and rivers."
648,美洛耶塔,Meloetta,一般,超能,100,77,77,128,128,90,女王威严 / 好胜 / 贤者之力,天恩 / 扩音器 / 恶作剧之心,35,36,0,0,The melodies sung by Meloetta have the power to make Pokémon that hear them happy or sad. Many famous songs have been inspired by the tunes that Meloetta plays.
649,盖诺赛克特,Genesect,虫,钢,71,120,95,120,95,99,下载 / 致命精准 / 瞄准系统,超级发射器 / 掠食者 / 金属防护,24,43,0,0,"Over 300 million years ago, it was feared as the strongest of hunters. Team Plasma altered it and attached a cannon to its back."
650,哈力栗,Chespin,草,草,56,68,65,48,45,38,我们滚吧 / 持久力 / 粗糙皮肤,茂盛 / 硬壳盔甲 / 防弹,16,28,0,0,"The quills on its head are usually soft. When it flexes them, the points become so hard and sharp that they can pierce rock without any effort."
651,胖胖哈力,Quilladin,草,草,66,83,95,56,63,57,我们滚吧 / 持久力 / 粗糙皮肤,茂盛 / 硬壳盔甲 / 防弹,18,34,0,0,"They strengthen the sturdy shell covering their bodies by running into one another. They are very kind and won't start fights, but will counterattack with sharp quills."
652,布里卡隆,Chesnaught,草,格斗,88,107,122,74,80,64,我们滚吧 / 持久力 / 防弹,茂盛 / 硬壳盔甲 / 松散尖刺,23,40,0,0,"It shields its allies from danger with its own body. When it takes a defensive posture with its fists guarding its face, it can withstand a bomb blast."
653,火狐狸,Fennekin,火,火,40,45,40,68,60,67,献祭 / 精神力 / 魔法防守,猛火 / 火焰占卜 / 超能之心,14,34,0,0,"As it walks, it munches on a twig to fill itself with energy in place of a snack. It intimidates opponents by puffing hot air out of its roomy ears."
654,长尾火狐,Braixen,火,火,59,59,58,91,70,83,献祭 / 精神力 / 魔法防守,猛火 / 火焰占卜 / 超能之心,20,38,0,0,"Braixen has a twig stuck in its tail. When the twig is plucked from its tail, friction sets the twig alight. The flame is used to send signals to its allies."
655,妖火红狐,Delphox,火,超能,75,69,72,114,100,105,散发 / 预知梦 / 神秘力量,猛火 / 念动力 / 魔法防守,25,43,0,0,"It gazes into the flame at the tip of its branch to achieve a focused state, which allows it to see into the future. It uses psychic power to incinerate its foes."
656,呱呱泡蛙,Froakie,水,水,41,62,40,62,44,71,尘云 / 空气动力学 / 变幻自如,激流 / 连续攻击 / 远隔,12,33,0,0,"It protects its skin by covering its body in bubbles it secretes from its chest and back. Beneath its happy-go-lucky air, it keeps a watchful eye on its surroundings."
657,呱头蛙,Frogadier,水,水,54,78,52,83,56,97,致命精准 / 空气动力学 / 变幻自如,激流 / 连续攻击 / 远隔,14,42,0,0,"It can throw bubble-covered pebbles with precise control, hitting empty cans up to a hundred feet away. Frogadier's swiftness is unparalleled."
658,甲贺忍蛙,Greninja,水,恶,72,100,67,103,71,122,致命精准 / 加速 / 变幻自如,激流 / 连续攻击 / 远隔,18,46,0,0,"It appears and vanishes with a ninja's grace. It toys with its enemies using swift movements, while slicing them with throwing stars made of compressed water."
659,掘掘兔,Bunnelby,一般,地面,38,36,38,32,36,57,捡拾 / 构造 / 胆量,大力士 / 不断生长的牙齿 / 飞毛腿,15,27,0,0,It has ears like shovels. Digging holes strengthens its ears so much that they can sever thick roots effortlessly. Bunnelby dig the whole night through.
660,掘地兔,Diggersby,一般,地面,85,56,77,50,77,78,强行 / 构造 / 贪吃鬼,大力士 / 不断生长的牙齿 / 捡拾,22,32,0,0,"With its powerful ears it reduces dense bedrock to rubble. It can be a big help at construction sites. When it's finished digging, it lounges about lazily."
661,小箭雀,Fletchling,一般,飞行,45,50,43,40,38,62,斗争心 / 疾风之翼 / 健壮胸肌,鸟群 / 锐利目光 / 速度之力,15,26,0,0,"This amiable Pokémon is easy to train. But when battle is joined, it shows its ferocious side. It's merciless to intruders that enter its territory."
662,火箭雀,Fletchinder,火,飞行,62,73,55,56,52,84,火焰之躯 / 疾风之翼 / 健壮胸肌,鸟群 / 锐利目光 / 速度之力,20,34,0,0,"From its beak, it expels embers that set the tall grass on fire. Then it pounces on any bewildered Pokémon that pop out of the grass."
663,烈箭鹰,Talonflame,火,飞行,78,81,71,74,69,126,掠食者 / 速度之力 / 健壮胸肌,鸟群 / 狂暴突袭 / 疾风之翼,24,37,0,0,"In the fever of an exciting battle, it showers embers from the gaps between its feathers and takes to the air. It finishes its prey off with a colossal kick."
664,粉蝶虫,Scatterbug,虫,虫,38,35,40,27,25,35,友情防守 / 虫之预感 / 危险预知,鳞粉 / 复眼 / 防尘,4,15,0,0,"When under attack from bird Pokémon, it spews a poisonous black powder that causes paralysis on contact. Scatterbug can live in any region or climate."
665,粉蝶蛹,Spewpa,虫,虫,45,22,60,27,30,29,战斗盔甲 / 毛茸茸 / 友情防守,鳞粉 / 复眼 / 蜕皮,5,17,0,0,"It lives hidden within thicket shadows. When predators attack, it quickly bristles the fur covering its body in an effort to threaten them."
666,彩粉蝶-冰雪花纹,Vivillon,虫,飞行,85,51,65,110,65,109,多重鳞片 / 有色眼镜 / 吹气筒,粉末爆炸 / 复眼 / 空中飞人,17,37,0,0,Vivillon with many different patterns are found all over the world. These patterns are affected by the climate of their habitat. It scatters colorful scales.
667,小狮狮,Litleo,火,一般,62,50,58,80,54,72,紧张感 / 好胜 / 傲慢,自命不凡 / 逃足 / 斗争心,15,27,0,0,They set off on their own from their pride and live by themselves to become stronger. These hot-blooded Pokémon are quick to start a fight.
668,火炎狮,Pyroar,一般,火,86,68,72,119,66,106,威吓 / 傲慢 / 扩音器,好胜 / 机会主义者 / 掠食者,17,31,0,0,The male with the largest mane of fire is the leader of the pride. The females protect the pride's cubs. They viciously threaten any challenger.
669,花蓓蓓,Flabébé,妖精,妖精,54,38,59,61,79,32,花幕 / 友情防守 / 热情好客,自然回复 / 芳香幕 / 花之礼,10,17,0,0,"When it finds a flower it likes, it dwells on that flower its whole life long. It floats on the wind's embrace with an untroubled heart."
670,花叶蒂,Floette,妖精,妖精,64,45,67,75,98,42,花幕 / 甜幕 / 芳香幕,粉彩护幕 / 再生力 / 水幕,12,36,0,0,"When the flowers of a well-tended flower bed bloom, it appears and celebrates with an elegant dance. It draws out the power of flowers to battle."
671,花洁夫人,Florges,妖精,妖精,88,55,88,112,154,55,收获 / 薄雾制造者 / 青草制造者,自然回复 / 再生力 / 自给自足,18,36,0,0,"It claims exquisite flower gardens as its territory. In times long past, governors of castles would invite Florges to create gardens to embellish the castle domains."
672,坐骑小羊,Skiddo,草,草,66,65,48,47,57,67,草之皮毛 / 持久力 / 叶绿素,食草 / 登山者 / 毛皮大衣,14,27,0,0,"If it has sunshine and water, it doesn't need to eat, because it can generate energy from the leaves on its back. It has a placid disposition."
673,坐骑山羊,Gogoat,草,草,123,100,62,79,81,95,草之皮毛 / 狂暴突袭 / 硬化鞘,食草 / 登山者 / 毛皮大衣,18,32,0,0,It can tell how its trainer is feeling by subtle shifts in the grip on its horns. This empathetic sense lets them run as if one being. They inhabit mountainous regions.
674,顽皮熊猫,Pancham,格斗,格斗,67,82,62,46,48,43,铁拳 / 破格 / 精密之拳,胆量 / 愤怒穴位 / 极度好战,19,33,0,0,"There's no point to the leaf in its mouth, aside from an effort to look cool. It's mischievous, so it's not well suited to inexperienced Trainers."
675,霸道熊猫,Pangoro,格斗,恶,95,124,78,69,71,58,铁拳 / 破格 / 精密之拳,胆量 / 愤怒穴位 / 极度好战,22,42,0,0,It boasts superb physical strength. Those who wish to become Pangoro's Trainer have no choice but to converse with their fists.
676,多丽米亚,Furfrou,一般,一般,75,80,60,65,90,102,迷人之躯 / 迟钝 / 捡拾,毛皮大衣 / 防尘 / 看门狗,19,30,0,0,Trimming its fluffy fur not only makes it more elegant but also increases the swiftness of its movements. These Pokémon were the guardians of kings.
677,妙喵,Espurr,超能,超能,77,48,54,73,60,68,穿透 / 我行我素 / 恶作剧之心,锐利目光 / 毛皮大衣 / 超能之心,14,29,0,0,It has enough psychic energy to blast everything within 300 feet of itself. The organ that emits its intense psychic power is sheltered by its ears.
678,超能妙喵,Meowstic,超能,超能,84,48,86,93,81,104,恶作剧之心 / 贤者之力 / 精神制造者,超能之心 / 穿透 / 魂心,23,37,0,0,The eyeball patterns on the interior of its ears emit psychic energy. It keeps the patterns tightly covered because that power is too immense.
679,独剑鞘,Honedge,钢,幽灵,45,80,100,35,37,28,无防守 / 察觉 / 横扫利刃,飘浮 / 锐利刀刃 / 噬魂,13,29,0,0,"If anyone dares to grab its hilt, it wraps a blue cloth around that person's arm and drains that person's life energy completely."
680,双剑鞘,Doublade,钢,幽灵,59,110,150,45,49,35,无防守 / 战斗盔甲 / 巨钳,飘浮 / 双持 / 噬魂,14,31,0,0,"When Honedge evolves, it divides into two swords. The complex attack patterns of its two swords are unstoppable, even against those skilled at swordplay."
681,坚盾剑怪,Aegislash,钢,幽灵,60,50,140,50,140,60,幻影防守 / 屠龙者 / 噬魂,飘浮 / 锐利刀刃 / 战斗切换,20,37,0,0,"Generations of kings were attended to by these Pokémon, which used their spectral power to manipulate and control people and Pokémon."
682,粉香香,Spritzee,妖精,妖精,78,52,67,63,76,23,芳香幕 / 妖精皮肤 / 余香,飘浮 / 治愈之心 / 舒缓香气,17,26,0,0,"In the past, rather than using perfume, royal ladies carried a Spritzee that would waft a fragrance they liked. Its fragrance changes depending on what it has eaten."
683,芳香精,Aromatisse,妖精,妖精,101,72,72,99,89,29,芳香幕 / 余香 / 妖精气场,治愈之心 / 妖精皮肤 / 舒缓香气,19,29,0,0,"Its scent is so overpowering that, unless a Trainer happens to really enjoy the smell, he or she will have a hard time walking alongside it."
684,绵绵泡芙,Swirlix,妖精,妖精,67,55,66,59,57,55,黏着 / 迟钝 / 轻装,棉絮 / 毛茸茸 / 自给自足,14,25,0,0,"Because it eats nothing but sweets, its fur is as sticky sweet as cotton candy. To entangle its opponents in battle, it extrudes sticky white threads."
685,胖甜妮,Slurpuff,妖精,妖精,82,80,86,85,75,72,甜幕 / 好烤的身体 / 轻装,黏滑 / 妖精皮肤 / 黏着,16,29,0,0,Slurpuff can distinguish even the faintest of scents. It puts its sensitive sense of smell to use by helping pastry chefs in their work.
686,好啦鱿,Inkay,恶,超能,53,54,53,37,46,45,反转 / 宇宙迷乱 / 远隔,催眠师 / 唱反调 / 吸盘,20,32,0,0,"It flashes the light-emitting spots on its body, which drains its opponent's will to fight. It takes the opportunity to scuttle away and hide."
687,乌贼王,Malamar,恶,超能,86,92,88,85,75,73,反转 / 锐利刀刃 / 穿透,催眠师 / 唱反调 / 健壮胸肌,24,37,0,0,"It lures prey close with hypnotic motions, then wraps its tentacles around it before finishing it off with digestive fluids. It forces others to do whatever it wants."
688,龟脚脚,Binacle,岩石,水,42,52,67,39,56,50,顺手牵羊 / 登山者 / 沙之力,多头龙 / 硬爪 / 狙击手,21,31,0,0,"They stretch and then contract, yanking their rocks along with them in bold hops. They eat seaweed that washes up on the shoreline."
689,龟足巨铠,Barbaracle,岩石,水,72,105,115,54,86,68,顺手牵羊 / 悠游自如 / 沙之力,多头龙 / 硬爪 / 狙击手,22,34,0,0,"Barbaracle's legs and hands have minds of their own, and they will move independently. But they usually follow the head's orders."
690,垃垃藻,Skrelp,毒,水,65,70,60,70,60,30,半龙 / 腐蚀 / 螺旋尾鳍,适应力 / 剧毒之触 / 埋伏,17,31,0,0,"Camouflaged as rotten kelp, it hides from foes while storing up power for its evolution. They spray liquid poison on prey that approach unawares."
691,毒藻龙,Dragalge,毒,龙,85,97,90,97,123,44,变幻自如 / 唱反调 / 压迫感,水生 / 腐蚀 / 适应力,27,36,0,0,"Their poison is strong enough to eat through the hull of a tanker. Tales are told of ships that wander into seas where Dragalge live, never to return."
692,铁臂枪虾,Clauncher,水,水,71,53,69,88,70,44,拾荒者 / 再生力 / 钳制,多重鳞片 / 硬壳盔甲 / 超级发射器,9,23,0,0,"Through controlled expulsions of internal gas, it can expel water like a pistol shot. At close distances, it can even shatter large rocks."
693,钢炮臂虾,Clawitzer,水,水,96,73,98,130,89,50,多重鳞片 / 暴走 / 炮术,水合 / 硬壳盔甲 / 超级发射器,16,28,0,0,"By expelling water from the nozzle in the back of its enormous claw, it can move at a speed of 60 knots. They launch cannonballs made of water."
694,伞电蜥,Helioptile,电,一般,44,38,33,71,43,70,挖沙 / 发电机 / 太阳之力,短路 / 干燥皮肤 / 避雷针,13,33,0,0,"They make their home in deserts. They can generate their own energy from basking in the sun, so eating food is not a requirement."
695,光电伞蜥,Heliolisk,电,一般,62,55,52,109,94,109,挖沙 / 发电机 / 太阳之力,短路 / 干燥皮肤 / 避雷针,16,35,0,0,"A single Heliolisk can generate sufficient electricity to power a skyscraper. It can stimulate its muscles with electricity, boosting the strength in its legs."
696,宝宝暴龙,Tyrunt,岩石,龙,58,89,77,45,55,58,掠食者 / 自命不凡 / 结实,化石 / 强壮之颚 / 极度好战,21,27,0,0,"Its immense jaws have enough destructive force that it can chew up a car. If something happens that it doesn't like, it throws a tantrum and runs wild."
697,怪颚龙,Tyrantrum,岩石,龙,82,121,119,69,69,81,坚硬脑袋 / 强壮之颚 / 结实,掠食者 / 主宰 / 极度好战,26,31,0,0,"Thanks to its gargantuan jaws, which could shred thick metal plates as if they were paper, it was invincible in the ancient world it once inhabited."
698,冰雪龙,Amaura,岩石,冰,77,59,50,87,63,46,冰冻皮肤 / 坚硬岩石 / 降雪,化石 / 原始铠甲 / 永冻土,20,42,0,0,This ancient Pokémon was restored from part of its body that had been frozen in ice for over 100 million years. It lived in a cold land where there were no predators.
699,冰雪巨龙,Aurorus,岩石,冰,123,77,72,119,92,58,北极光 / 坚硬岩石 / 降雪,原始铠甲 / 冰冻之躯 / 永冻土,20,45,0,0,"Using the diamond-shaped crystals on its body it can instantly create a wall of ice to block an opponent's attack, or encase them in ice."
700,仙子伊布,Sylveon,妖精,妖精,95,65,65,110,130,60,妖精气场 / 天恩 / 粉彩护幕,妖精皮肤 / 屠龙者 / 机会主义者,15,34,0,0,"Its ribbonlike feelers give off an aura that weakens hostility in its prey, causing them to let down their guard. A moment later, it pounces."
701,摔角鹰人,Hawlucha,格斗,飞行,78,92,75,74,63,118,轻装 / 无防守 / 破格,柔软 / 干劲 / 空气动力学,27,39,0,0,"With its wings, it controls its position in the air. Its proficient fighting skills enable it to keep up with big bruisers like Machamp and Hariyama."
702,咚咚鼠,Dedenne,电,妖精,67,58,57,81,67,101,能量点 / 电气皮肤 / 妖精皮肤,寻回犬 / 电细胞 / 贪吃鬼,23,35,0,0,"Its whiskers serve as antennas. By sending and receiving electrical waves, it can communicate with others over vast distances."
703,小碎钻,Carbink,岩石,妖精,50,50,150,50,150,50,结实 / 坚硬岩石 / 能量点,恒净之躯 / 坚不可摧 / 后攻,17,41,0,0,"Born from the high temperatures and pressures deep underground, it defends itself by firing beams from the jewel part of its body."
704,黏黏宝,Goomy,龙,龙,45,50,35,55,75,40,毒疗 / 毒吸收 / 湿气,两栖 / 黏滑 / 液化,15,31,0,0,"Its source of protection is its slimy, germ-laden mucous membrane. Anyone who touches it will need some thorough hand-washing."
705,黏美儿,Sliggoo,龙,龙,68,75,68,83,98,60,毒疗 / 黏滑 / 湿润之躯,适应力 / 食草 / 黏着,20,37,0,0,"This Pokémon's mucous can dissolve anything. Toothless, it sprays mucous on its prey. Once they're nicely dissolved, it slurps them up."
706,黏美龙,Goodra,龙,龙,90,100,85,110,135,80,毒疗 / 黏滑 / 降雨,适应力 / 食草 / 水合,28,45,0,0,"It gets picked on because it's meek. But then, whoever teased it gets to feel the full force of its horns and a good swatting from its thick tail."
707,钥圈儿,Klefki,钢,妖精,87,80,91,80,87,75,魔法防守 / 友情防守 / 魔术师,恶作剧之心 / 钢能力士 / 铁棘,24,36,0,0,These key collectors threaten any attackers by fiercely jingling their keys at them. It will sneak into people's homes to steal their keys.
708,小木灵,Phantump,幽灵,草,43,70,48,50,60,38,复仇 / 作祟的魂魄 / 青草制造者,自然回复 / 收获 / 诅咒之躯,19,33,0,0,"According to legend, medicine to cure any illness can be made by plucking the green leaves on its head, brewing them, and boiling down the liquid."
709,朽木妖,Trevenant,幽灵,草,85,110,76,65,82,56,硬爪 / 作祟的魂魄 / 青草制造者,复仇 / 收获 / 诅咒之躯,22,40,0,0,"Through its roots, it exerts control over other trees. A deadly curse falls upon anyone cutting down trees in forests where Trevenant dwell. "
710,南瓜精,Pumpkaboo,幽灵,草,49,44,70,66,55,51,受热激升 / 作祟的魂魄 / 恶意,惊吓 / 察觉 / 不眠,13,29,0,0,"It is said to carry wandering spirits to the place where they belong so they can move on. As the sun sets, it becomes restless and active. "
711,南瓜怪人,Gourgeist,幽灵,草,65,58,122,90,75,84,受热激升 / 收获 / 察觉,惊吓 / 捡拾 / 怪物混音,17,35,0,0,"Singing in eerie voices, they wander town streets on the night of the new moon. Anyone who hears their song will become inflicted with a curse."
712,冰宝,Bergmite,冰,冰,55,69,85,32,55,28,结实 / 冰冻之躯 / 战斗盔甲,永冻土 / 坚不可摧 / 自给自足,19,32,0,0,It blocks opponents' attacks with the ice that shields its body. It uses cold air to repair any cracks with new ice. They live in herds on snowy mountains.
713,冰岩怪,Avalugg,冰,冰,95,117,184,44,86,28,结实 / 冰冻之躯 / 坚壁,永冻土 / 坚不可摧 / 自给自足,21,36,0,0,The way several Bergmite huddle on its back make it look like an aircraft carrier made of ice. Its cumbersome frame crushes anything that stands in its way.
714,嗡蝠,Noibat,飞行,龙,50,30,45,75,50,95,察觉 / 穿透 / 巨响,埋伏 / 登山者 / 夜行,17,35,0,0,"They live in pitch-black caves. Even a robust wrestler will become dizzy and unable to stand when exposed to its 200,000-hertz ultrasonic waves."
715,音波龙,Noivern,飞行,龙,85,70,80,97,80,123,链锯 / 飞行皮肤 / 巨响,埋伏 / 登山者 / 极度好战,24,40,0,0,They fly around on moonless nights and attack careless prey. The ultrasonic waves it emits from its ears can reduce a large boulder to pebbles.
716,哲尔尼亚斯,Xerneas,妖精,妖精,126,131,95,131,98,99,妖精皮肤 / 好胜 / 自给自足,妖精气场 / 发光 / 魂心,21,54,0,0,"Legends say that when the horns on its head shine in seven colors, it is sharing everlasting life. It slept for a thousand years in the form of a tree"
717,伊裴尔塔尔,Yveltal,恶,飞行,126,131,95,131,98,99,机会主义者 / 妖精猎人 / 恐惧散布者,暗黑气场 / 吹气筒 / 巨翼,23,57,0,0,"When its life comes to an end, its wings and tail spread wide and glow red, and it absorbs the life energy of every living thing and turns into a cocoon."
718,基格尔德,Zygarde,龙,地面,108,100,121,81,95,95,气场破坏 / 再生力 / 群聚变形,原始铠甲 / 大地束缚 / 动力核心,23,43,0,0,It's said to be monitoring the ecosystem from deep in the caves where it lives. There are rumors that even greater power lies hidden within its cells.
719,蒂安希,Diancie,岩石,妖精,50,100,150,100,150,50,妖精皮肤 / 魔法防守 / 再生力,坚硬岩石 / 飘浮 / 登山者,23,43,0,0,"A sudden transformation of Carbink, its pink, glimmering body is said to be the loveliest sight in the whole world. It creates diamonds between its hands."
720,胡帕,Hoopa,超能,幽灵,80,110,60,150,130,70,神秘力量 / 幻觉 / 扭曲空间,恶作剧之心 / 复仇 / 催眠师,23,50,0,0,"In its true form, it possess a huge amount of power. When its powers are sealed away, it is transformed into a much smaller form. It teleports things to a secret place."
721,波尔凯尼恩,Volcanion,火,水,80,110,120,130,90,70,降雨 / 干旱 / 登山者,炮术 / 引水 / 引火,19,33,0,0,It lets out billows of steam from the arms on its back and disappears into the dense fog. It's said to live in mountains where humans do not tread.
722,木木枭,Rowlet,草,飞行,68,55,55,40,40,62,狙击手 / 天恩 / 超幸运,茂盛 / 夜行 / 叶绿素,14,31,0,0,"This wary Pokémon uses photosynthesis to store up energy during the day, while becoming active at night. Silently it glides, drawing near to its target."
723,投羽枭,Dartrix,草,飞行,78,75,75,50,60,82,神枪手 / 致命精准 / 超幸运,茂盛 / 狙击手 / 自命不凡,14,32,0,0,"A bit of a dandy, it spends its free time preening its wings. Its preoccupation with any dirt on its plumage can leave it unable to battle."
724,狙射树枭,Decidueye,草,幽灵,78,107,75,70,90,115,神枪手 / 致命精准 / 烟雾机动,茂盛 / 狙击手 / 弓箭手,28,40,0,0,"Decidueye is cool and cautious. It fires arrow quills from its wings with such precision, they can pierce a pebble at distances of over a hundred yards."
725,火斑喵,Litten,火,火,45,65,40,60,40,70,惊吓 / 心情不定 / 威吓,猛火 / 火焰之躯 / 厄运,15,23,0,0,"While grooming itself, it builds up fur inside its stomach. It sets the fur alight and spews fiery attacks, which change based on how it coughs."
726,炎热喵,Torracat,火,火,65,85,50,80,50,90,厄运 / 心情不定 / 威吓,猛火 / 火焰之躯 / 前锋,19,28,0,0,"At its throat, it bears a bell of fire. The bell rings brightly whenever this Pokémon spits fire. With a single punch, it can bend an iron bar right over."
727,炽焰咆哮虎,Incineroar,火,恶,100,115,90,80,90,60,后攻 / 惊吓 / 威吓,猛火 / 格斗专家 / 愤怒穴位,30,41,0,0,"This Pokémon has a violent, selfish disposition. If it's not in the mood to listen, it will ignore its Trainer's orders with complete nonchalance."
728,球球海狮,Popplio,水,水,50,54,54,66,56,40,迷人之躯 / 妖精皮肤 / 恶作剧之心,激流 / 天恩 / 舞者,17,38,0,0,"This Pokémon snorts body fluids from its nose, blowing balloons to smash into its foes. It practices diligently so it can learn to make big bubbles."
729,花漾海狮,Brionne,水,妖精,60,69,69,91,81,50,好胜 / 扩音器 / 共鸣,激流 / 湿润之声 / 舞者,18,38,0,0,"It cares deeply for its companions. When its Trainer is feeling down, it performs a cheery dance with a sequence of water balloons to try and help."
730,西狮海壬,Primarina,水,妖精,80,74,79,126,116,60,好胜 / 扩音器 / 共鸣,激流 / 湿润之声 / 天恩,21,40,0,0,It controls its water balloons with song. The melody is learned from others of its kind and is passed down from one generation to the next.
731,小笃儿,Pikipek,一般,飞行,35,75,30,30,30,65,捡拾 / 贪吃鬼 / 强行,鸟群 / 锐利目光 / 连续攻击,12,31,0,0,"This Pokémon feeds on berries, whose leftover seeds become the ammunition for the attacks it fires off from its mouth. It uses holes in trees for nesting."
732,喇叭啄鸟,Trumbeak,一般,飞行,55,85,50,40,50,75,捡拾 / 超幸运 / 强行,鸟群 / 锐利目光 / 连续攻击,13,31,0,0,"By bending its beak, it can produce a variety of calls and brand itself a noisy nuisance for its neighbors. It eats berries and stores their seeds in its beak."
733,铳嘴大鸟,Toucannon,一般,飞行,80,120,95,75,95,60,燃烧 / 超幸运 / 强行,鸟群 / 锐利目光 / 连续攻击,29,39,0,0,"When it battles, within its beak, its internal gases ignite, explosively launching seeds with enough power to pulverize boulders."
734,猫鼬少,Yungoos,一般,一般,48,70,30,30,30,45,埋伏 / 活力 / 机会主义者,蹲守 / 强壮之颚 / 掠食者,14,24,0,0,"With its sharp fangs, it will bite anything. It wanders around in a never-ending search for food. At dusk, it collapses and falls asleep on the spot."
735,猫鼬探长,Gumshoos,一般,一般,88,110,60,55,60,45,埋伏 / 分析 / 机会主义者,蹲守 / 强壮之颚 / 掠食者,17,24,0,0,"When it finds a trace of its prey, it patiently stakes out the location... but as it's diurnal, it's always snoozing by nightfall."
736,强颚鸡母虫,Grubbin,虫,地面,47,55,45,62,45,46,电细胞 / 破格 / 食草,虫之预感 / 大地束缚 / 钳制,15,18,0,0,"They often gather near places frequented by electric Pokémon in order to avoid being attacked by bird Pokémon, though it normally lives underground."
737,虫电宝,Charjabug,虫,电,57,55,95,102,75,36,发电机 / 破格 / 蓄电池,虫之预感 / 硬壳盔甲 / 蓄电,17,29,0,0,"From the food it digests, it generates electricity, and it stores this energy in its electric sac. On camping trips, people are grateful to have one around."
738,锹农炮虫,Vikavolt,虫,电,77,95,99,145,75,109,加速 / 空气动力学 / 过载,虫之预感 / 飘浮 / 电细胞,19,33,0,0,It concentrates electrical energy within its large jaws and uses it to zap its foes. It overwhelms bird Pokémon with shocking beams of electrical energy.
739,好胜蟹,Crabrawler,格斗,格斗,62,82,57,42,47,63,愤怒穴位 / 铁拳 / 不服输,钳制 / 巨钳 / 自信过度,17,27,0,0,"While guarding its weak points with its pincers, it looks for an opening and unleashes punches. When it loses, it foams at the mouth and faints."
740,好胜毛蟹,Crabominable,格斗,冰,97,132,97,62,87,43,自命不凡 / 极度好战 / 狂暴拳手,超级重击者 / 愤怒穴位 / 永冻土,22,36,0,0,"It aimed for the top but got lost and ended up on a snowy mountain. Being forced to endure the cold, this Pokémon evolved and grew thick fur."
741,花舞鸟-热辣热辣风格,Oricorio,火,飞行,75,70,70,108,70,103,舞者 / 恶作剧之心 / 两步,天恩 / 引火 / 鸟群,27,42,0,0,"Oricorio can change its body by sipping different coloured nectar. It's enemies' hearts melt at the sight of its varying, beautiful dances."
742,萌虻,Cutiefly,虫,妖精,40,45,40,55,40,84,逃足 / 迷人之躯 / 甜幕,飘浮 / 鳞粉 / 孢子,15,32,0,0,Myriads of Cutiefly flutter above the heads of people who have auras resembling those of flowers. It can identify which flowers are about to bloom.
743,蝶结萌虻,Ribombee,虫,妖精,60,55,60,95,70,124,复眼 / 友情防守 / 粉末爆炸,飘浮 / 鳞粉 / 粉彩护幕,18,43,0,0,"Ribombee rolls up pollen into puffs. It makes many different varieties, some used as food and others used in battle. They are sometimes sold as supplements."
744,岩狗狗,Rockruff,岩石,岩石,45,65,40,30,40,60,不屈之心 / 干劲 / 我行我素,锐利目光 / 机会主义者 / 坚硬脑袋,15,23,0,0,This Pokémon has lived with people since times long ago. It can sense when its Trainer is in the dumps and will stick close by its Trainer's side.
745,鬃岩狼人-白昼的样子,Lycanroc,岩石,地面,75,115,65,55,65,112,速度之力 / 肾上腺素冲击 / 狂暴突袭,沙隐 / 挖沙 / 坚硬脑袋,20,34,0,0,"Well equipped with claws and fangs, it also uses the sharp rocks in its mane as weapons. It will attack with no regard for its own safety."
746,弱丁鱼-单独的样子,Wishiwashi,水,水,45,20,20,25,25,40,水幕 / 潮汐冲击 / 湿润之躯,鱼群 / 再生力 / 多重鳞片,19,35,0,0,"When it's in trouble, its eyes moisten and begin to shine. The shining light attracts its comrades, and they stand together against their enemies."
747,好坏星,Mareanie,毒,水,60,53,62,43,52,45,后攻 / 战斗盔甲 / 毒棘,毒刺 / 再生力 / 柔软,12,25,0,0,It's found crawling on beaches and seafloors. The coral that grows on Corsola's head is as good as a five-star banquet to this Pokémon.
748,超坏星,Toxapex,毒,水,75,63,152,53,142,35,战斗盔甲 / 坚壁 / 毒棘,剧毒之触 / 再生力 / 粗糙皮肤,12,28,0,0,"Those attacked by Toxapex's poison will suffer intense pain for three days and three nights. Post-recovery, there will be some aftereffects."
749,泥驴仔,Mudbray,地面,地面,70,100,70,45,55,45,持久力 / 纯朴 / 刚毅,我行我素 / 前锋 / 防尘,13,32,0,0,"The mud stuck to Mudbray's hooves enhances its grip and its powerful running gait. Eating dirt, making mud, and playing in the mire form its daily routine."
750,重泥挽马,Mudsdale,地面,地面,100,125,100,55,85,35,我行我素 / 前锋 / 强行,持久力 / 战斗盔甲 / 遇水凝固,18,34,0,0,"Its heavy, mud-covered kicks are its best means of attack, and it can reduce large trucks to scrap without breaking a sweat."
751,滴蛛,Dewpider,水,虫,38,60,52,40,72,27,蜘蛛巢 / 水幕 / 掠食者,水泡 / 储水 / 防尘,14,29,0,0,"It crawls onto the land in search of food. When it comes across enemies or potential prey, this Pokémon smashes its water-bubble-covered head into them. "
752,滴蛛霸,Araquanid,水,虫,68,70,92,50,132,42,水幕 / 机会主义者 / 蜘蛛巢,水泡 / 储水 / 掠食者,21,39,0,0,"Despite what its appearance suggests, it cares for others. If it finds vulnerable, weak Pokémon, it protectively brings them into its water bubble."
753,伪螳草,Fomantis,草,草,40,55,35,50,35,35,埋伏 / 叶绿体 / 唱反调,舒缓香气 / 机会主义者 / 巨钳,13,31,0,0,"During the day, it sleeps and soaks up light. They give off a sweet and refreshing scent. Cutiefly often gather near the tall grass where Fomantis are hiding."
754,兰螳花,Lurantis,草,草,90,100,95,59,90,96,有色眼镜 / 威吓 / 唱反调,掠食者 / 叶绿体 / 巨钳,19,31,0,0,"It requires a lot of effort to maintain Lurantis's vivid coloring, but some collectors enjoy this work and treat it as their hobby."
755,睡睡菇,Morelull,草,妖精,40,35,55,65,75,15,雨盘 / 湿气 / 拾荒者,发光 / 干燥皮肤 / 毒吸收,12,28,0,0,"As it drowses the day away, it nourishes itself by sucking from tree roots. It wakens at the fall of night, wandering off in search of a new tree."
756,灯罩夜菇,Shiinotic,草,妖精,60,45,80,90,100,30,捕梦人 / 扭曲空间 / 毒疗,毒吸收 / 妖精气场 / 梦魇,12,35,0,0,Forests where Shiinotic live are treacherous to enter at night. People confused by its strange lights can never find their way home again.
757,夜盗火蜥,Salandit,毒,火,48,71,40,71,40,77,半龙 / 好胜 / 弱点利用,毒吸收 / 剧毒之触 / 腐蚀,20,35,0,0,"It burns its bodily fluids to create a sweet-smelling poisonous gas. When its enemies become disoriented from inhaling the gas, it attacks them."
758,焰后蜥,Salazzle,毒,火,68,64,60,111,60,117,不仁不义 / 好胜 / 弱点利用,腐蚀 / 女王威严 / 半龙,28,40,0,0,"For some reason, only females have been found. It creates a reverse harem of male Salandit to live with. Its poisonous gas is filled with pheromones."
759,童偶熊,Stufful,一般,格斗,70,75,50,45,50,50,胆量 / 愧疚 / 强行,毛茸茸 / 迷人之躯 / 纯朴,18,34,0,0,"Despite its adorable appearance, when it gets angry and flails about, its arms and legs could knock a pro wrestler sprawling. It's an incredibly dangerous Pokémon."
760,穿着熊,Bewear,一般,格斗,120,125,80,55,60,60,毅力 / 紧张感 / 强行,毛茸茸 / 纯朴 / 伐木工,23,36,0,0,This Pokémon has the habit of hugging its companions. Many Trainers have left this world after their spines were squashed by its hug.
761,甜竹竹,Bounsweet,草,草,42,50,30,30,30,52,迟钝 / 恶作剧之心 / 超甜糖浆,愧疚 / 叶子防守 / 甜幕,5,30,0,0,A delectable aroma pours from its body.  Bounsweet's sweat can be watered down into a juice with just the right amount of sweetness.
762,甜舞妮,Steenee,草,草,52,70,40,40,40,82,叶绿素 / 舒缓香气 / 友情防守,前锋 / 迟钝 / 硬壳盔甲,14,31,0,0,"The sepals on its head developed to protect its body. These are quite hard, so even if pecked by bird Pokémon, this Pokémon is totally fine."
763,甜冷美后,Tsareena,草,格斗,72,120,90,50,90,108,迟钝 / 极度好战 / 斗争心,掠夺者 / 前锋 / 女王威严,22,33,0,0,"Its long, striking legs aren't just for show but to be used to kick with skill. In victory, it shows off by kicking the defeated, laughing boisterously."
764,花疗环环,Comfey,妖精,妖精,76,52,90,82,110,100,花幕 / 治愈之心 / 青草制造者,自然回复 / 奇迹皮肤 / 再生力,20,39,0,0,"It attaches flowers to its nutritious vine. Baths prepared with the flowers from its vine have a relaxing effect, so this Pokémon is a hit with many people."
765,智挥猩,Oranguru,一般,超能,90,60,80,90,110,60,友情防守 / 恶作剧之心 / 扭曲空间,天赋异禀 / 自给自足 / 治愈之心,23,41,0,0,"Deep in the jungle, high in the lofty canopy, this Pokémon abides. On rare occasions, it shows up at the beach to match wits with Slowking."
766,投掷猴,Passimian,格斗,格斗,90,120,90,40,60,90,接球手 / 机会主义者 / 轻装,收获 / 复仇者 / 远隔,26,36,0,0,"They battle with hard berries for weapons. They form groups of about 20 individuals. Their techniques are passed from the boss to the group, generation upon generation."
767,胆小虫,Wimpod,虫,水,25,65,70,20,30,80,跃跃欲逃 / 捡拾 / 愧疚,硬壳盔甲 / 懦夫 / 掠夺者,9,20,0,0,"This Pokémon is a coward. As it desperately dashes off, the flailing of its many legs leaves a sparkling clean path in its wake. It lives on beaches and seabeds."
768,具甲武者,Golisopod,虫,水,75,125,140,60,90,40,遁走 / 硬爪 / 掠食者,硬壳盔甲 / 自命不凡 / 巨钳,26,33,0,0,"It battles skillfully with its six arms, with a flashing slash of its giant sharp claws, it cleaves seawater--or even air--right in two."
769,沙丘娃,Sandygast,幽灵,地面,55,55,90,70,55,15,坚壁 / 沙穴 / 扬沙,遇水凝固 / 自给自足 / 沙隐,13,31,0,0,"It takes control of anyone who puts a hand in its mouth, to add to the accumulation of its sand-mound body. It embodies the grudges of the departed."
770,噬沙堡爷,Palossand,幽灵,地面,85,75,110,100,75,35,坚壁 / 沙穴 / 扬沙,遇水凝固 / 恶意 / 自然回复,16,33,0,0,"Possessed people controlled by this Pokémon transformed its sand mound into a castle. As it evolved, its power to curse grew ever stronger."
771,拳海参,Pyukumuku,水,水,105,60,200,30,200,5,腐蚀 / 灭亡之躯 / 治愈之心,纯朴 / 压迫感 / 甩不掉的,12,22,0,0,"It lives in shallow seas, such as areas near a beach. The sticky mucous that covers their bodies can be used to soothe sunburned skin. How convenient!"
772,属性：空,Type: Null,一般,一般,95,95,95,95,95,59,适应力 / 纯朴 / 碎裂铠甲,战斗盔甲 / 尖刺盔甲 / 变幻自如,11,28,0,0,"Due to the danger that this synthetic Pokémon may go on a rampage, it wears a control mask to restrain its capabilities. It has some hidden special power."
773,银伴战兽,Silvally,一般,一般,95,95,95,95,95,95,一般皮肤 / 纯朴 / 愤怒穴位,AR系统 / 原始铠甲 / 胆量,18,71,0,0,"Its trust in its partner awakens it. This Pokémon is capable of changing its type by equipping special memories, a trait that is well displayed in battle."
774,小陨星,Minior,岩石,飞行,60,60,100,60,100,60,再生力 / 碎裂铠甲 / 松散岩石,界限盾壳 / 硬壳盔甲 / 防尘,19,33,0,0,"Originally making its home in the ozone layer, it hurtles to the ground when the shell encasing its body grows too heavy. It was born from mutated nanoparticles."
775,树枕尾熊,Komala,一般,一般,65,115,95,55,95,65,美梦 / 恶作剧之心 / 胆量,绝对睡眠 / 毒吸收 / 食草,19,23,0,0,"It is born asleep, and it dies asleep. All its movements are apparently no more than the results of it tossing and turning in its dreams."
776,爆焰龟兽,Turtonator,火,龙,60,78,135,111,85,36,火焰之躯 / 火焰盾 / 引爆,硬壳盔甲 / 铁棘 / 不屈之盾,27,42,0,0,The shell on its back is chemically unstable and explodes violently if struck. The hole in its stomach is its weak point. It gushes fire from its nostrils.
777,托戈德玛尔,Togedemaru,电,钢,65,108,83,40,73,106,结实 / 铅衣 / 坚不可摧,铁棘 / 避雷针 / 松散尖刺,19,28,0,0,"The spiny fur on its back is normally at rest. When this Pokémon becomes agitated, its fur stands on end and stabs into its attackers."
778,谜拟丘,Mimikyu,幽灵,妖精,55,90,80,50,105,96,飘渺冲刺 / 愧疚 / 锐利刀刃,画皮 / 胆小 / 幻痛,16,39,0,0,"A lonely Pokémon, it hides its terrifying appearance beneath an old rag so it can get closer to people and other Pokémon. Its actual appearance is unknown."
779,磨牙彩皮鱼,Bruxish,水,超能,68,105,70,105,70,92,强壮之颚 / 精神咬碎 / 棱镜装甲,超能之心 / 破格 / 潜行,23,50,0,0,It stuns its prey with its psychic powers and then grinds them to mush with its strong teeth. Even Shellder's shell is no match for it.
780,老翁龙,Drampa,一般,龙,78,60,90,135,106,36,怒火冲天 / 大力士 / 友情防守,复仇者 / 暴走 / 毛茸茸,27,44,0,0,This Pokémon is friendly to people and loves children most of all. It comes from deep in the mountains to play with children it likes in town.
781,破破舵轮,Dhelmise,幽灵,草,70,131,100,86,90,40,储水 / 噬魂 / 强行,金属化 / 海草 / 钢魂,16,48,0,0,The soul of seaweed adrift in the waves became reborn as this Pokémon. It maintains itself with new infusions of seabed detritus and seaweed.
782,心鳞宝,Jangmo-o,龙,龙,45,55,65,45,45,45,防弹 / 隔音 / 粗糙皮肤,防尘 / 战斗盔甲 / 登山者,13,27,0,0,It expresses its feelings by smacking its scales. Metallic sounds echo through the tall mountains where Jangmo-o live. They grow little by little battling one another.
783,鳞甲龙,Hakamo-o,龙,格斗,55,75,90,65,70,65,防弹 / 隔音 / 粗糙皮肤,防尘 / 战斗盔甲 / 登山者,18,31,0,0,It sheds and regrows its scales on a continuous basis. The scales become harder each time they're regrown. Its scaly punches tear its foes to shreds.
784,杖尾鳞甲龙,Kommo-o,龙,格斗,75,110,125,100,105,85,防弹 / 隔音 / 粗糙皮肤,棱镜鳞片 / 战斗盔甲 / 棱镜装甲,25,36,0,0,"Its rigid scales function as offense and defense. In the past, its scales were processed and used to make weapons and other valuable commodities."
785,卡璞・鸣鸣,Tapu Koko,电,妖精,70,115,75,115,65,130,加速 / 发电机 / 过载,飘浮 / 电气制造者 / 降雨,14,39,0,0,It confuses its enemies by flying too quickly for the eye to follow. It has a hair-trigger temper but forgets what made it angry an instant later.
786,卡璞・蝶蝶,Tapu Lele,超能,妖精,70,85,75,130,115,95,棱镜鳞片 / 纯朴 / 华贵之蛾,怒火冲天 / 精神制造者 / 多重鳞片,14,36,0,0,"A fragrant aroma of flowers follows it. As it flutters about, it scatters its strangely glowing scales. Touching them is said to restore good health."
787,卡璞・哞哞,Tapu Bulu,草,妖精,70,130,115,85,95,75,草之皮毛 / 叶绿体 / 收获,硬爪 / 青草制造者 / 再生力,13,39,0,0,"It causes vegetation to grow, and then it absorbs energy from the growth. It pulls large trees up by the roots and swings them around at its enemies."
788,卡璞・鳍鳍,Tapu Fini,水,妖精,70,75,115,95,130,85,水幕 / 再生力 / 降雨,防波堤 / 薄雾制造者 / 硬壳盔甲,14,38,0,0,People say it can create pure water that will wash away any corruption. The dense fog it creates brings the downfall and destruction of its confused enemies.
789,科斯莫古,Cosmog,超能,超能,43,29,31,29,31,137,纯朴 / 迟钝 / 逃足,飘浮 / 迷人之躯 / 尘云,3,12,0,0,"In ages past, it was called the child of the stars. It's said to be a Pokémon from another world, but no specific details are known."
790,科斯莫姆,Cosmoem,超能,超能,43,29,131,29,131,37,结实 / 古代偶像 / 棱镜装甲,飘浮 / 动力核心 / 硬壳盔甲,6,15,0,0,"Motionless as if dead, its body is faintly warm to the touch. There's something accumulating around the black core within its hard shell."
791,索尔迦雷欧,Solgaleo,超能,钢,137,137,107,113,89,97,发光 / 引火 / 太阳崇拜,太阳耀斑 / 金属防护 / 棱镜装甲,34,49,0,0,It is said to live in another world. The intense light it radiates from the surface of its body can make the darkest of nights light up like midday.
792,露奈雅拉,Lunala,超能,幽灵,137,113,89,137,107,97,夜行 / 低能见度 / 魔法粉,月食 / 幻影防守 / 捕梦人,34,50,0,0,"When its third eye activates, away it flies to another world. This Pokémon devours light, drawing the moonless dark veil of night over the brightness of day."
793,虚吾伊德,Nihilego,岩石,毒,109,53,47,127,131,103,恒净之躯 / 腐蚀 / 噬魂,异兽提升 / 飘浮 / 极度好战,22,38,0,0,"One of several mysterious Ultra Beasts. It's unclear whether or not this Pokémon is sentient, but sometimes it can be observed behaving like a young girl."
794,爆肌蚊,Buzzwole,虫,格斗,107,139,139,53,53,79,健壮胸肌 / 复眼 / 不服输,异兽提升 / 铁拳 / 狂暴拳手,18,38,0,0,"This life-form called an Ultra Beast appeared from another world. It shows off its body, but whether that display is a boast or a threat remains unclear."
795,费洛美螂,Pheromosa,虫,格斗,71,137,37,137,37,151,柔软 / 速度之力 / 女王威严,异兽提升 / 加速 / 前锋,17,36,0,0,"One of the dangerous Ultra Beasts, it refuses to touch anything, perhaps because it senses some uncleanness in this world."
796,电束木,Xurkitree,电,电,83,89,71,173,71,83,电晶体 / 避雷针 / 大地冲击,异兽提升 / 伏特冲击 / 穿透,19,35,0,0,"One of the mysterious life-forms known as Ultra Beasts. Astonishing electric shocks emanate from its entire body, according to witnesses."
797,铁火辉夜,Celesteela,钢,飞行,97,101,103,107,101,61,刚毅 / 镜甲 / 自我修复,异兽提升 / 战斗盔甲 / 铅衣,21,40,0,0,"It appeared from the Ultra Wormhole. One kind of Ultra Beast, witnesses saw it flying across the sky by expelling gas from its two arms."
798,纸御剑,Kartana,草,钢,59,181,131,59,31,109,横扫利刃 / 空气动力学 / 狂暴突袭,异兽提升 / 巨钳 / 锐利刀刃,15,25,0,0,"This Ultra Beast came from the Ultra Wormhole. It seems not to attack enemies on its own, but its sharp body is a dangerous weapon in itself."
799,恶食大王,Guzzlord,恶,龙,223,101,53,97,53,43,恐惧散布者 / 吞噬者 / 钳制,异兽提升 / 厚脂肪 / 杀戮之颚,22,28,0,0,"A dangerous Ultra Beast, it has gobbled mountains and swallowed whole buildings, according to reports. But for some reason its droppings have never been found."
800,奈克洛兹玛,Necrozma,超能,超能,97,107,101,127,89,79,脑核之力 / 暴走 / 超级发射器,棱镜装甲 / 金属化 / 过滤,33,48,0,0,"Reminiscent of the Ultra Beasts, this life-form, apparently asleep underground, is thought to have come from another world in ancient times."
801,玛机雅娜,Magearna,钢,妖精,80,95,115,130,115,65,钢能力士 / 妖精皮肤 / 恒净之躯,镜甲 / 魂心 / 动力核心,24,42,0,0,"This artificial Pokémon, constructed more than 500 years ago, can understand human speech but cannot itself speak. Its true self is its Soul-Heart, an artificial soul."
802,玛夏多,Marshadow,格斗,幽灵,90,125,80,90,90,125,技术高手 / 崇高精神 / 幻痛,格斗专家 / 幽灵窃贼 / 无形拳,27,51,0,0,"Able to conceal itself in the shadows of others, it never appears before humans, so its very existence is the stuff of myth. This Pokémon is craven and cowering."
803,毒贝比,Poipole,毒,毒,67,73,67,73,67,73,腐蚀 / 机会主义者 / 蜘蛛巢,异兽提升 / 剧毒之触 / 飘浮,11,27,0,0,This Ultra Beast is well enough liked to be chosen as a first partner in its own world.
804,四颚针龙,Naganadel,毒,龙,79,79,71,139,71,131,腐蚀 / 狙击手 / 蜘蛛巢,异兽提升 / 飘浮 / 不仁不义,16,34,0,0,It stores hundreds of liters of poisonous liquid inside its body. It is one of the organisms known as UBs.
805,垒磊石,Stakataka,岩石,钢,59,139,211,53,101,7,坚硬岩石 / 自我修复 / 主宰,异兽提升 / 铅衣 / 坚壁,17,26,0,0,It appeared from an Ultra Wormhole. Each one appears to be made up of many life- forms stacked one on top of each other.
806,砰头小丑,Blacephalon,火,幽灵,53,107,53,151,79,127,魔法防守 / 反转 / 恶作剧之心,异兽提升 / 舍身 / 火焰占卜,22,45,0,0,It slithers toward people and explode its head without warning. It is one kind of Ultra Beast.
807,捷拉奥拉,Zeraora,电,电,88,112,75,102,80,143,铁拳 / 铁拳之力 / 加速,速度之力 / 蓄电 / 硬爪,17,37,0,0,"It approaches its enemies at the speed of lightning, then tears them limb from limb with its sharp claws."
808,美录坦,Meltan,钢,钢,81,81,81,63,35,34,金属防护 / 钢魂 / 黏滑,磁力 / 结实 / 电晶体,9,24,0,0,"It melts particles of iron and other metals found in the subsoil, so it can absorb them into its body of molten steel."
809,美录梅塔,Melmetal,钢,钢,135,143,143,80,65,34,金属防护 / 钢能力士 / 耐热,磁力 / 铁拳 / 电晶体,20,37,0,0,"Revered long ago for its capacity to create iron from nothing, for some reason it has come back to life after 3,000 years."
810,敲音猴,Grookey,草,草,55,70,50,40,40,65,青草制造者 / 威吓 / 草之皮毛,茂盛 / 隔音 / 狂暴突袭,13,23,0,0,"When it uses its special stick to strike up a beat, the sound waves produced carry revitalizing energy to the plants and flowers in the area."
811,啪咚猴,Thwackey,草,草,70,85,70,55,60,80,青草制造者 / 威吓 / 草之皮毛,茂盛 / 隔音 / 狂暴突袭,15,26,0,0,"The faster a Thwackey can beat out a rhythm with its two sticks, the more respect it wins from its peers."
812,轰擂金刚猩,Rillaboom,草,草,100,125,90,60,75,85,狂暴突袭 / 威吓 / 草之皮毛,茂盛 / 隔音 / 青草制造者,21,31,0,0,"By drumming, it taps into the power of its special tree stump. The roots of the stump follow its direction in battle."
813,炎兔儿,Scorbunny,火,火,50,76,40,40,40,74,锐利目光 / 自由者 / 胆量,猛火 / 前锋 / 柔软,13,29,0,0,"A warm-up of running around gets fire energy coursing through this Pokémon's body. Once that happens, it's ready to fight at full power."
814,腾蹴小将,Raboot,火,火,65,86,60,55,60,94,锐利目光 / 自由者 / 胆量,猛火 / 前锋 / 柔软,13,29,0,0,Its thick and fluffy fur protects it from the cold and enables it to use hotter fire moves.
815,闪焰王牌,Cinderace,火,火,80,120,75,65,75,120,锐利目光 / 引火 / 火焰占卜,猛火 / 前锋 / 自由者,19,29,0,0,"It juggles a pebble with its feet, turning it into a burning soccer ball. Its shots strike opponents hard and leave them scorched."
816,泪眼蜥,Sobble,水,水,50,40,40,75,40,75,懦夫 / 悠游自如 / 狙击手,激流 / 免疫 / 逃足,14,36,0,0,"When scared, this Pokémon cries. Its tears pack the chemical punch of 100 onions, and attackers won't be able to resist weeping."
817,变涩蜥,Drizzile,水,水,65,60,55,95,55,90,狙击手 / 机会主义者 / 恶作剧之心,激流 / 免疫 / 神枪手,15,36,0,0,"A clever combatant, this Pokémon battles using water balloons created with moisture secreted from its palms."
818,千面避役,Inteleon,水,水,75,85,65,125,65,120,神枪手 / 动量 / 双持,激流 / 机会主义者 / 狙击手,22,40,0,0,"It has many hidden capabilities, such as fingertips that can shoot water and a membrane on its back that it can use to glide through the air."
819,贪心栗鼠,Skwovet,一般,一般,70,55,55,35,35,25,廉价战术 / 察觉 / 掠夺者,贪吃鬼 / 捡拾 / 逃足,20,23,0,0,"Found throughout the Galar region, this Pokémon becomes uneasy if its cheeks are ever completely empty of berries."
820,藏饱栗鼠,Greedent,一般,一般,120,95,95,55,75,20,厚脂肪 / 掠夺者 / 自给自足,贪吃鬼 / 熟成 / 迟钝,21,25,0,0,"It stashes berries in its tail--so many berries that they fall out constantly. But this Pokémon is a bit slow-witted, so it doesn't notice the loss."
821,稚山雀,Rookidee,飞行,飞行,38,33,35,47,35,57,惊吓 / 威吓 / 旷野探险家,鸟群 / 锐利目光 / 快速响应,16,28,0,0,"It will bravely challenge any opponent, no matter how powerful. This Pokémon benefits from every battle--even a defeat increases its strength a bit."
822,蓝鸦,Corvisquir,飞行,飞行,68,43,55,67,55,77,惊吓 / 威吓 / 好胜,鸟群 / 锐利目光 / 技术高手,18,28,0,0,"Smart enough to use tools in battle, these Pokémon have been seen picking up rocks and flinging them or using ropes to wrap up enemies."
823,钢铠鸦,Corviknight,飞行,钢,98,53,85,87,105,67,威吓 / 铬涂层 / 坚不可摧,压迫感 / 巨翼 / 镜甲,22,41,0,0,This Pokémon reigns supreme in the skies of the Galar region. The black luster of its steel body could drive terror into the heart of any foe.
824,索侦虫,Blipbug,虫,虫,25,20,20,25,45,45,危险预知 / 复眼 / 懦夫,单纯 / 虫之预感 / 魔法镜,10,35,0,0,"A constant collector of information, this Pokémon is very smart. Very strong is what it isn't."
825,天罩虫,Dottler,虫,超能,50,35,85,60,90,30,心灵感应 / 精神制造者 / 危险预知,复眼 / 硬壳盔甲 / 魔法镜,12,35,0,0,"It barely moves, but it's still alive. Hiding in its shell without food or water seems to have awakened its psychic powers."
826,以欧路普,Orbeetle,虫,超能,60,45,110,90,130,90,能量点 / 精神制造者 / 察觉,分析 / 引力井 / 魔法镜,18,37,0,0,"It's famous for its high level of intelligence, and the large size of its brain is proof that it also possesses immense psychic power."
827,狡小狐,Nickit,恶,恶,40,58,28,60,52,67,技术高手 / 蹲守 / 下流打击,顺手牵羊 / 捡拾 / 逃足,18,33,0,0,"Aided by the soft pads on its feet, it silently raids the food stores of other Pokémon. It survives off its ill-gotten gains."
828,猾大狐,Thievul,恶,恶,70,88,58,100,92,107,技术高手 / 蹲守 / 捡拾,顺手牵羊 / 下流打击 / 潜行,23,35,0,0,"It secretly marks potential targets with a scent. By following the scent, it stalks its targets and steals from them when they least expect it."
829,幼棉棉,Gossifleur,草,草,40,40,60,40,85,10,棉絮 / 防尘 / 自然回复,孢子 / 再生力 / 太阳崇拜,10,29,0,0,"It anchors itself in the ground with its single leg, then basks in the sun. After absorbing enough sunlight, its petals spread as it blooms brilliantly."
830,白蓬蓬,Eldegoss,草,草,60,50,90,80,145,60,棉絮 / 防尘 / 自然回复,毛茸茸 / 再生力 / 孢子,12,31,0,0,The seeds attached to its cotton fluff are full of nutrients. It spreads them on the wind so that plants and other Pokémon can benefit from them.
831,毛辫羊,Wooloo,一般,一般,42,55,55,55,45,58,食草 / 胆量 / 防弹,我们滚吧 / 毛茸茸 / 棉絮,18,18,0,0,"Its curly fleece is such an effective cushion that this Pokémon could fall off a cliff and stand right back up at the bottom, unharmed."
832,毛毛角羊,Dubwool,一般,一般,72,80,100,60,90,88,食草 / 胆量 / 防弹,我们滚吧 / 毛茸茸 / 坚硬脑袋,30,24,0,0,"Weave a carpet from its springy wool, and you end up with something closer to a trampoline. You'll start to bounce the moment you set foot on it."
833,咬咬龟,Chewtle,水,水,50,64,50,38,38,44,掠夺者 / 坚硬岩石 / 悠游自如,强壮之颚 / 硬壳盔甲 / 不断生长的牙齿,14,23,0,0,Apparently the itch of its teething impels it to snap its jaws at anything in front of it.
834,暴噬龟,Drednaw,水,岩石,90,115,90,48,68,74,硬壳盔甲 / 埋伏 / 坚硬脑袋,远隔 / 掠食者 / 强壮之颚,21,35,0,0,"With jaws that can shear through steel rods, this highly aggressive Pokémon chomps down on its unfortunate prey."
835,来电汪,Yamper,电,电,59,65,50,65,50,76,胆小 / 静电 / 不服输,短路 / 逃足 / 电细胞,17,32,0,0,"This Pokémon is very popular as a herding dog in the Galar region. As it runs, it generates electricity from the base of its tail."
836,逐电犬,Boltund,电,电,69,110,60,110,60,121,巨咬 / 掠夺者 / 强壮之颚,大地冲击 / 加速 / 短路,20,34,0,0,This Pokémon generates electricity and channels it into its legs to keep them going strong. Boltund can run nonstop for three full days.
837,小炭仔,Rolycoly,岩石,火,30,40,50,40,50,30,热煤 / 坚硬岩石 / 登山者,蒸汽机 / 动力核心 / 熔岩铠甲,10,27,0,0,"Most of its body has the same composition as coal. Fittingly, this Pokémon was first discovered in coal mines about 400 years ago."
838,大炭车,Carkol,岩石,火,80,60,90,60,70,50,热煤 / 坚硬岩石 / 登山者,蒸汽机 / 动力核心 / 熔岩铠甲,18,32,0,0,It forms coal inside its body. Coal dropped by this Pokémon once helped fuel the lives of people in the Galar region.
839,巨炭山,Coalossal,岩石,火,110,90,90,90,120,30,热煤 / 电气皮肤 / 登山者,蒸汽机 / 动力核心 / 熔岩铠甲,27,37,0,0,"It's usually peaceful, but the vandalism of mines enrages it. Offenders will be incinerated with flames that reach 2,700 degrees Fahrenheit."
840,啃果虫,Applin,草,龙,55,55,80,55,55,35,厚脂肪 / 活力 / 防弹,茂盛 / 硬壳盔甲 / 蜕皮,8,25,0,0,"It spends its entire life inside an apple. It hides from its natural enemies, bird Pokémon, by pretending it's just an apple and nothing more."
841,苹裹龙,Flapple,草,龙,70,110,80,95,60,70,活力 / 空气动力学 / 轻装,飘浮 / 致命精准 / 腐蚀,22,39,0,0,"It ate a sour apple, and that induced its evolution. In its cheeks, it stores an acid capable of causing chemical burns."
842,丰蜜龙,Appletun,草,龙,110,85,80,100,80,30,舒缓香气 / 芳香幕 / 防弹,熟成 / 收获 / 厚脂肪,20,38,0,0,"Eating a sweet apple caused its evolution. A nectarous scent wafts from its body, luring in the bug Pokémon it preys on."
843,沙包蛇,Silicobra,地面,地面,52,35,75,57,50,46,挖沙 / 沙之力 / 沙隐,喷沙 / 蜕皮 / 超级发射器,21,12,0,0,"As it digs, it swallows sand and stores it in its neck pouch. The pouch can hold more than 17 pounds of sand."
844,沙螺蟒,Sandaconda,地面,地面,72,65,125,107,70,71,挖沙 / 沙之力 / 沙之守卫,喷沙 / 蜕皮 / 超级发射器,22,36,0,0,"When it contracts its body, over 220 pounds of sand sprays from its nose. If it ever runs out of sand, it becomes disheartened."
845,古月鸟,Cramorant,飞行,水,75,90,85,90,95,85,掠食者 / 收获 / 悠游自如,一口导弹 / 自给自足 / 旷野探险家,24,33,0,0,"It's so strong that it can knock out some opponents in a single hit, but it also may forget what it's battling midfight."
846,刺梭鱼,Arrokuda,水,水,41,63,40,40,30,66,掠食者 / 致命精准 / 加速,螺旋尾鳍 / 速度之力 / 舍身,12,26,0,0,"If it sees any movement around it, this Pokémon charges for it straightaway, leading with its sharply pointed jaw. It's very proud of that jaw."
847,戽斗尖梭,Barraskewda,水,水,61,123,60,60,50,136,螺旋尾鳍 / 栗子斧 / 加速,加速 / 速度之力 / 舍身,18,30,0,0,"This Pokémon has a jaw that's as sharp as a spear and as strong as steel. Apparently Barraskewda's flesh is surprisingly tasty, too."
848,电音婴,Toxel,电,毒,40,38,35,70,35,60,胆小 / 静电 / 笨拙,正电 / 储水 / 剧毒之触,13,26,0,0,"It stores poison in an internal poison sac and secretes that poison through its skin. If you touch this Pokémon, a tingling sensation follows."
849,颤弦蝾螈,Toxtricity,电,毒,75,75,70,114,70,98,技术高手 / 噪音消除 / 醉人,庞克摇滚 / 巨响 / 储水,20,32,0,0,"When this Pokémon sounds as if it's strumming a guitar, it's actually clawing at the protrusions on its chest to generate electricity."
850,烧火蚣,Sizzlipede,火,虫,50,65,45,50,50,45,引火 / 盘卷 / 擒拿手,火焰之躯 / 火焰占卜 / 掠食者,13,22,0,0,It stores flammable gas in its body and uses it to generate heat. The yellow sections on its belly get particularly hot.
851,焚焰蚣,Centiskorch,火,虫,100,115,90,65,90,65,盘卷 / 引火 / 熔解,烈焰之颚 / 我们滚吧 / 极度好战,17,24,0,0,"When it heats up, its body temperature reaches about 1,500 degrees Fahrenheit. It lashes its body like a whip and launches itself at enemies."
852,拳拳蛸,Clobbopus,格斗,格斗,50,68,65,50,60,32,两栖 / 狂暴拳手 / 自给自足,擒拿手 / 再生力 / 后攻,16,30,0,0,"It's very curious, but its means of investigating things is to try to punch them with its tentacles. The search for food is what brings it onto land."
853,八爪武师,Grapploct,格斗,水,80,118,95,70,90,42,自给自足 / 狂暴拳手 / 技术高手,擒拿手 / 再生力 / 潮汐冲击,22,32,0,0,A body made up of nothing but muscle makes the grappling moves this Pokémon performs with its tentacles tremendously powerful.
854,来悲茶,Sinistea,幽灵,幽灵,40,45,45,74,54,50,碎裂铠甲 / 舞者 / 芳香幕,灵质 / 自给自足 / 储水,9,26,0,0,"This Pokémon is said to have been born when a lonely spirit possessed a cold, leftover cup of tea."
855,怖思壶,Polteageist,幽灵,幽灵,60,65,65,134,114,70,碎裂铠甲 / 舞者 / 自给自足,灵质 / 液化 / 储水,17,36,0,0,"This species lives in antique teapots. Most pots are forgeries, but on rare occasions, an authentic work is found."
856,迷布莉姆,Hatenna,超能,超能,42,30,45,56,53,39,扭曲空间 / 危险预知 / 妖精皮肤,魔法防守 / 魔法镜 / 治愈之心,15,43,0,0,"Via the protrusion on its head, it senses other creatures' emotions. If you don't have a calm disposition, it will never warm up to you."
857,提布莉姆,Hattrem,超能,超能,57,40,65,86,73,49,扭曲空间 / 危险预知 / 妖精皮肤,魔法防守 / 魔法镜 / 极度好战,15,43,0,0,"No matter who you are, if you bring strong emotions near this Pokémon, it will silence you violently."
858,布莉姆温,Hatterene,超能,妖精,57,90,95,136,103,29,治愈之心 / 扭曲空间 / 暴走,妖精皮肤 / 魔法镜 / 极度好战,23,48,0,0,It emits psychic power strong enough to cause headaches as a deterrent to the approach of others.
859,捣蛋小妖,Impidimp,恶,妖精,45,55,30,45,40,50,恶作剧之心 / 顺手牵羊 / 察觉,惊吓 / 威吓 / 柔软,16,28,0,0,"Through its nose, it sucks in the emanations produced by people and Pokémon when they feel annoyed. It thrives off this negative energy."
860,诈唬魔,Morgrem,恶,妖精,65,75,45,60,55,70,恶作剧之心 / 顺手牵羊 / 察觉,惊吓 / 威吓 / 卷发,17,28,0,0,"When it gets down on all fours as if to beg for forgiveness, it's trying to lure opponents in so that it can stab them with its spear-like hair."
861,长毛巨魔,Grimmsnarl,恶,妖精,95,120,65,95,75,60,恶作剧之心 / 廉价战术 / 卷发,毛皮大衣 / 威吓 / 惊吓,25,33,0,0,"With the hair wrapped around its body helping to enhance its muscles, this Pokémon can overwhelm even Machamp."
862,堵拦熊,Obstagoon,恶,一般,93,100,101,60,81,95,廉价战术 / 突然惊吓 / 持久力,不服输 / 中毒激升 / 毒疗,22,30,0,0,Its voice is staggering in volume. Obstagoon has a tendency to take on a threatening posture and shout--this move is known as Obstruct.
863,喵头目,Perrserker,钢,钢,90,110,100,65,70,60,毛皮大衣 / 掠夺者 / 铁棘,硬爪 / 战斗盔甲 / 钢魂,24,42,0,0,What appears to be an iron helmet is actually hardened hair. This Pokémon lives for the thrill of battle.
864,魔灵珊瑚,Cursola,幽灵,幽灵,60,95,57,145,130,50,灭亡之躯 / 安息 / 碎裂铠甲,施肥 / 幻影防守 / 后攻,19,49,0,0,Its shell is overflowing with its heightened otherworldly energy. The ectoplasm serves as protection for this Pokémon's core spirit.
865,葱游兵,Sirfetch'd,格斗,格斗,92,135,95,58,92,65,空气动力学 / 不屈之盾 / 叶绿素,胆量 / 锐利刀刃 / 远隔,23,32,0,0,"Only Farfetch'd that have survived many battles can attain this evolution. When this Pokémon's leek withers, it will retire from combat."
866,踏冰人偶,Mr. Rime,冰,超能,80,110,85,110,100,70,恶作剧之心 / 北风 / 魔法防守,除障 / 冰冻之躯 / 迟钝,33,52,0,0,It's highly skilled at tap-dancing. It waves its cane of ice in time with its graceful movements.
867,迭失板,Runerigus,地面,幽灵,58,95,145,50,105,30,游魂 / 幻影防守 / 古代偶像,作祟的魂魄 / 怨恨 / 坚硬岩石,20,45,0,0,"A powerful curse was woven into an ancient painting. After absorbing the spirit of a Yamask, the painting began to move."
868,小仙奶,Milcery,妖精,妖精,65,40,40,60,61,34,黏滑 / 好烤的身体 / 粉彩护幕,毛茸茸 / 芳香幕 / 自给自足,11,28,0,0,This Pokémon was born from sweet-smelling particles in the air. Its body is made of cream.
869,霜奶仙,Alcremie,妖精,妖精,75,60,75,110,121,64,黏滑 / 好烤的身体 / 粉彩护幕,毛茸茸 / 芳香幕 / 自给自足,17,31,0,0,"When it trusts a Trainer, it will treat them to berries it's decorated with cream."
870,列阵兵,Falinks,格斗,格斗,65,100,100,70,60,75,金属化 / 活力 / 友情防守,硬化鞘 / 斗争精神 / 战斗盔甲,24,35,0,0,"Five of them are troopers, and one is the brass. The brass's orders are absolute."
871,啪嚓海胆,Pincurchin,电,水,75,101,95,101,95,15,避雷针 / 铁棘 / 食草,电力转换 / 松散尖刺 / 电气制造者,20,38,0,0,"It feeds on seaweed, using its teeth to scrape it off rocks. Electric current flows from the tips of its spines."
872,雪吞虫,Snom,冰,虫,50,45,55,65,50,40,冻结点 / 尖刺盔甲 / 冰鳞粉,愧疚 / 防尘 / 纯朴,8,13,0,0,"It spits out thread imbued with a frigid sort of energy and uses it to tie its body to branches, disguising itself as an icicle while it sleeps."
873,雪绒蛾,Frosmoth,冰,虫,95,50,75,105,110,65,雪隐 / 鳞粉 / 降雪,飘浮 / 华贵之蛾 / 冰鳞粉,17,38,0,0,Icy scales fall from its wings like snow as it flies over fields and mountains. The temperature of its wings is less than -290 degrees Fahrenheit.
874,巨石丁,Stonjourner,岩石,岩石,100,125,135,20,60,70,恒净之躯 / 遗石 / 能量点,前锋 / 坚毅 / 坚硬岩石,24,36,0,0,"It stands in grasslands, watching the sun's descent from zenith to horizon. This Pokémon has a talent for delivering dynamic kicks."
875,冰砌鹅,Eiscue,冰,冰,85,100,110,65,90,60,悠游自如 / 拨雪 / 冰露,结冻头 / 南极鸟 / 两栖,17,38,0,0,It drifted in on the flow of ocean waters from a frigid place. It keeps its head iced constantly to make sure it stays nice and cold.
876,爱管侍,Indeedee,超能,一般,60,55,55,110,95,120,能量角 / 精神制造者 / 好胜,利己主义者 / 胆量 / 预知梦,20,36,0,0,"It uses the horns on its head to sense the emotions of others. Males will act as valets for those they serve, looking after their every need."
877,莫鲁贝可,Morpeko,电,恶,58,95,58,70,58,97,电爆 / 夜行 / 友情防守,饱了又饿 / 贪吃鬼 / 避雷针,17,35,0,0,"As it eats the seeds stored up in its pocket-like pouches, this Pokémon is not just satisfying its constant hunger. It's also generating electricity."
878,铜象,Cufant,钢,钢,72,80,49,40,49,40,远隔 / 储水 / 不断生长的牙齿,重金属 / 铅衣 / 食草,23,24,0,0,"It digs up the ground with its trunk. It's also very strong, being able to carry loads of over five tons without any problem at all."
879,大王铜象,Copperajah,钢,钢,122,130,69,80,69,30,远隔 / 储水 / 不断生长的牙齿,重金属 / 铅衣 / 食草,30,32,0,0,They came over from another region long ago and worked together with humans. Their green skin is resistant to water.
880,雷鸟龙,Dracozolt,电,龙,90,100,90,80,70,75,活力 / 冲浪之尾 / 挖沙,强壮之颚 / 龙颚 / 掠食者,16,33,0,0,"In ancient times, it was unbeatable thanks to its powerful lower body, but it went extinct anyway after it depleted all its plant-based food sources."
881,雷鸟海兽,Arctozolt,电,冰,90,100,90,70,80,75,活力 / 冲浪之尾 / 拨雪,强壮之颚 / 掠食者 / 冰露,13,38,0,0,The shaking of its freezing upper half is what generates its electricity. It has a hard time walking around.
882,鳃鱼龙,Dracovish,水,龙,90,90,100,70,80,75,活力 / 悠游自如 / 挖沙,强壮之颚 / 龙颚 / 掠食者,15,31,0,0,Powerful legs and jaws made it the apex predator of its time. Its own overhunting of its prey was what drove it to extinction.
883,鳃鱼海兽,Arctovish,水,冰,90,90,100,80,70,75,活力 / 悠游自如 / 拨雪,强壮之颚 / 冰鳞粉 / 掠食者,10,26,0,0,"Though it's able to capture prey by freezing its surroundings, it has trouble eating the prey afterward because its mouth is on top of its head."
884,铝钢龙,Duraludon,钢,龙,70,95,115,120,50,85,轻金属 / 重金属 / 电细胞,钢桶 / 超级发射器 / 坚毅,18,33,0,0,"Its body resembles polished metal, and it's both lightweight and strong. The only drawback is that it rusts easily."
885,多龙梅西亚,Dreepy,龙,幽灵,28,70,30,50,30,92,恒净之躯 / 加速 / 恶意,飘浮 / 穿透 / 灵质,19,43,0,0,"After being reborn as a ghost Pokémon, Dreepy wanders the areas it used to inhabit back when it was alive in prehistoric seas."
886,多龙奇,Drakloak,龙,幽灵,68,90,50,70,50,102,恒净之躯 / 加速 / 亲子爱,飘浮 / 穿透 / 灵质,21,43,0,0,It's capable of flying faster than 120 mph. It battles alongside Dreepy and dotes on them until they successfully evolve.
887,多龙巴鲁托,Dragapult,龙,幽灵,88,110,75,110,75,142,恒净之躯 / 加速 / 亲子爱,飘浮 / 穿透 / 灵质,26,45,0,0,"When it isn't battling, it keeps Dreepy in the holes on its horns. Once a fight starts, it launches the Dreepy like supersonic missiles."
888,苍响,Zacian,妖精,妖精,92,130,115,80,115,138,惊吓 / 威吓 / 钢能力士,不挠之剑 / 愤怒穴位 / 妖精皮肤,18,29,0,0,"Known as a legendary hero, this Pokémon absorbs metal particles, transforming them into a weapon it uses to battle."
889,藏玛然特,Zamazenta,格斗,格斗,92,130,115,80,115,138,惊吓 / 威吓 / 钢能力士,不屈之盾 / 持久力 / 斗争精神,18,31,0,0,"In times past, it worked together with a king of the people to save the Galar region. It absorbs metal that it then uses in battle."
890,无极汰那,Eternatus,毒,龙,140,85,95,145,95,130,腐蚀 / 狂暴DNA / 动力核心,飘浮 / 超级发射器 / 原始铠甲,21,29,0,0,The core on its chest absorbs energy emanating from the lands of the Galar region. This energy is what allows Eternatus to stay active.
891,熊徒弟,Kubfu,格斗,格斗,60,100,60,53,50,82,偏离 / 水合 / 醉人,无形拳 / 狂暴突袭 / 愤怒穴位,10,25,0,0,Kubfu trains hard to perfect its moves. The moves it masters will determine which form it takes when it evolves.
892,武道熊师,Urshifu,格斗,恶,100,150,90,60,60,100,雷召 / 狂暴突袭 / 自命不凡,无形拳 / 格斗专家 / 精密之拳,19,35,0,0,This form of Urshifu is a strong believer in the one-hit KO. Its strategy is to leap in close to foes and land a devastating blow with a hardened fist.
893,萨戮德,Zarude,恶,草,105,120,105,70,95,105,极度好战 / 一猩一意 / 青草制造者,硬爪 / 叶子防守 / 茂盛,38,45,0,0,"Within dense forests, this Pokémon lives in a pack with others of its kind. It's incredibly aggressive, and the other Pokémon of the forest fear it."
894,雷吉艾勒奇,Regieleki,电,电,80,100,50,100,50,200,过载 / 发光 / 电爆,电晶体 / 大地冲击 / 加速,40,32,0,0,This Pokémon is a cluster of electrical energy. It's said that removing the rings on Regieleki's body will unleash the Pokémon's latent power.
895,雷吉铎拉戈,Regidrago,龙,龙,200,100,50,100,50,80,掠食者 / 威吓 / 惊吓,龙颚 / 超级发射器 / 压制,22,27,0,0,An academic theory proposes that Regidrago's arms were once the head of an ancient dragon Pokémon. The theory remains unproven.
896,雪暴马,Glastrier,冰,冰,100,145,130,65,110,30,苍白嘶鸣 / ------ / ------,永冻土 / 持久力 / 白茫茫,13,27,0,0,"Glastrier emits intense cold from its hooves. It's also a belligerent Pokémon-- anything it wants, it takes by force."
897,灵幽马,Spectrier,幽灵,幽灵,100,65,60,145,80,130,漆黑嘶鸣 / ------ / ------,幻影防守 / 惊吓 / 加速,14,27,0,0,It probes its surroundings with all its senses save one--it doesn't use its sense of sight. Spectrier's kicks are said to separate soul from body.
898,蕾冠王,Calyrex,超能,草,100,100,100,100,100,100,奇迹皮肤 / 多重鳞片 / 青草制造者,收获 / 天赋异禀 / 冠之王,20,35,0,0,"Calyrex is a merciful Pokémon, capable of providing healing and blessings. It reigned over the Galar region in times of yore."
899,诡角鹿,Wyrdeer,一般,超能,123,105,82,65,85,65,反转 / 威吓 / 神秘力量,北风 / 硬化鞘 / 发光,25,43,0,0,The black orbs shine with an uncanny light when the Pokémon is erecting invisible barriers. 
900,劈斧螳螂,Kleavor,虫,岩石,70,135,95,45,70,85,强行 / 凶手 / 结实,化石 / 锐利刀刃 / 技术高手,18,42,0,0,"A violent creature that fells towering trees with its crude axes and shields it self with hard stone. Should you chance upon this Pokémon in the wilds, run."
901,月月熊,Ursaluna,地面,一般,130,140,105,45,80,50,毅力 / 胆量 / 防弹,硬爪 / 掠食者 / 防尘,21,32,0,0,I believe it was Hisui's swampy terrain that gave Ursaluna its burly physique and newfound capacity to manipulate peat at will. 
902,幽尾玄鱼,Basculegion,水,幽灵,120,112,65,80,75,78,狂暴突袭 / 坚硬脑袋 / 极度好战,恒净之躯 / 舍身 / 至高之主,22,42,0,0,Clads itself in the souls of comrades that perished before fulfilling their goals of journeying upstream. 
903,大狃拉,Sneasler,格斗,毒,80,130,60,40,80,120,轻装 / 醉人 / 极度好战,硬爪 / 剧毒之触 / 登山者,18,31,0,0,"Because of Sneasler's virulent poison and daunting physical prowess, no other species could hope to best it on the frozen highlands. "
904,万针鱼,Overqwil,恶,毒,85,115,95,65,65,85,悠游自如 / 连续攻击 / 威吓,不仁不义 / 引爆 / 毒棘,24,36,0,0,Its lancelike spikes and savage temperament have earned it the nickname ''sea fiend''.  It slurps up poison to nourish itself. 
905,眷恋云,Enamorus,妖精,飞行,74,115,70,135,80,106,纯洁的爱 / 妖精皮肤 / 唱反调,小精灵之力 / 女王威严 / 天气控制,22,39,0,0,"When it flies to this land from across the sea, the bitter winter comes to an end.  "
906,新叶喵,Sprigatito,草,草,40,66,54,45,45,70,舒缓香气 / 潜行 / 茂密丛林,茂盛 / 变幻自如 / 远隔,12,30,0,0,The sweet scent its body gives off mesmerizes those around it. The scent grows stronger when this Pokémon is in the sun.
907,蒂蕾喵,Floragato,草,草,66,80,63,60,63,88,尖刺盔甲 / 潜行 / 茂密丛林,茂盛 / 变幻自如 / 远隔,14,30,0,0,"Floragato deftly wields the vine hidden beneath its long fur, slamming the hard flower bud against its opponents."
908,魔幻假面喵,Meowscarada,草,恶,81,110,70,81,70,123,魔术师 / 魔法镜 / 魔法防守,茂盛 / 变幻自如 / 远隔,26,40,0,0,"This Pokémon uses the reflective fur lining its cape to camouflage the stem of its flower, creating the illusion that the flower is floating."
909,呆火鳄,Fuecoco,火,火,72,45,59,63,45,36,女妖 / 献祭 / 胆小,猛火 / 纯朴 / 扩音器,13,20,0,0,"Skeledirge's gentle singing soothes the souls of all that hear it. It burns its enemies to a crisp with flames of over 5,400 degrees Fahrenheit."
910,炙烫鳄,Crocalor,火,火,86,55,78,90,62,49,女妖 / 献祭 / 胆小,猛火 / 纯朴 / 扩音器,17,22,0,0,The combination of Crocalor's fire energy and overflowing vitality has caused an egg-shaped fireball to appear on the Pokémon's head.
911,骨纹巨声鳄,Skeledirge,火,幽灵,104,75,100,110,80,66,女妖 / 献祭 / 胆小,猛火 / 纯朴 / 扩音器,25,29,0,0,It compresses rock salt inside its body and shoots out hardened salt pellets with enough force to perforate an iron sheet.
912,润水鸭,Quaxly,水,水,55,65,45,50,45,60,迷人之躯 / 舞者 / 棱镜装甲,激流 / 前锋 / 水幕,9,29,0,0,Its strong legs let it easily swim around in even fast-flowing rivers. It likes to keep things tidy and is prone to overthinking things.
913,涌跃鸭,Quaxwell,水,格斗,70,85,65,65,65,70,自信过度 / 舞者 / 棱镜装甲,激流 / 前锋 / 水幕,12,30,0,0,The hardworking Quaxwell observes people and Pokémon from various regions and incorporates their movements into its own dance routines.
914,狂欢浪舞鸭,Quaquaval,水,格斗,85,120,80,85,75,90,自信过度 / 舞者 / 棱镜装甲,激流 / 前锋 / 水幕,18,33,0,0,A single kick from a Quaquaval can send a truck rolling. This Pokémon uses its powerful legs to perform striking dances from far-off lands.
915,爱吃豚,Lechonk,一般,一般,54,60,65,35,50,35,余香 / 强壮之颚 / 捡拾,厚脂肪 / 贪吃鬼 / 粉彩护幕,19,27,0,0,It searches for food all day. It possesses a keen sense of smell but doesn't use it for anything other than foraging.
916,飘香豚,Oinkologne,一般,一般,100,110,100,59,85,65,余香 / 强壮之颚 / 捡拾,厚脂肪 / 贪吃鬼 / 粉彩护幕,23,27,0,0,"Oinkologne is proud of its fine, glossy skin. It emits a concentrated scent from the tip of its tail."
917,团珠蛛,Tarountula,虫,虫,35,41,45,29,40,20,蜘蛛巢 / 吐丝者 / 防弹,我们滚吧 / 不眠 / 蹲守,16,25,0,0,The thread it secretes from its rear is as strong as wire. The secret behind the thread's strength is the topic of ongoing research.
918,操陷蛛,Spidops,虫,虫,90,85,92,55,86,52,吐丝者 / 蜘蛛巢 / 压制,埋伏 / 弱点利用 / 蹲守,18,30,0,0,It clings to branches and ceilings using its threads and moves without a sound. It takes out its prey before the prey even notices it.
919,豆蟋蟀,Nymble,虫,虫,33,46,40,21,25,45,有色眼镜 / 正义之心 / 机会主义者,狂暴突袭 / 虫之预感 / 前锋,19,25,0,0,"It has its third set of legs folded up. When it's in a tough spot, this Pokémon jumps over 30 feet using the strength of its legs."
920,烈腿蝗,Lokix,虫,恶,71,102,78,52,55,92,复仇者 / 正义之心 / 机会主义者,决胜模式 / 虫之预感 / 前锋,23,27,0,0,"When it decides to fight all out, it stands on its previously folded legs to enter Showdown Mode. It neutralizes its enemies in short order."
921,布拨,Pawmi,电,电,45,50,20,40,25,70,肾上腺素冲击 / 铁拳 / 发电机,蓄电 / 伏特冲击 / 复仇者,9,23,0,0,The pads of its paws are electricity-discharging organs. Pawmi fires electricity from its forepaws while standing unsteadily on its hind legs.
922,布土拨,Pawmo,电,格斗,60,75,40,50,40,95,肾上腺素冲击 / 铁拳 / 发电机,蓄电 / 伏特冲击 / 复仇者,14,29,0,0,"When its group is attacked, Pawmo is the first to leap into battle, defeating enemies with a fighting technique that utilizes electric shocks."
923,巴布土拨,Pawmot,电,格斗,70,115,70,70,60,125,肾上腺素冲击 / 铁拳 / 发电机,蓄电 / 伏特冲击 / 复仇者,19,33,0,0,"This Pokémon normally is slow to react, but once it enters battle, it will strike down its enemies with lightning-fast movements."
924,一对鼠,Tandemaus,一般,一般,50,50,45,40,45,75,友情防守 / 捡拾 / 一般皮肤,我行我素 / 亲子爱 / 技术高手,12,25,0,0,"use their incisors to cut pieces out of any material that might be useful for a nest, then make off with them."
925,一家鼠,Maushold,一般,一般,74,75,70,65,75,111,友情防守 / 捡拾 / 一般皮肤,我行我素 / 亲子爱 / 技术高手,16,30,0,0,"The larger pair protects the little ones during battles. When facing strong opponents, the whole group will join the fight."
926,狗仔包,Fidough,妖精,妖精,37,55,70,30,55,65,贪吃鬼 / 芳香幕 / 强壮之颚,好烤的身体 / 鳞粉 / 自给自足,13,25,0,0,This Pokémon is smooth and moist to the touch. Yeast in Fidough's breath induces fermentation in the Pokémon's vicinity.
927,麻花犬,Dachsbun,妖精,妖精,57,80,115,50,80,105,贪吃鬼 / 芳香幕 / 强壮之颚,好烤的身体 / 鳞粉 / 自给自足,17,28,0,0,"The pleasant aroma that emanates from this Pokémon's body helps wheat grow, so Dachsbun has been treasured by farming villages."
928,迷你芙,Smoliv,草,一般,41,35,45,58,51,30,迷人之躯 / 友情防守 / 熟成,叶绿体 / 防尘 / 食土,16,19,0,0,"This Pokémon converts nutrients into oil, which it stores in the fruit on its head. It can easily go a whole week without eating or drinking."
929,奥利纽,Dolliv,草,一般,52,53,60,78,78,33,治愈之心 / 友情防守 / 熟成,叶绿体 / 防尘 / 迷人之躯,16,19,0,0,"Dolliv shares its tasty, fresh- scented oil with others. This species has coexisted with humans since times long gone."
930,奥利瓦,Arboliva,草,一般,78,69,90,125,109,39,治愈之心 / 友情防守 / 吸收,播种者 / 防尘 / 收获,19,33,0,0,"This Pokémon drives back enemies by launching its rich, aromatic oil at them with enough force to smash a boulder."
931,怒鹦哥,Squawkabilly,一般,飞行,90,45,106,76,90,85,能量点 / 威吓 / 友情防守,空中 / 鸟群 / 模仿,20,31,0,0,"Green-feathered flocks hold the most sway. When they're out searching for food in the mornings and evenings, it gets very noisy."
932,盐石宝,Nacli,岩石,岩石,55,60,75,35,40,25,盐圈 / 结实 / 再生力,净化之盐 / 松散岩石 / 坚不可摧,14,24,0,0,"The ground scrapes its body as it travels, causing it to leave salt behind. Salt is constantly being created and replenished inside Nacli's body."
933,盐石垒,Naclstack,岩石,岩石,60,60,100,35,65,35,盐圈 / 结实 / 再生力,净化之盐 / 松散岩石 / 坚不可摧,14,26,0,0,It compresses rock salt inside its body and shoots out hardened salt pellets with enough force to perforate an iron sheet.
934,盐石巨灵,Garganacl,岩石,岩石,100,100,130,45,90,35,盐圈 / 主宰 / 再生力,净化之盐 / 松散岩石 / 坚不可摧,20,34,0,0,Garganacl will rub its fingertips together and sprinkle injured Pokémon with salt. Even severe wounds will promptly heal afterward.
935,炭小侍,Charcadet,火,火,40,50,40,50,40,35,碎裂铠甲 / 不服输 / 好胜,战斗盔甲 / 单纯 / 引火,9,32,0,0,"Burnt charcoal came to life and became a Pokémon. Possessing a fiery fighting spirit, Charcadet will battle even tough opponents."
936,红莲铠骑,Armarouge,火,超能,85,60,100,125,80,75,碎裂铠甲 / 白烟 / 炮术,战斗盔甲 / 超级发射器 / 引火,19,51,0,0,Armarouge evolved through the use of a set of armor that belonged to a distinguished warrior. This Pokémon is incredibly loyal.
937,苍炎刃鬼,Ceruledge,火,幽灵,75,125,80,60,100,85,碎裂铠甲 / 自信过度 / 飘渺冲刺,战斗盔甲 / 巨钳 / 双持,18,53,0,0,The fiery blades on its arms burn fiercely with the lingering resentment of a sword wielder who fell before accomplishing their goal.
938,光蚪仔,Tadbulb,电,电,71,31,45,66,45,45,湿气 / 纯朴 / 发电机,电力转换 / 干燥皮肤 / 静电,12,25,0,0,"Tadbulb shakes its tail to generate electricity. If it senses danger, it will make its head blink on and off to alert its allies."
939,电肚蛙,Bellibolt,电,电,109,64,95,110,95,45,湿气 / 纯朴 / 厚脂肪,电力转换 / 干燥皮肤 / 静电,16,30,0,0,"When this Pokémon expands and contracts its wobbly body, the belly- button dynamo in its stomach produces a huge amount of electricity."
940,电海燕,Wattrel,电,飞行,40,40,35,55,40,70,好胜 / 脉冲 / 风力发电,蓄电 / 终端速度 / 吹气筒,13,33,0,0,"When its wings catch the wind, the bones within produce electricity. This Pokémon dives into the ocean, catching prey by electrocuting them."
941,大电海燕,Kilowattrel,电,飞行,70,70,60,105,60,125,暴风雨 / 脉冲 / 吹气筒,蓄电 / 终端速度 / 风力发电,14,35,0,0,"It uses its throat sac to store electricity generated by its wings. There's hardly any oil in its feathers, so it is a poor swimmer."
942,偶叫獒,Maschiff,恶,恶,60,78,60,40,51,51,威吓 / 复仇者 / 友情防守,看门狗 / 强壮之颚 / 杀戮之颚,20,21,0,0,"Its well-developed jaw and fangs are strong enough to crunch through boulders, and its thick fat makes for an excellent defense."
943,獒教父,Mabosstiff,恶,恶,80,120,90,60,70,85,威吓 / 复仇者 / 友情防守,看门狗 / 强壮之颚 / 杀戮之颚,25,25,0,0,"Mabosstiff loves playing with children. Though usually gentle, it takes on an intimidating look when protecting its family."
944,滋汁鼹,Shroodle,毒,一般,40,65,35,40,35,75,恶作剧之心 / 不断生长的牙齿 / 轻装,剧毒之触 / 廉价战术 / 顺手牵羊,17,37,0,0,"To keep enemies away from its territory, it paints markings around its nest using a poisonous liquid that has an acrid odor."
945,涂标客,Grafaiai,毒,一般,63,95,65,80,72,110,轻装 / 技术高手 / 恶作剧之心,剧毒之触 / 廉价战术 / 胆量,23,40,0,0,"Each Grafaiai paints its own individual pattern, and it will paint that same pattern over and over again throughout its life."
946,纳噬草,Bramblin,草,幽灵,50,65,30,45,35,70,穿透 / 沙漠披风 / 松散尖刺,乘风 / 我们滚吧 / 诺斯费拉图,16,28,0,0,A soul unable to move on to the afterlife was blown around by the wind until it got tangled up with dried grass and became a Pokémon.
947,怖纳噬草,Brambleghast,草,幽灵,65,115,70,80,70,100,穿透 / 挖沙 / 松散尖刺,乘风 / 沙漠披风 / 诺斯费拉图,21,32,0,0,"It will open the branches of its head to envelop its prey. Once it absorbs all the life energy it needs, it expels the prey and discards it."
948,原野水母,Toedscool,地面,草,40,40,35,50,100,70,毒疗 / 懦夫 / 沙穴,后攻 / 吸收 / 菌丝之力,23,33,0,0,"Though it looks like Tentacool, Toedscool is a completely different species. Its legs may be thin, but it can run at a speed of 30 mph."
949,陆地水母,Toedscruel,地面,草,80,70,65,80,120,100,毒疗 / 懦夫 / 沙穴,后攻 / 吸收 / 菌丝之力,27,36,0,0,These Pokémon gather into groups and form colonies deep within forests. They absolutely hate it when strangers approach.
950,毛崖蟹,Klawf,岩石,岩石,70,100,115,35,55,75,再生力 / 钳制 / 埋伏,硬壳盔甲 / 愤怒甲壳 / 结实,20,28,0,0,"Klawf hangs upside-down from cliffs, waiting for prey. But Klawf can't remain in this position for long because its blood rushes to its head."
951,热辣娃,Capsakid,草,草,50,62,40,62,40,50,心情不定 / 叶绿素 / 太阳耀斑,储水 / 不断生长的牙齿 / 火焰占卜,12,29,0,0,"The more sunlight this Pokémon bathes in, the more spicy chemicals are produced by its body, and thus the spicier its moves become."
952,狠辣椒,Scovillain,草,火,65,108,65,108,65,75,心情不定 / 叶绿素 / 太阳耀斑,储水 / 多头龙 / 火焰占卜,22,39,0,0,"The green head has turned vicious due to the spicy chemicals stimulating its brain. Once it goes on a rampage, there is no stopping it."
953,虫滚泥,Rellor,虫,虫,41,50,60,50,58,30,复眼 / 拾荒者 / 蜕皮,我们滚吧 / 恶臭 / 加速,24,26,0,0,This Pokémon creates a mud ball by mixing sand and dirt with psychic energy. It treasures its mud ball more than its own life.
954,虫甲圣,Rabsca,虫,超能,75,50,85,115,100,45,心灵感应 / 扭曲空间 / 后攻,亲子爱 / 超能之心 / 飘浮,30,33,0,0,"The body that supports the ball barely moves. Therefore, it is thought that the true body of this Pokémon is actually inside the ball."
955,飘飘雏,Flittle,超能,超能,30,35,30,55,30,75,加速 / 察觉 / 神秘力量,飘浮 / 利己主义者 / 超能之心,14,30,0,0,Flittle's toes levitate about half an inch above the ground because of the psychic power emitted from the frills on the Pokémon's belly.
956,超能艳鸵,Espathra,超能,超能,95,60,60,101,60,105,加速 / 华贵之鸟 / 神秘力量,利己主义者 / 察觉 / 超能之心,18,32,0,0,"It immobilizes opponents by bathing them in psychic power from its large eyes. Despite its appearance, it has a vicious temperament."
957,小锻匠,Tinkatink,妖精,钢,50,55,45,35,64,62,钢能力士 / 准备就绪 / 机会主义者,超级重击者 / 胆小 / 破格,12,26,0,0,This Pokémon pounds iron scraps together to make a hammer. It will remake the hammer again and again until it's satisfied with the result.
958,巧锻匠,Tinkatuff,妖精,钢,65,65,55,45,82,82,钢能力士 / 准备就绪 / 机会主义者,超级重击者 / 远隔 / 破格,14,31,0,0,These Pokémon make their homes in piles of scrap metal. They test the strength of each other's hammers by smashing them together.
959,巨锻匠,Tinkaton,妖精,钢,85,75,77,70,105,94,钢魂 / 准备就绪 / 机会主义者,超级重击者 / 远隔 / 破格,23,37,0,0,"The hammer tops 220 pounds, yet it gets swung around easily by Tinkaton as it steals whatever it pleases and carries its plunder back home."
960,海地鼠,Wiglett,水,水,15,55,30,35,35,95,加速 / 跃跃欲逃 / 懦夫,黏滑 / 旷野探险家 / 胆小,9,26,0,0,This Pokémon can pick up the scent of a Veluza just over 65 feet away and will hide itself in the sand.
961,三海地鼠,Wugtrio,水,水,35,100,50,50,70,120,加速 / 胆小 / 懦夫,黏滑 / 旷野探险家 / 多头龙,14,37,0,0,"A variety of fish Pokémon, Wugtrio was once considered to be a regional form of Dugtrio."
962,下石鸟,Bombirdier,飞行,恶,70,103,85,60,85,82,健壮胸肌 / 冥河冲刺 / 轻装,登山者 / 岩石载荷 / 寻回犬,17,32,0,0,"Bombirdier uses the apron on its chest to bundle up food, which it carries back to its nest. It enjoys dropping things that make loud noises."
963,波普海豚,Finizen,水,水,70,45,40,45,40,75,悠游自如 / 正义之心 / 水幕,适应力 / 湿气 / 潮汐冲击,10,33,0,0,Its water ring is made from seawater mixed with a sticky fluid that Finizen secretes from its blowhole.
964,海豚侠,Palafin,水,水,100,70,72,53,62,100,友情防守 / 潮汐冲击 / 湿气,从零到英雄 / 正义之心 / 水幕,19,42,0,0,This Pokémon changes its appearance if it hears its allies calling for help. Palafin will never show anybody its moment of transformation.
965,噗隆隆,Varoom,钢,毒,45,70,63,30,45,47,速度之力 / 重金属 / 引爆,加速 / 过滤 / 防尘,21,31,0,0,The steel section is Varoom's actual body. This Pokémon clings to rocks and converts the minerals within into energy to fuel its activities.
966,普隆隆姆,Revavroom,钢,毒,80,119,90,54,67,90,速度之力 / 模糊 / 毒沼制造者,加速 / 过滤 / 防尘,28,37,0,0,It creates a gas out of poison and minerals from rocks. It then detonates the gas in its cylinders- now numbering eight-to generate energy.
967,摩托蜥,Cyclizar,龙,一般,70,95,65,85,65,121,多重鳞片 / 轻装 / 舍身,蜕皮 / 旷野探险家 / 再生力,18,30,0,0,It can sprint at over 70 mph while carrying a human. The rider's body heat warms Cyclizar's back and lifts the Pokémon's spirit.
968,拖拖蚓,Orthworm,钢,钢,70,85,145,60,55,65,沙之守卫 / 铁拳 / 接地,食土 / 余震 / 纯朴,22,39,0,0,"When attacked, this Pokémon will wield the tendrils on its body like fists and pelt the opponent with a storm of punches."
969,晶光芽,Glimmet,岩石,毒,48,35,42,105,60,60,松散尖刺 / 毒棘 / 能量点,腐蚀 / 神经毒素 / 结实,18,26,0,0,Glimmet's toxic mineral crystals look just like flower petals. This Pokémon scatters poisonous powder like pollen to protect itself.
970,晶光花,Glimmora,岩石,毒,83,55,90,130,81,86,腐蚀 / 结实 / 能量点,毒棘 / 不仁不义 / 加速,19,29,0,0,Glimmora's petals are made of crystallized poison energy. It has recently become evident that these petals resemble Tera Jewels.
971,墓仔狗,Greavard,幽灵,幽灵,50,61,60,30,55,34,飘渺冲刺 / 幻痛 / 毛茸茸,捡拾 / 诅咒之躯 / 噬魂,15,20,0,0,Glimmora's petals are made of crystallized poison energy. It has recently become evident that these petals resemble Tera Jewels.
972,墓扬犬,Houndstone,幽灵,幽灵,72,101,100,50,97,68,飘渺冲刺 / 幻痛 / 毛茸茸,惊吓 / 作祟的魂魄 / 噬魂,22,27,0,0,"Houndstone spends most of its time sleeping in graveyards. Among all the dog Pokémon, this one is most loyal to its master."
973,缠红鹤,Flamigo,飞行,格斗,82,115,74,75,64,90,飞毛腿 / 胆量 / 同台共演,干劲 / 鸟群 / 飞行皮肤,32,39,0,0,"Thanks to a behavior of theirs known as “synchronizing,” an entire flock of these Pokémon can attack simultaneously in perfect harmony."
974,走鲸,Cetoddle,冰,冰,108,68,45,30,40,43,拨雪 / 迷人之躯 / 我们滚吧,厚脂肪 / 冻结点 / 拾荒者,19,29,0,0,This species left the ocean and began living on land a very long time ago. It seems to be closely related to Wailmer.
975,浩大鲸,Cetitan,冰,冰,170,113,65,45,55,73,白茫茫 / 拨雪 / 强行,厚脂肪 / 我们滚吧 / 掠食者,20,32,0,0,"Ice energy builds up in the horn on its upper jaw, causing the horn to reach cryogenic temperatures that freeze its surroundings."
976,轻身鳕,Veluza,水,超能,102,102,83,78,65,70,破格 / 再生力 / 偏离,锐利刀刃 / 激流 / 巨钳,18,28,0,0,"Veluza has excellent regenerative capabilities. It sheds spare flesh from its body to boost its agility, then charges at its prey."
977,吃吼霸,Dondozo,水,水,150,100,115,65,65,35,纯朴 / 迟钝 / 贪吃鬼,水幕 / 掠食者 / 主宰,17,30,0,0,"It treats Tatsugiri like its boss and follows it loyally. Though powerful, Dondozo is apparently not very smart."
978,米立龙,Tatsugiri,龙,水,68,50,60,120,95,82,指挥官 / 多重鳞片 / 战术撤退,激流 / 涨潮 / 机会主义者,14,31,0,0,This is a small dragon Pokémon. It lives inside the mouth of Dondozo to protect itself from enemies on the outside.
979,弃世猴,Annihilape,格斗,幽灵,110,115,80,50,90,90,浅坟 / 威吓局势 / 不服输,极度好战 / 怒穴 / 复仇之魂,31,39,0,0,"When its anger rose beyond a critical point, this Pokémon gained power that is unfettered by the limits of its physical body."
980,土王,Clodsire,毒,地面,130,85,80,85,100,35,奇迹皮肤 / 纯朴 / 湿气,毒棘 / 储水 / 粗糙皮肤,17,35,0,0,"When attacked, this Pokémon will retaliate by sticking thick spines out from its body. It's a risky move that puts everything on the line."
981,奇麒麟,Farigiraf,一般,超能,120,75,75,115,75,60,反刍 / 唱反调 / 食草,尾甲 / 精神咬碎 / 惊吓,21,39,0,0,"Now that the brain waves from the head and tail are synced up, the psychic power of this Pokémon is 10 times stronger than Girafarig's."
982,土龙节节,Dudunsparce,一般,一般,125,100,80,85,75,55,硬化鞘 / 沙之守卫 / 构造,超幸运 / 我行我素 / 天恩,28,39,0,0,This Pokémon uses its hard tail to make its nest by boring holes into bedrock deep underground. The nest can reach lengths of over six miles.
983,仆刀将军,Kingambit,恶,钢,100,135,120,60,85,50,压迫感 / 锐利刀刃 / 王之怒,至高之主 / 巨钳 / 战斗盔甲,20,27,0,0,"Though it commands a massive army in battle, it's not skilled at devising complex strategies. It just uses brute strength to keep pushing."
984,雄伟牙,Great Tusk,地面,格斗,115,131,131,53,53,87,尖刺盔甲 / 战斗盔甲 / 厚脂肪,古代活性 / 硬化鞘 / 余震,23,40,0,0,Sightings of this Pokémon have occurred in recent years. The name Great Tusk was taken from a creature listed in a certain book.
985,吼叫尾,Scream Tail,妖精,超能,115,65,99,65,115,111,毛皮大衣 / 大力士 / 瑜伽之力,古代活性 / 诺斯费拉图 / 卷发,22,42,0,0,There has been only one reported sighting of this Pokémon. It resembles a mysterious creature depicted in an old expedition journal.
986,猛恶菇,Brute Bonnet,草,恶,111,127,99,79,99,55,真菌感染 / 适应力 / 菌丝之力,古代活性 / 再生力 / 太阳之力,22,43,0,0,It bears a slight resemblance to a Pokémon described in a dubious magazine as a cross between a dinosaur and a mushroom.
987,振翼发,Flutter Mane,幽灵,妖精,55,55,55,135,135,135,复仇之魂 / 噬魂 / 愧疚,古代活性 / 恶意 / 狂乱魅影,22,43,0,0,"It has similar features to a ghostly pterosaur that was covered in a paranormal magazine, but the two have little else in common."
988,爬地翅,Slither Wing,虫,格斗,85,135,79,85,105,81,毛茸茸 / 活力 / 火鳞,古代活性 / 华贵之蛾 / 粉末爆炸,22,37,0,0,This mysterious Pokémon has some similarities to a creature that an old book introduced as Slither Wing.
989,沙铁皮,Sandy Shocks,电,地面,85,81,97,121,85,101,大地冲击 / 过载 / 废料场,古代活性 / 多头龙 / 电晶体,20,44,0,0,"It slightly resembles a Magneton that lived for 10,000 years and was featured in an article in a paranormal magazine."
990,铁辙迹,Iron Treads,地面,钢,90,112,120,72,70,106,我们滚吧 / 注意脚下 / 结实,夸克充能 / 坚不可摧 / 超级发射器,21,46,0,0,Sightings of this Pokémon have occurred in recent years. It resembles a mysterious object described in an old expedition journal.
991,铁包袱,Iron Bundle,冰,水,56,80,114,124,60,136,登山者 / 捡拾 / 降雪,夸克充能 / 冰冷反击 / 加速,21,37,0,0,Its shape is similar to a robot featured in a paranormal magazine article. The robot was said to have been created by an ancient civilization.
992,铁臂膀,Iron Hands,格斗,电,154,140,108,50,68,50,铁拳 / 铅衣 / 远隔,夸克充能 / 动力核心 / 静电,24,34,0,0,It is very similar to a cyborg covered exclusively by a paranormal magazine. The cyborg was said to be the modified form of a certain athlete.
993,铁脖颈,Iron Jugulis,恶,飞行,94,80,86,122,80,108,傲慢 / 威吓 / 超级发射器,夸克充能 / 多头龙 / 快速响应,22,42,0,0,"It resembles a certain Pokémon introduced in a paranormal magazine, described as the offspring of a Hydreigon that fell in love with a robot."
994,铁毒蛾,Iron Moth,火,毒,80,70,60,140,110,110,熔解 / 鳞粉 / 腐蚀,夸克充能 / 华贵之蛾 / 防尘,21,28,0,0,"No records exist of this species being caught. Data is lacking, but the Pokémon's traits match up with an object described in an old book."
995,铁荆棘,Iron Thorns,岩石,电,100,134,110,70,84,72,恐惧散布者 / 坚硬岩石 / 轻金属,夸克充能 / 锋利的边缘 / 自我修复,21,37,0,0,It has some similarities to a Pokémon introduced in a dubious magazine as a Tyranitar from one billion years into the future.
996,凉脊龙,Frigibax,龙,冰,65,75,45,35,45,55,登山者 / 冰冻之躯 / 冰露,热交换 / 耐热 / 冻结点,12,27,0,0,"This Pokémon lives in forests and craggy areas. Using the power of its dorsal fin, it cools the inside of its nest like a refrigerator."
997,冻脊龙,Arctibax,龙,冰,90,95,66,45,65,62,冻结点 / 白茫茫 / 锐利刀刃,热交换 / 耐热 / 压制,15,28,0,0,"Arctibax freezes the air around it, protecting its face with an ice mask and turning its dorsal fin into a blade of ice."
998,戟脊龙,Baxcalibur,龙,冰,115,145,92,75,86,87,冻结点 / 白茫茫 / 锐利刀刃,热交换 / 耐热 / 压制,19,32,0,0,It launches itself into battle by flipping upside down and spewing frigid air from its mouth. It finishes opponents off with its dorsal blade.
999,索财灵,Gimmighoul,幽灵,幽灵,65,30,70,75,70,10,惊喜！ / 懦夫 / 金属化,黄金之躯 / 超幸运 / 恶作剧之心,12,25,0,0,It lives inside an old treasure chest. Sometimes it gets left in shop corners since no one realizes it's actually a Pokémon.
1000,赛富豪,Gholdengo,钢,幽灵,87,60,95,133,91,84,分享即是关爱 / 恶作剧之心 / 友情防守,黄金之躯 / 钢魂 / 超幸运,20,35,0,0,It has a sturdy body made up of stacked coins. Gholdengo overwhelms its enemies by firing coin after coin at them in quick succession.
1001,古简蜗,Wo Chien,恶,草,125,70,100,95,135,55,草之皮毛 / 灵魂链接 / 压迫感,灾祸之简 / 后攻 / 吸收,28,46,0,0,The grudge of a person punished for writing the king's evil deeds upon wooden tablets has clad itself in dead leaves to become a Pokémon.
1002,古剑豹,Chien Pao,恶,冰,80,130,80,90,65,135,纯朴 / 极度好战 / 降雪,灾祸之剑 / 幽灵魂化 / 强壮之颚,27,41,0,0,This Pokémon can control 100 tons of fallen snow. It plays around innocently by leaping in and out of avalanches it has caused.
1003,古鼎鹿,Ting Lu,恶,地面,165,110,125,55,80,45,余震 / 松散岩石 / 厄运,灾祸之鼎 / 压迫感 / 厚皮,27,45,0,0,"It slowly brings its exceedingly heavy head down upon the ground, splitting the earth open with huge fissures that run over 160 feet deep."
1004,古玉鱼,Chi Yu,恶,火,55,80,80,145,120,100,地狱烈焰 / 火鳞 / 蒸发,灾祸之珠 / 涡轮火焰 / 熔解,29,24,0,0,"It controls flames burning at over 5,400 degrees Fahrenheit. It casually swims through the sea of lava it creates by melting rock and sand."
1005,轰鸣月,Roaring Moon,龙,恶,105,139,71,55,101,119,昼夜平分 / 自信过度 / 破格,古代活性 / 压制 / 恐惧散布者,21,41,0,0,"According to an article in a dubious magazine, this Pokémon has some connection to Mega Evolution that occurs in Hoenn."
1006,铁武者,Iron Valiant,妖精,格斗,74,130,90,120,60,116,昼夜平分 / 傲慢 / 双持,夸克充能 / 远隔 / 英勇,20,48,0,0,It has some similarities to a mad scientist's invention covered in a paranormal magazine.
1007,故勒顿,Koraidon,格斗,龙,100,135,115,85,100,135,坚硬脑袋 / 沐日 / 余震,绯红脉动 / 涡轮火焰 / 羽之王,19,47,0,0,"This Pokémon resembles Cyclizar, but it is far burlier and more ferocious. Nothing is known about its ecology or other features."
1008,密勒顿,Miraidon,电,龙,100,85,100,135,115,135,冲浪之尾 / 海洋霸主 / 终端速度,强子引擎 / 龙颚 / 钢之蛇,20,40,0,0,This seems to be the Iron Serpent mentioned in an Violet Book. The Iron Serpent is said to have turned the land to ash with its lightning.
1009,波荡水,Walking Wake,水,龙,99,83,91,125,83,109,干旱 / 太阳崇拜 / 大灾变,古代活性 / 压制 / 多重鳞片,19,32,0,0,Ecology under research.
1010,铁斑叶,Iron Leaves,草,超能,90,104,88,108,70,130,剑术大师 / 棱镜装甲 / 过滤,夸克充能 / 冲浪之尾 / 动量,20,31,0,0,Ecology under analysis.
1011,裹蜜虫,Dipplin,草,龙,80,80,110,95,80,40,龙之士气 / 再生力 / 芳香幕,超甜糖浆 / 硬壳盔甲 / 超热黏胶,13,25,0,0,Dipplin is two creatures in one Pokémon. Its evolution was triggered by a special apple grown only in one place.
1012,斯魔茶,Poltchageist,草,幽灵,40,45,45,74,54,50,恶意 / 自给自足 / 储水,耐热 / 诅咒之躯 / 噬魂,10,29,0,0,"Supposedly, the regrets of a tea ceremony master who died before perfecting his craft lingered in some matcha and became a Pokémon."
1013,来悲粗茶,Sinistcha,草,幽灵,71,60,106,121,80,70,恶意 / 自给自足 / 热情好客,耐热 / 诅咒之躯 / 噬魂,16,34,0,0,"It pretends to be tea, trying to fool people into drinking it so it can drain their life-force. Its ruse is generally unsuccessful."
1014,够赞狗,Okidogi,毒,格斗,88,128,115,58,86,80,极度好战 / 无防守 / 毅力,毒锁链 / 看门狗 / 愤怒穴位,23,40,0,0,"After all its muscles were stimulated by the toxic chain around its neck, Okidogi transformed and gained a powerful physique."
1015,愿增猿,Munkidori,毒,超能,88,75,66,130,80,116,不仁不义 / 预知梦 / 恶作剧之心,毒锁链 / 猴子把戏 / 弱点利用,26,39,0,0,The chain is made from toxins that enhance capabilities. It stimulated Munkidori's brain and caused the Pokémon's psychic powers to bloom.
1016,吉雉鸡,Fezandipiti,毒,妖精,82,90,75,83,125,100,腐蚀 / 棱镜装甲 / 技术高手,毒锁链 / 恶作剧之心 / 华贵之鸟,23,40,0,0,Fezandipiti owes its beautiful looks and lovely voice to the toxic stimulants emanating from the chain wrapped around its body.
1017,厄诡椪,Ogerpon,草,草,80,120,84,60,96,110,恶作剧之心 / 原木 / 不服输,远隔 / 茂盛 / 超级重击者,29,40,0,0,This Pokémon's type changes based on which mask it's wearing. It confounds its enemies with nimble movements and kicks.
1018,铝钢桥龙,Archaludon,钢,龙,90,105,130,125,65,85,轻金属 / 坚毅 / 持久力,钢桶 / 超级发射器 / 金属防护,25,39,0,0,"It digs holes on mountains, searching for food. It's so durable that being caught in a cave-in won't faze it."
1019,蜜集大蛇,Hydrapple,草,龙,106,80,110,135,80,44,自给自足 / 再生力 / 超甜糖浆,多头龙 / 硬壳盔甲 / 超热黏胶,22,31,0,0,Seven syrpents live inside an apple made of syrup. The syrpent in the center is the commander.
1020,破空焰,Gouging Fire,火,龙,105,115,121,65,93,91,战斗盔甲 / 恐惧散布者 / 主宰,古代活性 / 硬爪 / 涡轮火焰,23,27,0,0,There are scant few reports of this creature being sighted. One short video shows it rampaging and spouting pillars of flame.
1021,猛雷鼓,Raging Bolt,电,龙,125,63,91,137,99,75,能量点 / 压迫感 / 过载,古代活性 / 压制 / 兆级电压,21,33,0,0,It's said to incinerate everything around it with lightning launched from its fur. Very little is known about this creature.
1022,铁磐岩,Iron Boulder,岩石,超能,90,120,80,68,108,124,破格 / 硬化鞘 / 狂暴突袭,夸克充能 / 锐利刀刃 / 坚硬岩石,18,36,0,0,It was named after a mysterious object recorded in an old book. Its body seems to be metallic.
1023,铁头壳,Iron Crown,钢,超能,90,72,100,122,98,108,好胜 / 技术高手 / 恐惧散布者,夸克充能 / 神秘刀锋 / 横扫利刃,19,28,0,0,There was supposedly an incident in which it launched shining blades to cut everything around it to pieces. Little else is known about it.
1024,太乐巴戈斯,Terapagos,一般,一般,105,105,110,105,110,85,奇迹皮肤 / 棱镜鳞片 / 天气控制,太晶甲壳 / 适应力 / 自然回复,16,43,0,0,"Upon sensing danger, it prepares itself for battle by creating a sturdy shell of crystallized Terastal energy."
1025,桃歹郎,Pecharunt,毒,幽灵,88,88,160,88,88,88,不仁不义 / 幻影防守 / 腐蚀,飘浮 / 毒锁链 / 毒操偶师,29,44,0,0,it's peach-shaped shell serves as storage for a potent poison. It makes  poisonous mochi and serves them to people and Pokémon.
1026,幽隐鸮,Phantowl,幽灵,飞行,105,60,90,96,126,55,有色眼镜 / 散发 / 低能见度,月之魂 / 奇迹皮肤 / 华贵之鸟,29,46,0,0,"They fly through the night in total silence, searching for prey. They can faintly see the energy of living creatures, so the darker it is the harder it is to hide."
1027,栋才怪,Duelumber,岩石,格斗,90,130,140,30,90,40,狂暴拳手 / 坚硬脑袋 / 松散岩石,原木 / 结实 / 主宰,28,33,0,0,This is not a actually Pokémon. It's really just a potato Dont ask me why potato. Maybe because I like potatos.
1028,焦岩蜗牛,Escarginite,火,岩石,90,50,130,90,105,35,单纯 / 愤怒甲壳 / 硬壳盔甲,熔解 / 引火 / 火焰盾,23,37,0,0,This is not a actually Pokémon. It's really just a potato Dont ask me why potato. Maybe because I like potatos.
1029,魇丝蛛,Arachtres,虫,毒,100,130,80,60,80,100,蜘蛛巢 / 狙击手 / 弱点利用,恐怖 / 威吓局势 / 不仁不义,27,34,0,0,It can use its 4 accessory legs walk upside-down and rotate its head 180 degrees. Beholding its uncanny movements incites fear to its now webbed victims.
1030,馥郁鸩,Flairgrance,妖精,毒,121,72,89,99,140,29,芳香幕 / 余香 / 妖精气场,舒缓香气 / 妖精皮肤 / 芳香迷乱,24,37,0,0,It unleashes waves of phermones to daze its targets. Its scents are powerful enough that some are used in making repels.
1031,冰岚熊,Polartic,冰,格斗,100,145,90,45,80,90,毅力 / 飞毛腿 / 威吓,硬爪 / 冰崩 / 掠食者,20,43,0,0,
1032,耀耀鼠,Arashinne,电,妖精,93,58,57,128,107,111,能量点 / 漂亮特权 / 大地冲击,电细胞 / 贪吃鬼 / 寻回犬,26,37,0,0,"They are very clever and love to be taught new tricks. In the past, specially trained Arashinne were often used to send messages over great distances."
1033,惧惧舵轮,Dreadnaut,幽灵,草,100,131,140,96,103,30,钢魂 / 主宰 / 战斗盔甲,金属化 / 老水手 / 噬魂,18,47,0,0,"Despite its daunting appearance, it coexists peacefully with other Pokémon. It has never been witnessed feeding."
1034,念念猪,Boarlock,超能,超能,120,65,65,110,130,60,刚愎自用 / 贪吃鬼 / 魔法镜,动力核心 / 厚脂肪 / 毛皮大衣,34,47,0,0,Its enemies can see visions of their demise reflected in its giant black pearl. Those that gaze at their reflection are lost in a trance and are easily compelled.
1035,曜炎电伞蜥,Heliomodo,电,火,70,61,52,134,94,120,发电机 / 干旱 / 能量点,太阳之力 / 电细胞 / 闪光闪电,19,42,0,0,"Its paracolic frill allows it to harness and focus solar energy, which can be fired in the direction of its breath. It often scorches itself in the process."
1036,迷唇妇,Sopranice,冰,超能,75,50,75,125,125,90,雪之歌 / 混响 / 精神制造者,共鸣 / 美妙音乐 / 扩音器,38,43,0,0,
1037,蜂骑士,Beefender,虫,飞行,60,124,60,78,60,112,异兽提升 / 空气动力学 / 标签,压迫感 / 硬化鞘 / 愤怒穴位,23,42,0,0,"An unbelievably aggressive Pokémon, they evolve from male Combee in response to a serious threat against their Vespiquen."
1038,焰王蜥,Salazarus,毒,火,85,104,85,36,85,85,至高之主 / 健壮胸肌 / 活力,压制 / 半龙 / 自信过度,31,40,0,0,"It could evolve because it was unaffected by Salazzle's phermones. It attracts female Salandit, but it pines for the Salazzle that rejected it."
1039,猫鼬警长,Gooschase,一般,一般,98,120,80,55,100,55,限制令 / 威吓 / 惊吓,守望 / 硬爪 / 压制,21,34,0,0,It keeps a watchful eye of its prey and only moves when unobserved by them. Only when it's too late will it be seen in motion.
1040,饼将军,Lepastry,妖精,格斗,112,82,99,96,96,65,角斗士 / 黏滑 / 粉彩护幕,糖分冲击 / 超级重击者 / 准备就绪,23,34,0,0,It is desired by chefs all over due to its hammer producing the sweetest extract in the known world. The sweetness is so overwhelming it causes hysteria.
1041,死灵暴龙,Gyaradeath,幽灵,幽灵,95,110,79,60,100,96,惊吓 / 自信过度 / 崇高精神,飘浮 / 破格 / 复仇之魂,27,44,0,0,
1042,炎玄武,Tortemple,火,火,90,100,160,100,70,30,持久力 / 白烟 / 登山者,干旱 / 硬壳盔甲 / 热煤,25,32,0,0,
1043,热带蕉龙,Brontonana,草,龙,123,88,82,123,84,100,熟成 / 草之皮毛 / 龙颚,大叶子 / 免疫 / 播种者,22,42,0,0,This long-lived Pokémon stores accumulated energy in its fruit. Unleashing all of its stored power at once will cause it to wilt and wither.
1044,惧木妖,Dredwood,幽灵,草,111,130,106,85,92,76,硬爪 / 低能见度 / 青草制造者,伐木工 / 复仇之魂 / 林地诅咒,26,44,0,0,This pokemon is the soul of the forest and its greatest protector. It will bring ruin to all who attempt to destroy its home.
1045,苞玉茧,Corm,草,草,50,45,55,50,65,40,草之皮毛 / 叶绿素 / 防尘,自给自足 / 收获 / 播种者,5,18,0,0,They release sweet syrup if fed a diet of sweet crops and fruits. Humans have domesticated Corm from its wild species thousands of years ago.
1046,玉须蛾,Cormoth,草,草,95,50,100,90,100,65,草之皮毛 / 叶绿素 / 防尘,自给自足 / 收获 / 播种者,16,30,0,0,
1047,爆香蛾,Popcorm,草,火,95,110,90,50,90,65,轻装 / 太阳之力 / 蓬松,空气动力学 / 飘浮 / 连续攻击,19,33,0,0,
1048,噬颅冰,Blizzard Maw,冰,恶,115,133,101,73,103,65,惊吓 / 不断生长的牙齿 / 低温熟练,古代活性 / 永冻土 / 原始颚,19,32,0,0,
1049,伐木累,Lumber Sloth,火,草,109,135,91,85,89,61,防尘 / 森林之怒 / 引火,古代活性 / 硬爪 / 易燃外套,20,32,0,0,
1050,铁甲壳,Iron Carapace,电,钢,92,64,98,132,70,114,盘卷 / 速度之力 / 短路,夸克充能 / 涡轮火焰 / 巨咬,21,36,0,0,Studies show that this Pokémon's internal core is almost as hot as Magcargo. It is found around scrapyards eating cast off metals to power its body.
1051,焚毒蝎,Magnemous,毒,火,80,120,125,70,60,125,狂暴突袭 / 神经毒素 / 硬壳盔甲,火山碎屑流 / 弱点利用 / 毒焰钳,26,37,0,0,
1052,鲲鹏王,Kaiosea,水,飞行,90,122,70,65,110,108,避雷针 / 多重鳞片 / 龙化,硬化鞘 / 水幕 / 至高之主,16,38,0,0,It claims ocean currents as its domain and uses them to propel itself out of the water for true flight.
1053,猾猾鸭,Slyduck,恶,恶,80,156,70,96,70,128,恐惧散布者 / 致命精准 / 埋伏,来自暗影 / 恶毒 / 暗黑气场,23,34,0,0,
1054,羞羞鸭,Shyduck,恶,恶,90,86,86,86,86,86,愤怒穴位 / 下流打击 / 灵魂链接,毛皮大衣 / 分析 / 暗黑气场,16,28,0,0,
1055,捣蛋蜂,Marbeep,虫,虫,70,40,45,65,45,30,采蜜 / 黏滑 / 复眼,飘浮 / 毛茸茸 / 逃足,10,24,0,0,It is timid and stings lightly to avoid hurting itself. Most of those stung do not receive any venom.
1056,绒绒蜂,Fluffbee,虫,虫,85,55,60,80,60,40,采蜜 / 黏滑 / 复眼,飘浮 / 毛茸茸 / 逃足,11,26,0,0,"To repel parasites, they collect harsh pollen in their fleece. They often brush against each other to share their pollen."
1057,精灵蜂,Amphybuzz,虫,妖精,110,75,90,115,90,50,采蜜 / 黏滑 / 复眼,空中飞人 / 毛茸茸 / 漂亮公主,22,29,0,0,They scent their honeycombs using the pollen of many flowers. They recognize each other at a distance by their aromas.
1058,海龙狮,Bariong,冰,龙,100,100,85,140,115,60,多重鳞片 / 恒净之躯 / 龙颚,冰鳞粉 / 冰冷猎人 / 神秘力量,19,38,0,0,
1059,好胜拳蟹,Crabruiser,格斗,恶,107,145,129,77,87,43,凹陷打击 / 钳制 / 灵魂粉碎者,尖刺盔甲 / 手提钻 / 战斗盔甲,26,38,0,0,
1060,南瓜狠人,Phanfernal,火,草,95,78,142,135,85,65,加速 / 惊吓 / 噬魂,幻影 / 引火 / 怪物混音,20,39,0,0,"Its pumpkin body can emit intense flames comparable to even a Heatran. The longer its flames burn, the more agile it becomes."
1061,狱狼犬,Skulberus,恶,恶,100,135,90,60,80,115,自信过度 / 冥河冲刺 / 强壮之颚,夜行 / 看门狗 / 影子游戏,25,27,0,0,"The alpha of its pack, Skulberus are rarely seen with trainers as they will only acknowledge the truly strong."
1062,迅捷鼬,Velozel,飞行,飞行,95,80,70,80,70,155,脉冲 / 动量 / 吹气筒,空气动力学 / 防尘 / 掠夺者,19,35,0,0,"They never stop moving, chasing the sun across the sky at supersonic speeds. You'll know one has passed by when your meal disappears with a sonic boom."
1063,管侍熊,Bewarden Redux,一般,妖精,130,120,70,100,60,70,无防守 / 天恩 / 强行,最毛茸茸 / 着迷 / 迷人之躯,25,34,0,0,Hi i use this for implementing.
1064,水鰤鰤,Bubbleo,水,毒,72,85,69,50,48,52,狂暴突袭 / 加速 / 惊吓,掠食者 / 夜行 / 自信过度,24,35,0,0,"Despite blending in perfectly in dark waters, these Pokémon prefer to hunt by chasing after their prey."
1065,水坏鰤,Hydroar,水,毒,100,125,85,60,60,87,狂暴突袭 / 加速 / 恐怖,掠食者 / 夜行 / 自信过度,28,38,0,0,"Able to travel faster than a Barraskewda in short bursts, these Pokémon now have the patience to lie in wait for prey to appear."
1066,丰蜜巨龙,Granitun,草,龙,110,100,90,105,120,30,纯朴 / 掠夺者 / 友情防守,苹果派 / 收获 / 厚脂肪,22,38,0,0,
1067,苹裹飞龙,Fujiflap,草,龙,80,125,85,85,60,120,活力 / 空气动力学 / 吹气筒,空中飞人 / 压制 / 腐蚀,22,39,0,0,
1068,无极草儿,Burmy Eterna,虫,毒,210,79,205,255,205,86,危险预知 / 分析 / 腐蚀,半龙 / 暴走 / 龙颚,2,15,0,0,"It is covered with a cloak that shelters it from the cold. If its cloak is broken in battle, it quickly remakes the cloak with materials nearby."
1070,荒漠仙人掌,Sagaracas,草,草,90,66,92,106,92,75,叶绿素 / 沙丘恐惧 / 水库,锋利的边缘 / 超级重击者 / 大力士,33,37,0,0,"They thrive in the deep desert, gathering water from the morning mists. Their powerful arms rattle as they move, warning others to stay away."
1071,彩虹鱼,Lucineon,水,妖精,83,69,76,127,106,106,变幻自如 / 引水 / 棱镜装甲,威严之翼 / 天恩 / 发光,18,42,0,0,It appears that this species evolves from Lumineon who reside in proximity to the waters in the Cave of Origin.
1072,无畏龙虾,Crawdauntless,水,恶,86,160,105,75,77,65,悠游自如 / 不屈之盾 / 适应力,巨钳 / 硬壳盔甲 / 钳制,32,46,0,0,
1073,头巾恶霸,Scrafster,恶,格斗,90,115,115,52,115,93,格斗专家 / 自信过度 / 冥河冲刺,威吓 / 坚硬脑袋 / 舍身,31,46,0,0,They keep their shed skin even after it has fully dried up to make them look more imposing. They use their tails as a bat to engage in combat.
1074,铁初音,Iron Voca,钢,一般,94,56,120,112,70,118,庞克摇滚 / 小精灵之力 / 卷发,夸克充能 / 童话 / 扩音器,21,37,0,0,A peculiar robot Pokémon said to resemble Wigglytuff mixed with a pop star. It is capable of singing in any voice it desires.
1075,莫鲁贝奇,Morpekyll,电,恶,87,121,78,62,85,121,贪吃鬼 / 轻装 / 捡拾,双面 / 魔法镜 / 避雷针,24,34,0,0,
1076,冰蛛霸,Frostula,冰,虫,85,120,132,50,58,112,冰冻之躯 / 冰晶建筑师 / 蜘蛛巢,深度冻结 / 粗糙皮肤 / 降雪,21,35,0,0,They construct breathtaking lairs of ice polished to a mirror sheen. Those who wander inside to admire the beauty are rarely seen again.
1078,土龙车车,Dududunsparce,一般,地面,145,115,80,120,85,55,硬化鞘 / 临界点 / 纯朴,超幸运 / 迟钝 / 天恩,30,40,0,0,They live in underground and only a few sightings have ever been recorded. Legends say that one got so large that it could circle around the entire world.
1079,超级土龙车车,Dududunsparce Mega,一般,地面,145,135,100,140,105,75,硬化鞘 / 临界点 / 纯朴,超幸运 / 世界之蛇 / 幸运之翼,30,40,0,0,They live in underground and only a few sightings have ever been recorded. Legends say that one got so large that it could circle around the entire world.
1080,超级厄诡椪,Ogerpon Mega,草,草,80,125,104,80,106,155,体现形态 / 体现形态 / 体现形态,不服输 / 森林之怒 / 超级重击者,29,40,0,0,This Pokémon's type changes based on which mask it's wearing. It confounds its enemies with nimble movements and kicks.
1081,超级厄诡椪-火灶面具,Ogerpon Hearthflame Mega,草,火,80,135,104,110,96,125,体现形态 / 体现形态 / 体现形态,破格 / 地狱烈焰 / 超级重击者,29,40,0,0,This Pokémon's type changes based on which mask it's wearing. It confounds its enemies with nimble movements and kicks.
1082,超级厄诡椪-础石面具,Ogerpon Cornerstone Mega,草,岩石,80,120,156,80,96,118,体现形态 / 体现形态 / 体现形态,自我修复 / 我们将震撼你 / 超级重击者,29,40,0,0,This Pokémon's type changes based on which mask it's wearing. It confounds its enemies with nimble movements and kicks.
1083,超级厄诡椪-水井面具,Ogerpon Wellspring,草,水,80,120,94,80,156,120,体现形态 / 体现形态 / 体现形态,自我修复 / 激流 / 超级重击者,29,40,0,0,This Pokémon's type changes based on which mask it's wearing. It confounds its enemies with nimble movements and kicks.
1084,Seerkat,Seerkat,一般,地面,100,120,79,90,79,67,蹲守 / 危险预知 / 自命不凡,悬浮 / 战略停顿 / 否决,44,59,0,0,"Using luminescent matter, it makes its eyes and body glow and stuns attacking opponents. Keen eyesight lets them see in the dark."
1085,Tentagrewl,Tentagrewl,水,毒,100,80,90,90,130,110,腐蚀 / 掠食者 / 刚愎自用,剧毒之触 / 神经毒素 / 触手束缚,31,49,0,0,It lives in complex rock formations on the ocean floor and traps prey using its 80 tentacles. Its red orbs glow when it grows excited or agitated.
1086,Cacjack,Cacjack,草,恶,80,125,80,115,80,75,临界点 / 恶作剧之心 / 灵魂之触,不祥之幕 / 夜行 / 稻草人,50,48,0,0,"After spending thousands of years in harsh deserts, its blood transformed into the same substances as sand. It is nocturnal, so it hunts at night."
1087,Tyranjoula,Tyranjoula,虫,电,128,77,96,107,74,70,不仁不义 / 吐丝者 / 发痒防御,潜行 / 扼喉 / 复眼,20,42,0,0,"It creates barriers from electrified silk that stun foes. This works as a weapon as well as a defense. While it is immobilized by shock, they leisurely consume it."
1088,Crag Chungus,Crag Hopper,岩石,地面,111,125,119,69,101,45,厚皮 / 锐利刀刃 / 压迫感,古代活性 / 太阳耀斑 / 熔岩铠甲,26,25,0,0,"With its powerful ears it reduces dense bedrock to rubble. It can be a big help at construction sites. When it's finished digging, it lounges about lazily."
1089,Dedelibird,Dedelibird,冰,飞行,125,65,60,110,95,80,圣诞精神 / 酷炫离场 / 友情防守,魔法防守 / 北风 / 妖精皮肤,20,41,0,0,It carries food bundled up in its tail. There was a famous explorer who managed to scale Mt. Everest thanks to a Delibird sharing its food.
1090,Krampird,Krampird,冰,冰,80,110,70,80,70,125,雪隐 / 拨雪 / 能量点,恶作剧礼物 / 圣诞噩梦 / 偏离,25,38,0,0,It carries food bundled up in its tail. There was a famous explorer who managed to scale Mt. Everest thanks to a Delibird sharing its food.
1091,Iron Palette,Iron Palette,一般,超能,114,80,60,124,136,56,变幻自如 / 分析 / 炮术,夸克充能 / 超级发射器 / 颜料射击,25,36,0,0,A Pokémon that has the ability to alter its body colors to match its surroundings. A Kecleon reverts to its original colors if it is startled.
1092,大钢蛇R,Carbonix,岩石,龙,75,55,75,105,200,20,扬沙 / 坚毅 / 食土,结实 / 神秘力量 / 适应力,29,48,0,0,"There is a magnet in its brain that prevents an Onix from losing direction while tunneling. As it grows older, its body becomes steadily rounder and smoother."
1093,弱丁虫-单独的样子,Wispywaspy,虫,幽灵,50,20,15,20,15,55,鳞粉 / 早夭 / 惊喜！,蝗群 / 幻影防守 / 饥荒诅咒,25,34,0,0,"When it's in trouble, its eyes moisten and begin to shine. The shining light attracts its comrades, and they stand together against their enemies."
1094,Iron Scythe,Iron Scythe,毒,幽灵,102,126,68,68,108,98,横扫利刃 / 铬涂层 / 致命精准,夸克充能 / 力量之刃 / 灵魂收割,26,35,0,0,Hi i use this for implementing.
1095,Wooly Worm,Wooly Worm,草,虫,181,83,61,129,79,37,锋利的边缘 / 原木 / 干旱,古代活性 / 最毛茸茸 / 金属化,28,39,0,0,Hi i use this for implementing.
1096,赫拉克罗斯R,Heracreus,草,妖精,75,100,100,55,70,100,尖刺盔甲 / 天恩 / 毒刺,半龙 / 硬化鞘 / 粗糙皮肤,22,39,0,0,Hi i use this for implementing.
1097,洛托姆R,Grotom,毒,毒,70,100,87,50,87,136,拾荒者 / 神经毒素 / 速度之力,储水 / 腐蚀 / #1033,36,39,0,0,"Research continues on this Pokémon. Its electric-like body can enter some kinds of machines and take control, in order to make mischief."
1098,Orchestot,Orchestot,一般,飞行,96,72,65,112,65,121,贪婪 / 恶作剧之心 / 模仿,共鸣 / 扩音器 / 无关天气,18,32,0,0,Hi i use this for implementing.
1099,Queengambit,Queengambit,恶,钢,75,81,60,125,90,119,压迫感 / 神话之箭 / 后之哀,至高之主 / 超幸运 / 战斗盔甲,29,33,0,0,Hi i use this for implementing.
1100,五地鼠,Pentadug,地面,地面,90,120,80,60,75,100,持久力 / 沙之魔 / 沙穴,多头龙 / 大地束缚 / 厚脂肪,28,37,0,0,Hi i use this for implementing.
1102,Abyssand,Abyssand,幽灵,地面,105,55,75,135,115,45,坚壁 / 食土 / 扬沙,遇水凝固 / 沙丘帷幕 / 复仇,20,35,0,0,Hi i use this for implementing.
1103,五海地鼠,Pentawug,水,水,70,120,75,55,75,130,加速 / 规避 / 结实,柔软 / 深度探险家 / 多头龙,14,37,0,0,Hi i use this for implementing.
1104,Ratiking,Ratiking,一般,一般,123,113,84,57,77,54,王之怒 / 压迫感 / 掠夺者,仆从控制 / 坚壁 / 厚重毛皮,34,29,0,0,Hi i use this for implementing.
1105,Ratfioso,Ratfioso,恶,一般,105,96,90,40,80,97,下流打击 / 贪吃鬼 / 压制,激光钻 / 紧张感 / 光剑,40,31,0,0,Hi i use this for implementing.
1106,Guardozel,Guardozel,水,水,90,70,85,70,90,145,友情防守 / 热情好客 / 水合,坚毅 / 技术高手 / 水泡,23,41,0,0,Hi i use this for implementing.
1107,Beniccino,Beniccino,一般,一般,95,125,60,70,75,105,妖精皮肤 / 捡拾 / 完美主义者,飓风之翼 / 连续攻击 / 防尘,20,22,0,0,Hi i use this for implementing.
1108,Bewarden,Bewarden,一般,格斗,130,135,70,75,70,70,胆量 / 威吓 / 纯朴,最毛茸茸 / 适应力 / 伐木工,23,36,0,0,Hi i use this for implementing.
1109,Torrentula,Torrentula,水,虫,88,94,102,68,153,52,我是史蒂夫 / 引水 / 净化之水,水泡 / 复眼 / 掠食者,22,39,0,0,Hi i use this for implementing.
1110,Spindaze,Spindaze,一般,毒,90,92,78,92,78,110,来跳舞吧 / 自恋者 / 唱反调,壮汉 / 宇宙迷乱 / 毒溢,36,42,0,0,"Spindaze is always over it's head thinking it's the best at everything it does when in reality it's incapable of thinking properly due to mind toxins, thus making it dense."
1111,盐石宝R,Blocli,一般,一般,55,40,65,40,60,25,友情防守 / 免疫 / 自给自足,隔音 / 落块 / 防尘,17,19,0,0,Hi i use this for implementing.
1112,盐石垒R,Bloxtack,一般,一般,65,60,80,50,75,25,防尘 / 免疫 / 自给自足,隔音 / 落块 / 捡拾,20,20,0,0,Hi i use this for implementing.
1113,盐石巨灵R,Gargablox,一般,一般,95,80,110,80,110,25,坚壁 / 免疫 / 自我修复,坚实基础 / 落块 / 捡拾,31,30,0,0,Hi i use this for implementing.
1114,沙河马R,Hippopotato,草,地面,78,40,66,52,52,42,醉人 / 再生力 / 引水,原木 / 食土 / 自然回复,26,36,0,0,Hi i use this for implementing.
1115,河马兽R,Hippotaton,草,地面,128,55,116,92,92,42,好烤的身体 / 再生力 / 自然回复,彩虹鳞 / 食土 / 播种者,30,41,0,0,Hi i use this for implementing.
1116,Corn Tyrant,Corn Tyrant,草,龙,135,135,135,55,55,55,防尘 / 原始颚 / 太阳的恩赐,古代活性 / 地盘争夺 / 播种者,28,37,0,0,Hi i use this for implementing.
1117,Iron Spirals,Iron Spirals,地面,超能,98,68,114,108,114,88,能量角 / 食土 / 动力核心,夸克充能 / 坚不可摧 / 音符,24,46,0,0,Hi i use this for implementing.
1118,Iron Saber,Iron Saber,草,电,102,82,104,76,102,104,威吓 / 太阳的恩赐 / 不仁不义,夸克充能 / 双持 / 松散荆棘,33,35,0,0,Hi i use this for implementing.
1119,Hypnocroak,Hypnocroak,毒,超能,105,65,100,75,90,95,危险预知 / 恶作剧之心 / 梦魇,恒净之躯 / 捕梦人 / 九头蛇,27,41,0,0,Hi i use this for implementing.
1120,Plundertow,Plundertow,幽灵,草,83,121,77,121,77,121,悠游自如 / 暴风雨 / 复仇之魂,金属化 / 幽灵狂乱 / 穿透,18,47,0,0,"Despite its daunting appearance, it coexists peacefully with other Pokémon. It has never been witnessed feeding."
1501,超级妙蛙花Y,Venusaur Mega Y,草,毒,90,100,123,122,120,80,大叶子 / 大叶子 / 大叶子,森林之怒 / 厚脂肪 / 毒吸收,29,42,0,0,Venusaur's flower is said to take on vivid colors if it gets plenty of nutrition and sunlight. The flower's aroma soothes the emotions of people.
1502,超级喷火龙X,Charizard Mega X,火,龙,79,140,111,105,100,100,硬爪 / 硬爪 / 硬爪,地狱烈焰 / 飘浮 / 雷召,26,40,0,0,"A Charizard flies about in search of strong opponents. It breathes intense flames that can melt any material. However, it will never torch a weaker foe."
1503,超级喷火龙Y,Charizard Mega Y,火,飞行,79,123,78,140,115,100,干旱 / 干旱 / 干旱,地狱烈焰 / 引火 / 太阳之力,26,40,0,0,"A Charizard flies about in search of strong opponents. It breathes intense flames that can melt any material. However, it will never torch a weaker foe."
1504,超级水箭龟Y,Blastoise Mega Y,水,钢,84,103,120,135,115,78,炮术 / 炮术 / 炮术,激流 / 硬壳盔甲 / 超级发射器,29,45,0,0,The waterspouts that protrude from its shell are highly accurate. Their bullets of water can precisely nail tin cans from a distance of over 160 feet.
1505,超级大针蜂,Beedrill Mega,虫,毒,65,150,60,45,80,175,适应力 / 适应力 / 适应力,极度好战 / 不仁不义 / 飘浮,16,38,0,0,"A Beedrill is extremely territorial. For safety reasons, no one should ever approach its nest. If angered, they will attack in a swarm."
1506,超级大比鸟,Pidgeot Mega,一般,飞行,83,80,95,130,80,126,无防守 / 尘云 / 加速,鸟群 / 华贵之鸟 / 巨翼,18,39,0,0,"This Pokémon has gorgeous, glossy feathers. Many Trainers are so captivated by the beautiful feathers on its head that they choose Pidgeot as their Pokémon."
1507,超级胡地,Alakazam Mega,超能,超能,55,50,65,175,105,150,神秘力量 / 神秘力量 / 神秘力量,超能之心 / 精神制造者 / 魔法防守,28,47,0,0,"While it has strong psychic abilities and high intelligence, an Alakazam's muscles are very weak. It uses psychic power to move its body."
1508,超级呆壳兽,Slowbro Mega,水,超能,95,75,180,130,80,30,分析 / 纯朴 / 迟钝,再生力 / 尾甲 / 硬壳盔甲,19,44,0,0,"Its tail has a Shellder firmly attached with a bite. As a result, the tail can't be used for fishing anymore. This forces it to reluctantly swim and catch prey."
1509,超级耿鬼Y,Gengar Mega Y,幽灵,毒,65,65,80,170,95,130,影子游戏 / 幻痛 / 穿透,复仇 / 灵质 / 早夭,30,49,0,0,"Deep in the night, your shadow cast by a streetlight may suddenly overtake you. It is actually a Gengar running past you, pretending to be your shadow."
1510,超级袋兽,Kangaskhan Mega,一般,一般,105,125,100,60,100,100,硬爪 / 硬爪 / 硬爪,亲子爱 / 胆量 / 复仇者,19,32,0,0,"If you come across a young Kangaskhan playing by itself, never try to catch it. The baby's parent is sure to be in the area, and it will become violently enraged."
1511,超级凯罗斯,Pinsir Mega,虫,飞行,65,155,120,65,90,105,极度好战 / 狂暴突袭 / 空气动力学,飞行皮肤 / 巨钳 / 钳制,23,32,0,0,"Their pincers are strong enough to shatter thick logs. Because they dislike cold, Pinsir burrow and sleep under the ground on chilly nights."
1512,超级暴鲤龙X,Gyarados Mega X,水,恶,95,155,109,70,130,81,极度好战 / 极度好战 / 极度好战,空中飞人 / 异兽提升 / 破格,32,42,0,0,"It is an extremely vicious and violent Pokémon. When humans begin to fight, it will appear and burn everything to the ground with intensely hot flames."
1513,超级化石翼龙,Aerodactyl Mega,岩石,飞行,80,135,85,70,95,150,速度之力 / 掠食者 / 致命精准,化石 / 坚硬脑袋 / 硬爪,21,37,0,0,Aerodactyl is a Pokémon from the age of dinosaurs. It was regenerated from DNA extracted from amber. It is imagined to have been the king of the skies.
1514,超级超梦X,Mewtwo Mega X,超能,格斗,106,190,100,154,100,130,精密之拳 / 精密之拳 / 精密之拳,超能之心 / 狂暴拳手 / 致命精准,39,65,0,0,"A Pokémon that was created by genetic manipulation. However, even though the scientific power of humans made its body, they failed to give it a warm heart."
1515,超级超梦Y,Mewtwo Mega Y,超能,超能,106,150,70,194,120,140,神秘力量 / 神秘力量 / 神秘力量,超能之心 / 脑核之力 / 致命精准,39,65,0,0,"A Pokémon that was created by genetic manipulation. However, even though the scientific power of humans made its body, they failed to give it a warm heart."
1516,超级电龙,Ampharos Mega,电,龙,110,95,105,165,110,45,压制 / 棱镜装甲 / 破格,毛茸茸 / 过载 / 电晶体,20,43,0,0,It gives off so much light that it can be seen even from space. People in the old days used its light to send signals back and forth with others far away.
1517,超级大钢蛇,Steelix Mega,钢,地面,75,145,230,55,105,20,原始铠甲 / 食土 / 沙之守卫,铅衣 / 坚不可摧 / 强壮之颚,29,45,0,0,"Steelix live even further underground than Onix. This Pokémon is known to dig toward the earth's core, reaching a depth of over six-tenths of a mile underground."
1518,超级巨钳螳螂,Scizor Mega,虫,钢,70,150,140,65,100,75,狙击手 / 蜕皮 / 授粉,硬爪 / 巨钳 / 技术高手,19,39,0,0,A Scizor has a body with the hardness of steel. It is not easily fazed by ordinary sorts of attacks. It flaps its wings to regulate its body temperature.
1519,超级赫拉克罗斯,Heracross Mega,虫,格斗,80,185,115,50,95,75,连续攻击 / 斗争精神 / 碎裂铠甲,猎人之角 / 战斗盔甲 / 干劲,22,34,0,0,"They gather in forests seeking the sweet sap of trees. It is completely clad in a steel-hard shell. It is proud of its horn, which it uses to fling foes."
1520,超级黑鲁加,Houndoom Mega,恶,火,75,110,90,140,90,125,燃烧 / 烈焰之魂 / 太阳之力,极度好战 / 火焰占卜 / 昼夜平分,30,44,0,0,"In a Houndoom pack, the one with its horns raked sharply back serves a leadership role. They choose their leader by fighting among themselves."
1521,超级班基拉斯,Tyranitar Mega,岩石,恶,100,164,150,95,120,71,强行 / 坚壁 / 扬沙,主宰 / 战斗盔甲 / 动力核心,24,47,0,0,"A Tyranitar is so overwhelmingly powerful, it can bring down a whole mountain to make its nest. It roams in mountains seeking new opponents to fight."
1522,超级蜥蜴王,Sceptile Mega,草,龙,70,145,75,110,85,150,大叶子 / 大叶子 / 大叶子,森林之怒 / 速度之力 / 锐利刀刃,27,38,0,0,"In the jungle, its power is without equal. This Pokémon carefully grows trees and plants. It regulates its body temperature by basking in sunlight."
1523,超级火焰鸡,Blaziken Mega,火,格斗,85,160,80,130,80,100,加速 / 加速 / 加速,地狱烈焰 / 回旋踢 / 前锋,28,40,0,0,"It learns martial arts that use punches and kicks. Every several years, its old feathers burn off, and new, supple feathers grow back in their place."
1524,超级巨沼怪,Swampert Mega,水,地面,100,150,130,75,110,70,防波堤 / 防波堤 / 防波堤,激流 / 铁拳 / 再生力,23,42,0,0,"If it senses the approach of a storm and a tidal wave, it protects its seaside nest by piling up boulders. It swims as fast as a jet ski."
1525,超级沙奈朵,Gardevoir Mega,超能,妖精,68,85,80,165,135,100,妖精皮肤 / 妖精皮肤 / 妖精皮肤,天恩 / 魔法防守 / 魂心,32,39,0,0,It apparently does not feel the pull of gravity because it supports itself with psychic power. It will give its life to protect its Trainer.
1526,超级勾魂眼,Sableye Mega,恶,幽灵,70,85,130,85,120,20,恶作剧之心 / 恶作剧之心 / 恶作剧之心,欲速则不达 / 魔法镜 / 懦夫,30,55,0,0,It digs branching holes in caves using its sharp claws in search of food--raw gems. A Sableye lurks in darkness and is seen only rarely.
1527,超级大嘴娃,Mawile Mega,钢,妖精,70,105,130,55,100,50,大力士 / 大力士 / 大力士,多头龙 / 饥饿之颚 / 钳制,21,46,0,0,"Its giant jaws are actually steel horns that transformed. It fools foes into complacency with its adorable gestures, then chomps them with its huge jaws."
1528,超级波士可多拉,Aggron Mega,钢,钢,70,140,230,60,80,50,主宰 / 耐热 / 铁棘,铅衣 / 原始铠甲 / 坚不可摧,26,47,0,0,Its iron horns grow longer a little at a time. They are used to determine the Aggron's age. The gouges in its armor are worn with pride as mementos from battles.
1529,超级恰雷姆,Medicham Mega,格斗,超能,60,100,100,95,85,110,大力士 / 大力士 / 大力士,格斗专家 / 开悟 / 技术高手,25,36,0,0,"Through crushingly harsh yoga training, it gained the power to foretell its foe's actions. It battles with elegant, dance- like movement."
1530,超级雷电兽,Manectric Mega,电,电,70,110,80,135,80,155,发电机 / 伏特冲击 / 模糊,威吓 / 大地冲击 / 过载,21,41,0,0,"Because lightning falls in their vicinities, Manectric were thought to have been born from lightning. In battle, they create thunderclouds."
1531,超级巨牙鲨,Sharpedo Mega,水,恶,70,150,70,110,65,135,极度好战 / 不断生长的牙齿 / 加速,强壮之颚 / 速度之力 / 狂暴突袭,16,35,0,0,The vicious and sly gangster of the sea. Its skin is specially textured to minimize drag in water. Its speed tops out at over 75 miles per hour.
1532,超级喷火驼,Camerupt Mega,火,地面,90,120,110,145,115,20,干旱 / 火山之怒 / 余震,熔岩铠甲 / 炮术 / 厚脂肪,26,35,0,0,"A Pokémon that lives in the crater of a volcano. Every 10 years, the volcanoes on its back erupt violently. Research is under way on the cause of eruption."
1533,超级七夕青鸟,Altaria Mega,龙,妖精,75,110,110,110,105,100,妖精皮肤 / 无关天气 / 安眠,自然回复 / 最毛茸茸 / 威严之翼,27,40,0,0,It hums in a beautiful soprano voice. It flies among white clouds in the blue sky. It launches intensely hot fireballs from its mouth.
1534,超级诅咒娃娃,Banette Mega,幽灵,一般,84,165,105,75,103,108,灵魂链接 / 欺诈魔术师 / 硬爪,威吓 / 恶作剧之心 / 噬魂,30,45,0,0,An abandoned plush doll became this Pokémon. They are said to live in garbage dumps and wander about in search of the children that threw them away.
1535,超级阿勃梭鲁,Absol Mega,恶,妖精,65,175,65,105,65,125,暗黑气场 / 昼夜平分 / 妖精气场,超幸运 / 锐利刀刃 / 魔法防守,30,57,0,0,It sharply senses even subtle changes in the sky and the land to predict natural disasters. It is a long-lived Pokémon that has a life-span of 100 years.
1536,超级冰鬼护,Glalie Mega,冰,冰,80,130,100,80,90,120,杀戮之颚 / 结晶 / 拨雪,低温熟练 / 冰川之怒 / 不动之物,33,41,0,0,A Glalie has the power to instantaneously freeze moisture in the atmosphere. A dazzling cloud of diamondlike ice crystals forms around its body.
1537,超级暴飞龙,Salamence Mega,龙,飞行,95,145,130,120,90,120,异兽提升 / 异兽提升 / 异兽提升,舍身 / 压制 / 掠食者,23,45,0,0,"After many long years, its cellular structure underwent a sudden mutation to grow wings. When angered, it loses all thought and rampages out of control."
1538,超级巨金怪,Metagross Mega,钢,超能,80,150,150,105,110,105,轻金属 / 棱镜装甲 / 铅衣,硬爪 / 金属防护 / 飘浮,28,45,0,0,"Metagross has four brains that are joined by a complex neural network. As a result of integration, this Pokémon is smarter than a supercomputer."
1539,超级拉帝亚斯,Latias Mega,龙,超能,80,100,120,140,150,110,自然恢复 / 镜甲 / 镜甲,飘浮 / 棱镜装甲 / 神秘力量,20,53,0,0,They make a small herd of only several members. They rarely make contact with people or other Pokémon. They disappear if they sense enemies.
1540,超级拉帝欧斯,Latios Mega,龙,超能,80,130,100,160,120,110,加速 / 加速 / 加速,飘浮 / 多重鳞片 / 神秘力量,20,53,0,0,"Even in hiding, it can detect the locations of others and sense their emotions since it has telepathy. Its intelligence allows it to understand human languages."
1541,超级长耳兔,Lopunny Mega,一般,格斗,65,136,74,64,96,135,胆量 / 迷人之躯 / 技术高手,柔软 / 毛皮大衣 / 前锋,23,31,0,0,An extremely cautious Pokémon. It is very conscious of its looks and never fails to groom its ears. It runs with sprightly jumps.
1542,超级烈咬陆鲨,Garchomp Mega,龙,地面,108,160,120,90,120,102,压制 / 沙隐 / 横扫利刃,极度好战 / 锐利刀刃 / 巨钳,26,42,0,0,"When it folds up its body and extends its wings, it looks like a jet plane. It is covered in fine scales that reduce drag, enabling it to fly at high speeds."
1543,超级路卡利欧X,Lucario Mega X,格斗,钢,70,145,78,145,70,117,铁拳 / 掠夺者 / 魔法之拳,精神力 / 适应力 / 斗争精神,31,46,0,0,"It understands human speech. It is said that no foe can remain invisible to Lucario, since it can detect Auras. Even foes it could not otherwise see."
1544,超级暴雪王,Abomasnow Mega,草,冰,90,142,105,142,105,30,北风 / 叶绿体 / 冰冻之躯,降雪 / 白茫茫 / 永冻土,27,44,0,0,It lives a quiet life on mountains that are perpetually covered in snow. It hides itself by whipping up blizzards. It is also known as “The Ice Monster.”
1545,超级艾路雷朵,Gallade Mega,超能,格斗,68,135,95,95,125,115,不挠之剑 / 不挠之剑 / 不挠之剑,双持 / 致命精准 / 复仇者,33,50,0,0,"A master of courtesy and swordsmanship, it fights using extending swords on its elbows when trying to protect someone. It can sense what its foe is thinking."
1546,超级差不多娃娃,Audino Mega,一般,妖精,103,90,126,90,126,50,粉彩护幕 / 守护者 / 遁走,纯洁的爱 / 自然恢复 / 治愈之心,21,38,0,0,"Its auditory sense is astounding. Using the feelers on its ears, it can tell how someone is feeling or when an egg might hatch. "
1547,超级蒂安希,Diancie Mega,岩石,妖精,50,160,110,160,110,110,昼夜平分 / 魔法镜 / 舍身,坚硬岩石 / 飘浮 / 魔法防守,23,43,0,0,"A sudden transformation of Carbink, its pink, glimmering body is said to be the loveliest sight in the whole world. It creates diamonds between its hands."
1548,超级烈空坐,Rayquaza Mega,龙,飞行,105,180,100,180,100,115,极度好战 / 乘风 / 破格,德尔塔气流 / 龙颚 / 飞行皮肤,20,42,0,0,A Pokémon that flies endlessly in the ozone layer. It is said it would descend to the ground if Kyogre and Groudon were to fight.
1549,盖欧卡-原始回归,Kyogre Primal,水,水,100,150,90,180,160,90,暴风雨 / 暴风雨 / 暴风雨,悠游自如 / 原始铠甲 / 始源之海,19,38,0,0,"Kyogre has appeared in mythology as the creator of the sea. After long years of feuding with Groudon, it took to sleep at the bottom of the sea."
1550,固拉多-原始回归,Groudon Primal,地面,火,100,180,160,150,90,90,太阳之力 / 太阳之力 / 太阳之力,熔解 / 原始铠甲 / 终结之地,18,40,0,0,Groudon has appeared in mythology as the creator of the land. It sleeps in magma underground and is said to make volcanoes erupt on awakening.
1551,小拉达-阿罗拉,Rattata Alolan,恶,一般,30,56,35,25,35,72,活力 / 贪吃鬼 / 掠夺者,廉价战术 / 逃足 / 厚脂肪,28,29,0,0,"A Rattata is cautious in the extreme. Even while it is asleep, it constantly moves its ears and listens for danger. It will make its nest anywhere."
1552,拉达-阿罗拉,Raticate Alolan,恶,一般,75,71,70,40,80,77,活力 / 贪吃鬼 / 压制,杀戮之颚 / 机会主义者 / 寻回犬,38,31,0,0,"A Raticate's sturdy fangs grow steadily. To keep them ground down, it gnaws on rocks and logs. It may even chew on the walls of houses."
1553,雷丘-阿罗拉,Raichu Alolan,电,超能,60,85,50,95,85,115,超能之心 / 短路 / 电气制造者,冲浪之尾 / 飘浮 / 大地冲击,33,47,0,0,"If it stores too much electricity, its behavior turns aggressive. To avoid this, it occasionally discharges excess energy and calms itself down."
1554,穿山鼠-阿罗拉,Sandshrew Alolan,冰,钢,70,75,90,10,35,40,雪隐 / 我们滚吧 / 登山者,冻结点 / 拨雪 / 战斗盔甲,21,37,0,0,"When it curls up in a ball, it can make any attack bounce off harmlessly. Its hide has turned tough and solid as a result of living in the desert."
1555,穿山王-阿罗拉,Sandslash Alolan,冰,钢,95,100,120,25,65,65,白茫茫 / 持久力 / 拨雪,我们滚吧 / 硬爪 / 铁棘,22,39,0,0,It curls up in a ball to protect itself from enemy attacks. It also curls up to prevent heatstroke during the daytime when temperatures rise sharply.
1556,六尾-阿罗拉,Vulpix Alolan,冰,妖精,38,41,40,60,65,65,冰露 / 冰冻之躯 / 降雪,飞毛腿 / 冰冻皮肤 / 冰霜之魂,25,47,0,0,"It can freely control fire, making fiery orbs fly like will-o'-the-wisps. Just before evolution, its six tails grow hot as if on fire."
1557,九尾-阿罗拉,Ninetales Alolan,冰,妖精,73,67,75,91,100,109,冰霜之魂 / 北风 / 降雪,天恩 / 冰露 / 女王威严,26,49,0,0,It has long been said that each of the nine tails embody an enchanted power. A long-lived Ninetales will have fur that shines like gold.
1558,地鼠-阿罗拉,Diglett Alolan,地面,钢,10,55,30,35,45,90,挖沙 / 沙穴 / 食土,卷发 / 钢能力士 / 埋伏,21,29,0,0,"Diglett are raised in most farms. The reason is simple--wherever they burrow, the soil is left perfectly tilled for growing delicious crops."
1559,三地鼠-阿罗拉,Dugtrio Alolan,地面,钢,35,100,60,50,70,110,挖沙 / 沙穴 / 钢能力士,多头龙 / 沙之力 / 速度之力,25,34,0,0,"Because the triplets originally split from one body, they think exactly alike. They work cooperatively to burrow endlessly through the ground."
1560,喵喵-阿罗拉,Meowth Alolan,恶,恶,40,45,35,75,40,90,顺手牵羊 / 机会主义者 / 恶作剧之心,廉价战术 / 懦夫 / 完美主义者,21,31,0,0,"Meowth withdraw their sharp claws into their paws to silently sneak about. For some reason, this Pokémon loves shiny coins that glitter with light."
1561,猫老大-阿罗拉,Persian Alolan,恶,恶,65,78,65,105,65,117,毛皮大衣 / 恶作剧之心 / 规避,懦夫 / 一本正经 / 下流打击,26,38,0,0,A Persian's six bold whiskers sense air movements to determine what is in its vicinity. It becomes docile if grabbed by the whiskers.
1562,小拳石-阿罗拉,Geodude Alolan,岩石,电,40,80,75,30,40,35,磁力 / 电气皮肤 / 坚壁,我们滚吧 / 结实 / 静电,19,45,0,0,"It climbs mountain paths using only the power of its arms. Because they look just like boulders lining paths, hikers may step on them without noticing."
1563,隆隆石-阿罗拉,Graveler Alolan,岩石,电,55,95,90,45,60,45,磁力 / 电气皮肤 / 坚壁,我们滚吧 / 结实 / 静电,19,45,0,0,"They descend from mountains by tumbling down steep slopes. They are so brutal, they smash aside obstructing trees and massive boulders with thunderous tackles."
1564,隆隆岩-阿罗拉,Golem Alolan,岩石,电,90,135,110,45,95,45,磁力 / 超级发射器 / 坚壁,大地冲击 / 结实 / 电气皮肤,30,47,0,0,"It is said to live in volcanic craters on mountain peaks. Once a year, it sheds its hide and grows larger. The shed hide crumbles and returns to the soil."
1565,臭泥-阿罗拉,Grimer Alolan,毒,恶,90,80,55,40,55,25,剧毒之触 / 再生力 / 自给自足,液化 / 腐蚀 / 化学之力,28,39,0,0,"Born from polluted sludge in the sea, Grimer's favorite food is anything filthy. They feed on wastewater pumped out from factories."
1566,臭臭泥-阿罗拉,Muk Alolan,毒,恶,105,105,85,65,110,50,剧毒之触 / 再生力 / 自给自足,液化 / 腐蚀 / 化学之力,28,41,0,0,"It prefers warm and humid habitats. In the summertime, the toxic substances in its body intensify, making Muk reek like putrid kitchen garbage."
1567,椰蛋树-阿罗拉,Exeggutor Alolan,草,龙,95,125,85,105,75,45,沐日 / 超级重击者 / 贪吃鬼,远隔 / 太阳的恩赐 / 多头龙,29,36,0,0,"Originally from the tropics, Exeggutor's heads grow larger from exposure to strong sunlight. It is said that when the heads fall, they group to form an Exeggcute."
1568,嘎啦嘎啦-阿罗拉,Marowak Alolan,火,幽灵,75,80,110,50,80,60,恶意 / 崇高精神 / 连续攻击,骨区 / 早夭 / 坚硬脑袋,28,45,0,0,A Marowak is the evolved form of a Cubone that has grown tough by overcoming the grief of losing its mother. Its tempered and hardened spirit is not easily broken.
1569,喵喵-伽勒尔,Meowth Galarian,钢,钢,50,75,55,65,40,40,狙击手 / 粗糙皮肤 / 紧张感,硬爪 / 机会主义者 / 完美主义者,21,37,0,0,"Meowth withdraw their sharp claws into their paws to silently sneak about. For some reason, this Pokémon loves shiny coins that glitter with light."
1570,小火马-伽勒尔,Ponyta Galarian,超能,妖精,50,85,55,65,65,90,愧疚 / 粉彩护幕 / 危险预知,懦夫 / 速度之力 / 棱镜装甲,18,30,0,0,A Ponyta is very weak at birth. It can barely stand up. Its legs become stronger as it stumbles and falls while trying to keep up with its parent.
1571,烈焰马-伽勒尔,Rapidash Galarian,超能,妖精,85,110,70,75,80,120,力量之刃 / 粉彩护幕 / 妖精皮肤,硬化鞘 / 速度之力 / 棱镜装甲,22,34,0,0,"It usually canters casually in the fields and plains. But once a Rapidash turns serious, its fiery manes flare and blaze as it gallops its way up to 150 mph."
1572,呆呆兽-伽勒尔,Slowpoke Galarian,超能,超能,90,65,65,65,40,15,纯朴 / 无关天气 / 再生力,迟钝 / 毒吸收 / 后攻,15,46,0,0,It catches prey by dipping its tail in water at the side of a river. But it often forgets what it is doing and spends entire days just loafing at water's edge.
1573,呆壳兽-伽勒尔,Slowbro Galarian,毒,超能,95,110,90,110,65,20,纯朴 / 超级发射器 / 再生力,迟钝 / 速击 / 后攻,23,48,0,0,"Its tail has a Shellder firmly attached with a bite. As a result, the tail can't be used for fishing anymore. This forces it to reluctantly swim and catch prey."
1574,大葱鸭-伽勒尔,Farfetchd Galarian,格斗,格斗,52,95,55,58,62,55,巨钳 / 不屈之心 / 叶绿素,胆量 / 狙击手 / 自信过度,20,32,0,0,"It is always seen with a stick from a plant. Apparently, there are good sticks and bad sticks. This Pokémon occasionally fights with others over choice sticks."
1575,双弹瓦斯-伽勒尔,Weezing Galarian,毒,妖精,85,70,120,95,90,60,压迫感 / 化学变化气体 / 薄雾制造者,飘浮 / 多头龙 / 毒吸收,24,33,0,0,"By diluting its toxic gases with a special process, the highest grade of perfume can be extracted. To Weezing, gases emanating from garbage are the ultimate feast."
1576,魔墙人偶-伽勒尔,Mr Mime Galarian,冰,超能,50,65,65,90,90,100,恶作剧之心 / 北风 / 魔法防守,除障 / 冰冻之躯 / 迟钝,30,51,0,0,"A Mr. Mime is a master of pantomime. It can convince others that something unseeable actually exists. Once believed, the imaginary object does become real."
1577,急冻鸟-伽勒尔,Articuno Galarian,超能,飞行,90,85,85,125,100,95,天恩 / 宇宙迷乱 / 傲慢,北极光 / 永冻土 / 天赋异禀,24,50,0,0,"Articuno is a legendary bird Pokémon that can control ice. The flapping of its wings chills the air. As a result, it is said that when this Pokémon flies, snow will fall."
1578,闪电鸟-伽勒尔,Zapdos Galarian,格斗,飞行,90,125,90,85,90,100,不服输 / 空气动力学 / 胆量,前锋 / 加速 / 回旋踢,23,35,0,0,Zapdos is a legendary bird Pokémon that has the ability to control electricity. It usually lives in thunderclouds. It gains power if it is stricken by lightning bolts.
1579,火焰鸟-伽勒尔,Moltres Galarian,恶,飞行,90,85,90,100,125,90,厄运 / 噬魂 / 恐惧散布者,暗黑气场 / 幻影防守 / 临界点,18,45,0,0,"Moltres is a legendary bird Pokémon that can control fire. If injured, it is said to dip its body in the molten magma of a volcano to burn and heal itself."
1580,呆呆王-伽勒尔,Slowking Galarian,毒,超能,95,65,80,110,110,30,拒绝 / 怪药 / 再生力,怨恨 / 压迫感 / 恒久,23,48,0,0,"It undertakes research every day to solve the mysteries of the world. However, it apparently forgets everything if the Shellder on its head comes off."
1581,太阳珊瑚-伽勒尔,Corsola Galarian,幽灵,幽灵,60,55,100,65,100,30,灭亡之躯 / 安息 / 作祟的魂魄,诅咒之躯 / 结实 / 胆小,13,39,0,0,"Corsola live in warm southern seas. If the sea becomes polluted, the beautiful coral stalks become discolored and crumble away in tatters."
1582,蛇纹熊-伽勒尔,Zigzagoon Galarian,恶,一般,38,60,41,30,41,70,捡拾 / 贪吃鬼 / 掠夺者,胆量 / 飞毛腿 / 毅力,17,28,0,0,"Rubbing its nose against the ground, it always wanders about back and forth in search of something. It is distinguished by the zigzag footprints it leaves."
1583,直冲熊-伽勒尔,Linoone Galarian,恶,一般,78,100,61,50,61,110,捡拾 / 突然惊吓 / 舍身,不服输 / 狂暴突袭 / 毅力,19,28,0,0,"It is exceedingly fast if it only has to run in a straight line. When it spots pond- dwelling prey underwater, it quickly leaps in and catches it with its sharp claws."
1584,火红不倒翁-伽勒尔,Darumaka Galarian,冰,冰,70,90,45,15,45,50,活力 / 强行 / 破格,耐热 / 精神力 / 冰冻之躯,20,34,0,0,"When its internal fire is burning, it cannot calm down and it runs around. When the fire diminishes, it pulls its limbs into its body and falls asleep."
1585,达摩狒狒-伽勒尔,Darmanitan Galarian,冰,冰,105,140,65,50,65,95,一猩一意 / 压迫感 / 白茫茫,耐热 / 铁拳 / 破格,21,37,0,0,"When one is injured in a fierce battle, it transforms into a stone statue. Then it meditates and sharpens its mind and fights on mentally."
1586,哭哭面具-伽勒尔,Yamask Galarian,地面,幽灵,38,55,85,30,65,30,恶意 / 幻影防守 / 游魂,复仇 / 诅咒之躯 / 作祟的魂魄,16,37,0,0,These Pokémon arose from the spirits of people interred in graves in past ages. Each of them carries a mask that used to be its face when it was human.
1587,泥巴鱼-伽勒尔,Stunfisk Galarian,地面,钢,109,81,99,66,84,32,夹子陷阱 / 埋伏 / 强壮之颚,拟态 / 废料场 / 铁棘,20,32,0,0,"It conceals itself in the mud of the seashore. Then it waits. When prey touch it, it delivers a jolt of electricity. It smiles when transmitting electricity."
1588,换装皮卡丘,Pikachu Cosplay,电,一般,50,80,50,75,60,120,电细胞 / 一般皮肤 / 察觉,捡拾 / 危险预知 / 纯朴,26,37,0,0,"It stores electricity in the electric sacs on its cheeks. When it releases pent-up energy in a burst, the electric power is equal to a lightning bolt."
1589,硬摇滚皮卡丘,Pikachu Rock Star,电,钢,50,80,50,75,60,120,电细胞 / 力量金属 / 尾甲,钢魂 / 防弹 / 韵律,26,39,0,0,"It stores electricity in the electric sacs on its cheeks. When it releases pent-up energy in a burst, the electric power is equal to a lightning bolt."
1590,贵妇皮卡丘,Pikachu Belle,电,冰,50,80,50,75,60,120,电细胞 / 冰冻皮肤 / 冰露,深度冻结 / 储水 / 冰鳞粉,26,41,0,0,"It stores electricity in the electric sacs on its cheeks. When it releases pent-up energy in a burst, the electric power is equal to a lightning bolt."
1591,偶像皮卡丘,Pikachu Pop Star,电,妖精,50,80,50,75,60,120,电细胞 / 妖精皮肤 / 同台共演,小精灵之力 / 压制 / 天恩,25,44,0,0,"It stores electricity in the electric sacs on its cheeks. When it releases pent-up energy in a burst, the electric power is equal to a lightning bolt."
1592,博士皮卡丘,Pikachu Ph D,电,超能,50,80,50,75,60,120,电细胞 / 散发 / 预知梦,超能之心 / 精神力 / 有色眼镜,26,42,0,0,"It stores electricity in the electric sacs on its cheeks. When it releases pent-up energy in a burst, the electric power is equal to a lightning bolt."
1593,面罩摔角皮卡丘,Pikachu Libre,电,格斗,50,80,50,75,60,120,电细胞 / 斗争精神 / 无防守,斗士 / 空气动力学 / 胆量,26,41,0,0,"It stores electricity in the electric sacs on its cheeks. When it releases pent-up energy in a burst, the electric power is equal to a lightning bolt."
1594,皮卡丘-初始帽子,Pikachu Kanto,电,电,50,80,50,75,60,120,大地冲击 / 发电机 / 电爆,短路 / 电细胞 / 过载,23,37,0,0,"It stores electricity in the electric sacs on its cheeks. When it releases pent-up energy in a burst, the electric power is equal to a lightning bolt."
1595,皮卡丘-丰缘帽子,Pikachu Hoenn,电,电,50,80,50,75,60,120,大地冲击 / 发电机 / 电爆,短路 / 电细胞 / 过载,23,37,0,0,"It stores electricity in the electric sacs on its cheeks. When it releases pent-up energy in a burst, the electric power is equal to a lightning bolt."
1596,皮卡丘-神奥帽子,Pikachu Sinnoh,电,电,50,80,50,75,60,120,大地冲击 / 发电机 / 电爆,短路 / 电细胞 / 过载,23,37,0,0,"It stores electricity in the electric sacs on its cheeks. When it releases pent-up energy in a burst, the electric power is equal to a lightning bolt."
1597,皮卡丘-合众帽子,Pikachu Unova,电,电,50,80,50,75,60,120,大地冲击 / 发电机 / 电爆,短路 / 电细胞 / 过载,23,37,0,0,"It stores electricity in the electric sacs on its cheeks. When it releases pent-up energy in a burst, the electric power is equal to a lightning bolt."
1598,皮卡丘-卡洛斯帽子,Pikachu Kalos,电,电,50,80,50,75,60,120,大地冲击 / 发电机 / 电爆,短路 / 电细胞 / 过载,23,37,0,0,"It stores electricity in the electric sacs on its cheeks. When it releases pent-up energy in a burst, the electric power is equal to a lightning bolt."
1599,皮卡丘-阿罗拉帽子,Pikachu Alola,电,电,50,80,50,75,60,120,大地冲击 / 发电机 / 电爆,短路 / 电细胞 / 过载,23,37,0,0,"It stores electricity in the electric sacs on its cheeks. When it releases pent-up energy in a burst, the electric power is equal to a lightning bolt."
1600,皮卡丘-就决定是你了帽子,Pikachu Partner Cap,电,电,50,80,50,75,60,120,大地冲击 / 发电机 / 电爆,短路 / 电细胞 / 过载,23,37,0,0,"It stores electricity in the electric sacs on its cheeks. When it releases pent-up energy in a burst, the electric power is equal to a lightning bolt."
1601,皮卡丘-世界帽子,Pikachu World,电,电,50,80,50,75,60,120,大地冲击 / 发电机 / 电爆,短路 / 电细胞 / 过载,23,37,0,0,"It stores electricity in the electric sacs on its cheeks. When it releases pent-up energy in a burst, the electric power is equal to a lightning bolt."
1602,皮丘-刺刺耳,Pichu Spiky,电,电,20,40,15,35,35,60,电细胞 / 静电 / 电爆,短路 / 正电 / 大地冲击,23,37,0,0,"It is still inept at retaining electricity. When it is startled, it discharges power accidentally. It gets better at holding power as it grows older."
1603,未知图腾-B,Unown B,超能,超能,48,72,48,72,48,48,逃足 / 神秘力量 / 魔法防守,鱼群 / 飘浮 / ------,6,21,0,0,"This Pokémon is shaped like ancient text characters. Although research is ongoing, it is a mystery as to which came first, the ancient writings or the various Unown."
1604,未知图腾-C,Unown C,超能,超能,48,72,48,72,48,48,逃足 / 神秘力量 / 魔法防守,鱼群 / 飘浮 / ------,6,21,0,0,"This Pokémon is shaped like ancient text characters. Although research is ongoing, it is a mystery as to which came first, the ancient writings or the various Unown."
1605,未知图腾-D,Unown D,超能,超能,48,72,48,72,48,48,逃足 / 神秘力量 / 魔法防守,鱼群 / 飘浮 / ------,6,21,0,0,"This Pokémon is shaped like ancient text characters. Although research is ongoing, it is a mystery as to which came first, the ancient writings or the various Unown."
1606,未知图腾-E,Unown E,超能,超能,48,72,48,72,48,48,逃足 / 神秘力量 / 魔法防守,鱼群 / 飘浮 / ------,6,21,0,0,"This Pokémon is shaped like ancient text characters. Although research is ongoing, it is a mystery as to which came first, the ancient writings or the various Unown."
1607,未知图腾-F,Unown F,超能,超能,48,72,48,72,48,48,逃足 / 神秘力量 / 魔法防守,鱼群 / 飘浮 / ------,6,21,0,0,"This Pokémon is shaped like ancient text characters. Although research is ongoing, it is a mystery as to which came first, the ancient writings or the various Unown."
1608,未知图腾-G,Unown G,超能,超能,48,72,48,72,48,48,逃足 / 神秘力量 / 魔法防守,鱼群 / 飘浮 / ------,6,21,0,0,"This Pokémon is shaped like ancient text characters. Although research is ongoing, it is a mystery as to which came first, the ancient writings or the various Unown."
1609,未知图腾-H,Unown H,超能,超能,48,72,48,72,48,48,逃足 / 神秘力量 / 魔法防守,鱼群 / 飘浮 / ------,6,21,0,0,"This Pokémon is shaped like ancient text characters. Although research is ongoing, it is a mystery as to which came first, the ancient writings or the various Unown."
1610,未知图腾-I,Unown I,超能,超能,48,72,48,72,48,48,逃足 / 神秘力量 / 魔法防守,鱼群 / 飘浮 / ------,6,21,0,0,"This Pokémon is shaped like ancient text characters. Although research is ongoing, it is a mystery as to which came first, the ancient writings or the various Unown."
1611,未知图腾-J,Unown J,超能,超能,48,72,48,72,48,48,逃足 / 神秘力量 / 魔法防守,鱼群 / 飘浮 / ------,6,21,0,0,"This Pokémon is shaped like ancient text characters. Although research is ongoing, it is a mystery as to which came first, the ancient writings or the various Unown."
1612,未知图腾-K,Unown K,超能,超能,48,72,48,72,48,48,逃足 / 神秘力量 / 魔法防守,鱼群 / 飘浮 / ------,6,21,0,0,"This Pokémon is shaped like ancient text characters. Although research is ongoing, it is a mystery as to which came first, the ancient writings or the various Unown."
1613,未知图腾-L,Unown L,超能,超能,48,72,48,72,48,48,逃足 / 神秘力量 / 魔法防守,鱼群 / 飘浮 / ------,6,21,0,0,"This Pokémon is shaped like ancient text characters. Although research is ongoing, it is a mystery as to which came first, the ancient writings or the various Unown."
1614,未知图腾-M,Unown M,超能,超能,48,72,48,72,48,48,逃足 / 神秘力量 / 魔法防守,鱼群 / 飘浮 / ------,6,21,0,0,"This Pokémon is shaped like ancient text characters. Although research is ongoing, it is a mystery as to which came first, the ancient writings or the various Unown."
1615,未知图腾-N,Unown N,超能,超能,48,72,48,72,48,48,逃足 / 神秘力量 / 魔法防守,鱼群 / 飘浮 / ------,6,21,0,0,"This Pokémon is shaped like ancient text characters. Although research is ongoing, it is a mystery as to which came first, the ancient writings or the various Unown."
1616,未知图腾-O,Unown O,超能,超能,48,72,48,72,48,48,逃足 / 神秘力量 / 魔法防守,鱼群 / 飘浮 / ------,6,21,0,0,"This Pokémon is shaped like ancient text characters. Although research is ongoing, it is a mystery as to which came first, the ancient writings or the various Unown."
1617,未知图腾-P,Unown P,超能,超能,48,72,48,72,48,48,逃足 / 神秘力量 / 魔法防守,鱼群 / 飘浮 / ------,6,21,0,0,"This Pokémon is shaped like ancient text characters. Although research is ongoing, it is a mystery as to which came first, the ancient writings or the various Unown."
1618,未知图腾-Q,Unown Q,超能,超能,48,72,48,72,48,48,逃足 / 神秘力量 / 魔法防守,鱼群 / 飘浮 / ------,6,21,0,0,"This Pokémon is shaped like ancient text characters. Although research is ongoing, it is a mystery as to which came first, the ancient writings or the various Unown."
1619,未知图腾-R,Unown R,超能,超能,48,72,48,72,48,48,逃足 / 神秘力量 / 魔法防守,鱼群 / 飘浮 / ------,6,21,0,0,"This Pokémon is shaped like ancient text characters. Although research is ongoing, it is a mystery as to which came first, the ancient writings or the various Unown."
1620,未知图腾-S,Unown S,超能,超能,48,72,48,72,48,48,逃足 / 神秘力量 / 魔法防守,鱼群 / 飘浮 / ------,6,21,0,0,"This Pokémon is shaped like ancient text characters. Although research is ongoing, it is a mystery as to which came first, the ancient writings or the various Unown."
1621,未知图腾-T,Unown T,超能,超能,48,72,48,72,48,48,逃足 / 神秘力量 / 魔法防守,鱼群 / 飘浮 / ------,6,21,0,0,"This Pokémon is shaped like ancient text characters. Although research is ongoing, it is a mystery as to which came first, the ancient writings or the various Unown."
1622,未知图腾-U,Unown U,超能,超能,48,72,48,72,48,48,逃足 / 神秘力量 / 魔法防守,鱼群 / 飘浮 / ------,6,21,0,0,"This Pokémon is shaped like ancient text characters. Although research is ongoing, it is a mystery as to which came first, the ancient writings or the various Unown."
1623,未知图腾-V,Unown V,超能,超能,48,72,48,72,48,48,逃足 / 神秘力量 / 魔法防守,鱼群 / 飘浮 / ------,6,21,0,0,"This Pokémon is shaped like ancient text characters. Although research is ongoing, it is a mystery as to which came first, the ancient writings or the various Unown."
1624,未知图腾-W,Unown W,超能,超能,48,72,48,72,48,48,逃足 / 神秘力量 / 魔法防守,鱼群 / 飘浮 / ------,6,21,0,0,"This Pokémon is shaped like ancient text characters. Although research is ongoing, it is a mystery as to which came first, the ancient writings or the various Unown."
1625,未知图腾-X,Unown X,超能,超能,48,72,48,72,48,48,逃足 / 神秘力量 / 魔法防守,鱼群 / 飘浮 / ------,6,21,0,0,"This Pokémon is shaped like ancient text characters. Although research is ongoing, it is a mystery as to which came first, the ancient writings or the various Unown."
1626,未知图腾-Y,Unown Y,超能,超能,48,72,48,72,48,48,逃足 / 神秘力量 / 魔法防守,鱼群 / 飘浮 / ------,6,21,0,0,"This Pokémon is shaped like ancient text characters. Although research is ongoing, it is a mystery as to which came first, the ancient writings or the various Unown."
1627,未知图腾-Z,Unown Z,超能,超能,48,72,48,72,48,48,逃足 / 神秘力量 / 魔法防守,鱼群 / 飘浮 / ------,6,21,0,0,"This Pokémon is shaped like ancient text characters. Although research is ongoing, it is a mystery as to which came first, the ancient writings or the various Unown."
1628,未知图腾-!,Unown Emark,超能,超能,48,72,48,72,48,48,逃足 / 神秘力量 / 魔法防守,鱼群 / 飘浮 / ------,6,21,0,0,"This Pokémon is shaped like ancient text characters. Although research is ongoing, it is a mystery as to which came first, the ancient writings or the various Unown."
1629,未知图腾-?,Unown Qmark,超能,超能,48,72,48,72,48,48,逃足 / 神秘力量 / 魔法防守,鱼群 / 飘浮 / ------,6,21,0,0,"This Pokémon is shaped like ancient text characters. Although research is ongoing, it is a mystery as to which came first, the ancient writings or the various Unown."
1630,飘浮泡泡-晴天,Castform Sunny,火,火,75,75,75,105,75,110,太阳之力 / 大灾变 / 烈焰之魂,天气预报 / 天气控制 / 适应力,11,51,0,0,It alters its form depending on the weather. Changes in the climate such as the temperature and humidity appear to affect its cellular structure.
1631,飘浮泡泡-雨天,Castform Rainy,水,水,75,75,75,105,75,110,悠游自如 / 暴风雨 / 空中飞人,天气预报 / 天气控制 / 适应力,11,51,0,0,It alters its form depending on the weather. Changes in the climate such as the temperature and humidity appear to affect its cellular structure.
1632,飘浮泡泡-冰雹,Castform Snowy,冰,冰,75,75,75,105,75,110,拨雪 / 白茫茫 / 冰霜之魂,天气预报 / 天气控制 / 适应力,11,51,0,0,It alters its form depending on the weather. Changes in the climate such as the temperature and humidity appear to affect its cellular structure.
1633,代欧奇希斯-攻击,Deoxys Attack,超能,超能,50,180,20,180,20,150,寻回犬 / 掠夺者 / 再生力,狂暴DNA / 破格 / 穿透,24,64,0,0,Deoxys emerged from a virus that came from space. It is highly intelligent and can shoot lasers from the crystalline organ on its chest.
1634,代欧奇希斯-防御,Deoxys Defense,超能,超能,50,70,160,70,160,90,北极光 / 自然恢复 / 自我修复,坚壁 / 持久力 / 刚毅,24,64,0,0,Deoxys emerged from a virus that came from space. It is highly intelligent and can shoot lasers from the crystalline organ on its chest.
1635,代欧奇希斯-速度,Deoxys Speed,超能,超能,50,95,90,95,90,180,模糊 / 规避 / 最大加速,再生力 / 遁走 / 战术撤退,24,64,0,0,Deoxys emerged from a virus that came from space. It is highly intelligent and can shoot lasers from the crystalline organ on its chest.
1636,结草儿-砂土蓑衣,Burmy Sandy,虫,虫,55,29,60,59,60,36,危险预知 / 分析 / 鳞粉,虫之预感 / 蜕皮 / 防尘,1,15,0,0,"It is covered with a cloak that shelters it from the cold. If its cloak is broken in battle, it quickly remakes the cloak with materials nearby."
1637,结草儿-垃圾蓑衣,Burmy Trash,虫,虫,55,29,60,59,60,36,危险预知 / 分析 / 鳞粉,虫之预感 / 蜕皮 / 防尘,1,15,0,0,"It is covered with a cloak that shelters it from the cold. If its cloak is broken in battle, it quickly remakes the cloak with materials nearby."
1638,结草贵妇-砂土蓑衣,Wormadam Sandy,虫,地面,84,99,105,59,85,36,危险预知 / 坚硬脑袋 / 防尘,适应力 / 战斗盔甲 / 沙隐,21,47,0,0,Its appearance changes depending on where Burmy evolved. The materials on hand become a part of its body. The cloak is never shed.
1639,结草贵妇-垃圾蓑衣,Wormadam Trash,虫,钢,84,69,105,69,105,36,危险预知 / 碎裂铠甲 / 防尘,适应力 / 战斗盔甲 / 废料场,18,42,0,0,Its appearance changes depending on where Burmy evolved. The materials on hand become a part of its body. The cloak is never shed.
1640,樱花儿-晴天,Cherrim Sunshine,草,火,70,100,70,100,78,85,沐日 / 收获 / 危险预知,花之礼 / 叶绿素 / 叶子防守,21,40,0,0,"During times of strong sunlight, its bud blooms, its petals open fully, and it becomes very active. It folds back into a bud if sunlight wanes."
1641,无壳海兔-东海,Shellos East,水,水,76,48,48,57,62,34,硬壳盔甲 / 引水 / 再生力,黏着 / 自给自足 / 柔软,20,39,0,0,"Its shape and coloration vary, depending on its habitat. Beware of pushing strongly on its squishy body, as it makes a mysterious purple fluid ooze out."
1642,海兔兽-东海,Gastrodon East,水,地面,111,83,68,92,82,39,沙之守卫 / 引水 / 再生力,黏着 / 自给自足 / 硬壳盔甲,21,39,0,0,It lives in shallow tidal pools. Gastrodon once had a huge shell for protection in ancient times. There are traces of it left in its cells.
1643,洛托姆-加热,Rotom Heat,电,火,50,65,107,115,107,86,引火 / 火焰占卜 / 电气引擎,飘浮 / 熔炉 / 幻影,22,48,0,0,"Research continues on this Pokémon. Its electric-like body can enter some kinds of machines and take control, in order to make mischief."
1644,洛托姆-清洗,Rotom Wash,电,水,50,65,107,115,107,86,储水 / 除障 / 电气引擎,飘浮 / 湿气 / 幻影,22,48,0,0,"Research continues on this Pokémon. Its electric-like body can enter some kinds of machines and take control, in order to make mischief."
1645,洛托姆-结冰,Rotom Frost,电,冰,50,65,107,115,107,86,冰露 / 冰霜占卜 / 电气引擎,飘浮 / 冷藏箱 / 幻影,22,48,0,0,"Research continues on this Pokémon. Its electric-like body can enter some kinds of machines and take control, in order to make mischief."
1646,洛托姆-旋转,Rotom Fan,电,飞行,50,65,107,115,107,86,蓄电 / 空气动力学 / 电气引擎,吹气筒 / 乘风 / 幻影,22,48,0,0,"Research continues on this Pokémon. Its electric-like body can enter some kinds of machines and take control, in order to make mischief."
1647,洛托姆-切割,Rotom Mow,电,草,50,65,107,115,107,86,兆级电压 / 食草 / 极度好战,飘浮 / 割草机 / 幻影,22,48,0,0,"Research continues on this Pokémon. Its electric-like body can enter some kinds of machines and take control, in order to make mischief."
1648,骑拉帝纳-起源形态,Giratina Origin,幽灵,龙,150,140,120,140,120,110,恐惧散布者 / 低能见度 / 飘渺冲刺,幻影防守 / 影子游戏 / 噬魂,30,38,0,0,"This Pokémon is said to live in a world on the reverse side of ours, where common knowledge is distorted and strange. It was banished for its violence."
1649,谢米-天空形态,Shaymin Sky,草,飞行,100,103,75,120,75,127,魔法镜 / 空气动力学 / 施肥,自然回复 / 天恩 / 加速,21,39,0,0,The flowers all over its body burst into bloom if it is lovingly hugged and senses gratitude. The blooming of Gracideas confers the power of flight upon it.
1650,阿尔宙斯-格斗,Arceus Fighting,格斗,格斗,120,120,120,120,120,120,多重属性 / 多重属性 / 多重属性,动力核心 / 压迫感 / 飘浮,43,220,0,0,"It is told in mythology that this Pokémon emerged from an egg and shaped all there is in this world, before the universe even existed."
1651,阿尔宙斯-飞行,Arceus Flying,飞行,飞行,120,120,120,120,120,120,多重属性 / 多重属性 / 多重属性,动力核心 / 压迫感 / 飘浮,43,220,0,0,"It is told in mythology that this Pokémon emerged from an egg and shaped all there is in this world, before the universe even existed."
1652,阿尔宙斯-毒,Arceus Poison,毒,毒,120,120,120,120,120,120,多重属性 / 多重属性 / 多重属性,动力核心 / 压迫感 / 飘浮,43,220,0,0,"It is told in mythology that this Pokémon emerged from an egg and shaped all there is in this world, before the universe even existed."
1653,阿尔宙斯-地面,Arceus Ground,地面,地面,120,120,120,120,120,120,多重属性 / 多重属性 / 多重属性,动力核心 / 压迫感 / 飘浮,43,220,0,0,"It is told in mythology that this Pokémon emerged from an egg and shaped all there is in this world, before the universe even existed."
1654,阿尔宙斯-岩石,Arceus Rock,岩石,岩石,120,120,120,120,120,120,多重属性 / 多重属性 / 多重属性,动力核心 / 压迫感 / 飘浮,43,220,0,0,"It is told in mythology that this Pokémon emerged from an egg and shaped all there is in this world, before the universe even existed."
1655,阿尔宙斯-虫,Arceus Bug,虫,虫,120,120,120,120,120,120,多重属性 / 多重属性 / 多重属性,动力核心 / 压迫感 / 飘浮,43,220,0,0,"It is told in mythology that this Pokémon emerged from an egg and shaped all there is in this world, before the universe even existed."
1656,阿尔宙斯-幽灵,Arceus Ghost,幽灵,幽灵,120,120,120,120,120,120,多重属性 / 多重属性 / 多重属性,动力核心 / 压迫感 / 飘浮,43,220,0,0,"It is told in mythology that this Pokémon emerged from an egg and shaped all there is in this world, before the universe even existed."
1657,阿尔宙斯-钢,Arceus Steel,钢,钢,120,120,120,120,120,120,多重属性 / 多重属性 / 多重属性,动力核心 / 压迫感 / 飘浮,43,220,0,0,"It is told in mythology that this Pokémon emerged from an egg and shaped all there is in this world, before the universe even existed."
1658,阿尔宙斯-火,Arceus Fire,火,火,120,120,120,120,120,120,多重属性 / 多重属性 / 多重属性,动力核心 / 压迫感 / 飘浮,43,220,0,0,"It is told in mythology that this Pokémon emerged from an egg and shaped all there is in this world, before the universe even existed."
1659,阿尔宙斯-水,Arceus Water,水,水,120,120,120,120,120,120,多重属性 / 多重属性 / 多重属性,动力核心 / 压迫感 / 飘浮,43,220,0,0,"It is told in mythology that this Pokémon emerged from an egg and shaped all there is in this world, before the universe even existed."
1660,阿尔宙斯-草,Arceus Grass,草,草,120,120,120,120,120,120,多重属性 / 多重属性 / 多重属性,动力核心 / 压迫感 / 飘浮,43,220,0,0,"It is told in mythology that this Pokémon emerged from an egg and shaped all there is in this world, before the universe even existed."
1661,阿尔宙斯-电,Arceus Electric,电,电,120,120,120,120,120,120,多重属性 / 多重属性 / 多重属性,动力核心 / 压迫感 / 飘浮,43,220,0,0,"It is told in mythology that this Pokémon emerged from an egg and shaped all there is in this world, before the universe even existed."
1662,阿尔宙斯-超能,Arceus Psychic,超能,超能,120,120,120,120,120,120,多重属性 / 多重属性 / 多重属性,动力核心 / 压迫感 / 飘浮,43,220,0,0,"It is told in mythology that this Pokémon emerged from an egg and shaped all there is in this world, before the universe even existed."
1663,阿尔宙斯-冰,Arceus Ice,冰,冰,120,120,120,120,120,120,多重属性 / 多重属性 / 多重属性,动力核心 / 压迫感 / 飘浮,43,220,0,0,"It is told in mythology that this Pokémon emerged from an egg and shaped all there is in this world, before the universe even existed."
1664,阿尔宙斯-龙,Arceus Dragon,龙,龙,120,120,120,120,120,120,多重属性 / 多重属性 / 多重属性,动力核心 / 压迫感 / 飘浮,43,220,0,0,"It is told in mythology that this Pokémon emerged from an egg and shaped all there is in this world, before the universe even existed."
1665,阿尔宙斯-恶,Arceus Dark,恶,恶,120,120,120,120,120,120,多重属性 / 多重属性 / 多重属性,动力核心 / 压迫感 / 飘浮,43,220,0,0,"It is told in mythology that this Pokémon emerged from an egg and shaped all there is in this world, before the universe even existed."
1666,阿尔宙斯-妖精,Arceus Fairy,妖精,妖精,120,120,120,120,120,120,多重属性 / 多重属性 / 多重属性,动力核心 / 压迫感 / 飘浮,43,220,0,0,"It is told in mythology that this Pokémon emerged from an egg and shaped all there is in this world, before the universe even existed."
1667,野蛮鲈鱼-蓝色条纹,Basculin Blue,水,水,70,92,65,80,55,118,破格 / 强壮之颚 / 掠食者,激流 / 适应力 / 极度好战,12,27,0,0,"Red and blue Basculin usually do not get along, but sometimes members of one school mingle with the other's school. These Pokémon are very hostile."
1668,达摩狒狒-达摩模式,Darmanitan Zen,火,超能,105,35,95,140,95,50,强行 / 恒净之躯 / 昼夜平分,开悟 / 坚不可摧 / 超能之心,33,52,0,0,"When one is injured in a fierce battle, it transforms into a stone statue. Then it meditates and sharpens its mind and fights on mentally."
1669,达摩狒狒-伽勒尔-达摩模式,Darmanitan Zen Mode Galarian,冰,火,105,120,60,35,60,140,一猩一意 / 强行 / 太阳之力,耐热 / 铁拳 / 涡轮火焰,21,37,0,0,"When one is injured in a fierce battle, it transforms into a stone statue. Then it meditates and sharpens its mind and fights on mentally."
1670,四季鹿-夏天,Deerling Summer,一般,草,60,60,50,40,50,75,叶绿素 / 适应力 / 天恩,茂盛 / 狂暴突袭 / 食草,12,30,0,0,Their coloring changes according to the seasons and can be slightly affected by the temperature and humidity as well. People use it to mark the seasons.
1671,四季鹿-秋天,Deerling Autumn,一般,草,60,60,50,40,50,75,叶绿素 / 适应力 / 天恩,茂盛 / 狂暴突袭 / 食草,12,30,0,0,Their coloring changes according to the seasons and can be slightly affected by the temperature and humidity as well. People use it to mark the seasons.
1672,四季鹿-冬天,Deerling Winter,一般,草,60,60,50,40,50,75,叶绿素 / 适应力 / 天恩,茂盛 / 狂暴突袭 / 食草,12,30,0,0,Their coloring changes according to the seasons and can be slightly affected by the temperature and humidity as well. People use it to mark the seasons.
1673,萌芽鹿-夏天,Sawsbuck Summer,一般,草,80,100,70,60,70,95,适应力 / 连续攻击 / 叶绿素,硬化鞘 / 狂暴突袭 / 规避,18,35,0,0,Some people call Sawsbuck the harbingers of spring because the plants growing on its horns change according to the season. The leader possesses magnificent horns.
1674,萌芽鹿-秋天,Sawsbuck Autumn,一般,草,80,100,70,60,70,95,适应力 / 连续攻击 / 叶绿素,硬化鞘 / 狂暴突袭 / 规避,18,35,0,0,Some people call Sawsbuck the harbingers of spring because the plants growing on its horns change according to the season. The leader possesses magnificent horns.
1675,萌芽鹿-冬天,Sawsbuck Winter,一般,草,80,100,70,60,70,95,适应力 / 连续攻击 / 叶绿素,硬化鞘 / 狂暴突袭 / 规避,18,35,0,0,Some people call Sawsbuck the harbingers of spring because the plants growing on its horns change according to the season. The leader possesses magnificent horns.
1676,龙卷云-灵兽形态,Tornadus Therian,飞行,飞行,79,100,80,110,90,121,空中 / 终端速度 / 加速,再生力 / 天气控制 / 锐利目光,25,40,0,0,"Tornadus expels massive energy from its tail, causing severe storms. Its power can blow entire houses away. It zooms through the sky at 200 mph."
1677,雷电云-灵兽形态,Thundurus Therian,电,飞行,79,105,70,145,80,101,电晶体 / 过载 / 海洋霸主,兆级电压 / 天气控制 / 蓄电,27,36,0,0,The spikes on its tail discharge immense bolts of lightning. Countless charred remains mar the landscape of places through which Thundurus has passed.
1678,土地云-灵兽形态,Landorus Therian,地面,飞行,89,145,90,105,80,91,强行 / 自信过度 / 沙之力,扬沙 / 天气控制 / 威吓,22,43,0,0,"Hailed as “The Guardian of the Fields”, the energy that pours from its tail increases the nutrition in the soil, making crops grow to great size."
1679,焰白酋雷姆,Kyurem White,龙,冰,125,120,90,170,100,95,异兽提升 / 冰冻皮肤 / 降雪,涡轮火焰 / 永冻土 / 白茫茫,26,39,0,0,This legendary ice Pokémon waits for a hero to fill in the missing parts of its body with truth or ideals. Its body became frozen when its energy leaked out.
1680,暗黑酋雷姆,Kyurem Black,龙,冰,125,170,100,120,90,95,异兽提升 / 冰冻皮肤 / 降雪,兆级电压 / 永冻土 / 多重鳞片,26,39,0,0,This legendary ice Pokémon waits for a hero to fill in the missing parts of its body with truth or ideals. Its body became frozen when its energy leaked out.
1681,凯路迪欧-觉悟的样子,Keldeo Resolute,水,格斗,91,117,70,129,70,123,刀刃精华 / ------ / ------,斗士 / 神秘力量 / 激流,19,30,0,0,"When it is resolute, its body fills with power and it becomes swifter. It crosses the world, running over the surfaces of oceans and rivers."
1682,美洛耶塔-舞步形态,Meloetta Pirouette,一般,格斗,100,128,90,77,77,128,利己主义者 / 不服输 / 女王威严,天恩 / 速度之力 / 格斗专家,35,36,0,0,The melodies sung by Meloetta have the power to make Pokémon that hear them happy or sad. Many famous songs have been inspired by the tunes that Meloetta plays.
1683,盖诺赛克特-水流卡带,Genesect Douse Drive,虫,钢,71,120,95,120,95,99,下载 / 致命精准 / 瞄准系统,金属防护 / 掠食者 / 超级发射器,24,43,0,0,"Over 300 million years ago, it was feared as the strongest of hunters. Team Plasma altered it and attached a cannon to its back."
1684,盖诺赛克特-闪电卡带,Genesect Shock Drive,虫,钢,71,120,95,120,95,99,下载 / 致命精准 / 瞄准系统,金属防护 / 掠食者 / 超级发射器,24,43,0,0,"Over 300 million years ago, it was feared as the strongest of hunters. Team Plasma altered it and attached a cannon to its back."
1685,盖诺赛克特-火焰卡带,Genesect Burn Drive,虫,钢,71,120,95,120,95,99,下载 / 致命精准 / 瞄准系统,金属防护 / 掠食者 / 超级发射器,24,43,0,0,"Over 300 million years ago, it was feared as the strongest of hunters. Team Plasma altered it and attached a cannon to its back."
1686,盖诺赛克特-冰冻卡带,Genesect Chill Drive,虫,钢,71,120,95,120,95,99,下载 / 致命精准 / 瞄准系统,金属防护 / 掠食者 / 超级发射器,24,43,0,0,"Over 300 million years ago, it was feared as the strongest of hunters. Team Plasma altered it and attached a cannon to its back."
1687,小智甲贺忍蛙,Greninja Battle Bond,水,恶,72,100,67,103,71,122,烟雾机动 / 下流打击 / 更高阶层,激流 / 连续攻击 / 牵绊变身,18,46,0,0,"It appears and vanishes with a ninja's grace. It toys with its enemies using swift movements, while slicing them with throwing stars made of compressed water."
1688,甲贺忍蛙-牵绊变身,Ash-Greninja,水,恶,72,150,67,153,71,132,惊喜！ / 远隔 / 更高阶层,激流 / 连续攻击 / 牵绊变身,18,46,0,0,"It appears and vanishes with a ninja's grace. It toys with its enemies using swift movements, while slicing them with throwing stars made of compressed water."
1689,彩粉蝶-雪国花纹,Vivillon Polar,虫,飞行,85,51,65,110,65,109,多重鳞片 / 有色眼镜 / 吹气筒,粉末爆炸 / 复眼 / 空中飞人,17,37,0,0,Vivillon with many different patterns are found all over the world. These patterns are affected by the climate of their habitat. It scatters colorful scales.
1690,彩粉蝶-雪原花纹,Vivillon Tundra,虫,飞行,85,51,65,110,65,109,多重鳞片 / 有色眼镜 / 吹气筒,粉末爆炸 / 复眼 / 空中飞人,17,37,0,0,Vivillon with many different patterns are found all over the world. These patterns are affected by the climate of their habitat. It scatters colorful scales.
1691,彩粉蝶-大陆花纹,Vivillon Continental,虫,飞行,85,51,65,110,65,109,多重鳞片 / 有色眼镜 / 吹气筒,粉末爆炸 / 复眼 / 空中飞人,17,37,0,0,Vivillon with many different patterns are found all over the world. These patterns are affected by the climate of their habitat. It scatters colorful scales.
1692,彩粉蝶-庭园花纹,Vivillon Gardens,虫,飞行,85,51,65,110,65,109,多重鳞片 / 有色眼镜 / 吹气筒,粉末爆炸 / 复眼 / 空中飞人,17,37,0,0,Vivillon with many different patterns are found all over the world. These patterns are affected by the climate of their habitat. It scatters colorful scales.
1693,彩粉蝶-高雅花纹,Vivillon Elegant,虫,飞行,85,51,65,110,65,109,多重鳞片 / 有色眼镜 / 吹气筒,粉末爆炸 / 复眼 / 空中飞人,17,37,0,0,Vivillon with many different patterns are found all over the world. These patterns are affected by the climate of their habitat. It scatters colorful scales.
1694,彩粉蝶-花园花纹,Vivillon Meadow,虫,飞行,85,51,65,110,65,109,多重鳞片 / 有色眼镜 / 吹气筒,粉末爆炸 / 复眼 / 空中飞人,17,37,0,0,Vivillon with many different patterns are found all over the world. These patterns are affected by the climate of their habitat. It scatters colorful scales.
1695,彩粉蝶-摩登花纹,Vivillon Modern,虫,飞行,85,51,65,110,65,109,多重鳞片 / 有色眼镜 / 吹气筒,粉末爆炸 / 复眼 / 空中飞人,17,37,0,0,Vivillon with many different patterns are found all over the world. These patterns are affected by the climate of their habitat. It scatters colorful scales.
1696,彩粉蝶-大海花纹,Vivillon Marine,虫,飞行,85,51,65,110,65,109,多重鳞片 / 有色眼镜 / 吹气筒,粉末爆炸 / 复眼 / 空中飞人,17,37,0,0,Vivillon with many different patterns are found all over the world. These patterns are affected by the climate of their habitat. It scatters colorful scales.
1697,彩粉蝶-群岛花纹,Vivillon Archipelago,虫,飞行,85,51,65,110,65,109,多重鳞片 / 有色眼镜 / 吹气筒,粉末爆炸 / 复眼 / 空中飞人,17,37,0,0,Vivillon with many different patterns are found all over the world. These patterns are affected by the climate of their habitat. It scatters colorful scales.
1698,彩粉蝶-荒野花纹,Vivillon High Plains,虫,飞行,85,51,65,110,65,109,多重鳞片 / 有色眼镜 / 吹气筒,粉末爆炸 / 复眼 / 空中飞人,17,37,0,0,Vivillon with many different patterns are found all over the world. These patterns are affected by the climate of their habitat. It scatters colorful scales.
1699,彩粉蝶-沙尘花纹,Vivillon Sandstorm,虫,飞行,85,51,65,110,65,109,多重鳞片 / 有色眼镜 / 吹气筒,粉末爆炸 / 复眼 / 空中飞人,17,37,0,0,Vivillon with many different patterns are found all over the world. These patterns are affected by the climate of their habitat. It scatters colorful scales.
1700,彩粉蝶-大河花纹,Vivillon River,虫,飞行,85,51,65,110,65,109,多重鳞片 / 有色眼镜 / 吹气筒,粉末爆炸 / 复眼 / 空中飞人,17,37,0,0,Vivillon with many different patterns are found all over the world. These patterns are affected by the climate of their habitat. It scatters colorful scales.
1701,彩粉蝶-骤雨花纹,Vivillon Monsoon,虫,飞行,85,51,65,110,65,109,多重鳞片 / 有色眼镜 / 吹气筒,粉末爆炸 / 复眼 / 空中飞人,17,37,0,0,Vivillon with many different patterns are found all over the world. These patterns are affected by the climate of their habitat. It scatters colorful scales.
1702,彩粉蝶-热带草原花纹,Vivillon Savanna,虫,飞行,85,51,65,110,65,109,多重鳞片 / 有色眼镜 / 吹气筒,粉末爆炸 / 复眼 / 空中飞人,17,37,0,0,Vivillon with many different patterns are found all over the world. These patterns are affected by the climate of their habitat. It scatters colorful scales.
1703,彩粉蝶-太阳花纹,Vivillon Sun,虫,飞行,85,51,65,110,65,109,多重鳞片 / 有色眼镜 / 吹气筒,粉末爆炸 / 复眼 / 空中飞人,17,37,0,0,Vivillon with many different patterns are found all over the world. These patterns are affected by the climate of their habitat. It scatters colorful scales.
1704,彩粉蝶-大洋花纹,Vivillon Ocean,虫,飞行,85,51,65,110,65,109,多重鳞片 / 有色眼镜 / 吹气筒,粉末爆炸 / 复眼 / 空中飞人,17,37,0,0,Vivillon with many different patterns are found all over the world. These patterns are affected by the climate of their habitat. It scatters colorful scales.
1705,彩粉蝶-热带雨林花纹,Vivillon Jungle,虫,飞行,85,51,65,110,65,109,多重鳞片 / 有色眼镜 / 吹气筒,粉末爆炸 / 复眼 / 空中飞人,17,37,0,0,Vivillon with many different patterns are found all over the world. These patterns are affected by the climate of their habitat. It scatters colorful scales.
1706,彩粉蝶-幻彩花纹,Vivillon Fancy,虫,飞行,85,51,65,110,65,109,多重鳞片 / 有色眼镜 / 吹气筒,粉末爆炸 / 复眼 / 空中飞人,17,37,0,0,Vivillon with many different patterns are found all over the world. These patterns are affected by the climate of their habitat. It scatters colorful scales.
1707,彩粉蝶-球球花纹,Vivillon Pokéball,虫,飞行,85,51,65,110,65,109,多重鳞片 / 有色眼镜 / 吹气筒,粉末爆炸 / 复眼 / 空中飞人,17,37,0,0,Vivillon with many different patterns are found all over the world. These patterns are affected by the climate of their habitat. It scatters colorful scales.
1708,花蓓蓓-黄花,Flabebe Yellow,妖精,妖精,54,38,59,61,79,32,花幕 / 友情防守 / 热情好客,自然回复 / 芳香幕 / 花之礼,10,17,0,0,"When it finds a flower it likes, it dwells on that flower its whole life long. It floats on the wind's embrace with an untroubled heart."
1709,花蓓蓓-橙花,Flabebe Orange,妖精,妖精,54,38,59,61,79,32,花幕 / 友情防守 / 热情好客,自然回复 / 芳香幕 / 花之礼,10,17,0,0,"When it finds a flower it likes, it dwells on that flower its whole life long. It floats on the wind's embrace with an untroubled heart."
1710,花蓓蓓-蓝花,Flabebe Blue,妖精,妖精,54,38,59,61,79,32,花幕 / 友情防守 / 热情好客,自然回复 / 芳香幕 / 花之礼,10,17,0,0,"When it finds a flower it likes, it dwells on that flower its whole life long. It floats on the wind's embrace with an untroubled heart."
1711,花蓓蓓-白花,Flabebe White,妖精,妖精,54,38,59,61,79,32,花幕 / 友情防守 / 热情好客,自然回复 / 芳香幕 / 花之礼,10,17,0,0,"When it finds a flower it likes, it dwells on that flower its whole life long. It floats on the wind's embrace with an untroubled heart."
1712,花叶蒂-黄花,Floette Yellow,妖精,妖精,64,45,67,75,98,42,花幕 / 甜幕 / 芳香幕,粉彩护幕 / 再生力 / 水幕,12,36,0,0,"When the flowers of a well-tended flower bed bloom, it appears and celebrates with an elegant dance. It draws out the power of flowers to battle."
1713,花叶蒂-橙花,Floette Orange,妖精,妖精,64,45,67,75,98,42,花幕 / 甜幕 / 芳香幕,粉彩护幕 / 再生力 / 水幕,12,36,0,0,"When the flowers of a well-tended flower bed bloom, it appears and celebrates with an elegant dance. It draws out the power of flowers to battle."
1714,花叶蒂-蓝花,Floette Blue,妖精,妖精,64,45,67,75,98,42,花幕 / 甜幕 / 芳香幕,粉彩护幕 / 再生力 / 水幕,12,36,0,0,"When the flowers of a well-tended flower bed bloom, it appears and celebrates with an elegant dance. It draws out the power of flowers to battle."
1715,花叶蒂-白花,Floette White,妖精,妖精,64,45,67,75,98,42,花幕 / 甜幕 / 芳香幕,粉彩护幕 / 再生力 / 水幕,12,36,0,0,"When the flowers of a well-tended flower bed bloom, it appears and celebrates with an elegant dance. It draws out the power of flowers to battle."
1716,花叶蒂-永恒之花,Floette Eternal Flower,妖精,妖精,74,65,67,125,128,92,能量之触 / 青草制造者 / 妖精气场,粉彩护幕 / 魔法防守 / 神秘力量,17,40,0,0,"When the flowers of a well-tended flower bed bloom, it appears and celebrates with an elegant dance. It draws out the power of flowers to battle."
1717,花洁夫人-黄花,Florges Yellow,妖精,妖精,88,55,88,112,154,55,收获 / 薄雾制造者 / 青草制造者,自然回复 / 再生力 / 自给自足,18,36,0,0,"It claims exquisite flower gardens as its territory. In times long past, governors of castles would invite Florges to create gardens to embellish the castle domains."
1718,花洁夫人-橙花,Florges Orange,妖精,妖精,88,55,88,112,154,55,收获 / 薄雾制造者 / 青草制造者,自然回复 / 再生力 / 自给自足,18,36,0,0,"It claims exquisite flower gardens as its territory. In times long past, governors of castles would invite Florges to create gardens to embellish the castle domains."
1719,花洁夫人-蓝花,Florges Blue,妖精,妖精,88,55,88,112,154,55,收获 / 薄雾制造者 / 青草制造者,自然回复 / 再生力 / 自给自足,18,36,0,0,"It claims exquisite flower gardens as its territory. In times long past, governors of castles would invite Florges to create gardens to embellish the castle domains."
1720,花洁夫人-白花,Florges White,妖精,妖精,88,55,88,112,154,55,收获 / 薄雾制造者 / 青草制造者,自然回复 / 再生力 / 自给自足,18,36,0,0,"It claims exquisite flower gardens as its territory. In times long past, governors of castles would invite Florges to create gardens to embellish the castle domains."
1721,多丽米亚-心形造型,Furfrou Heart,一般,一般,75,80,60,65,90,102,着迷 / 友情防守 / 防弹,毛皮大衣 / 防尘 / 看门狗,19,30,0,0,Trimming its fluffy fur not only makes it more elegant but also increases the swiftness of its movements. These Pokémon were the guardians of kings.
1722,多丽米亚-星形造型,Furfrou Star,一般,一般,75,80,60,65,90,102,奇迹皮肤 / 胜利之星 / 同台共演,毛皮大衣 / 防尘 / 看门狗,19,30,0,0,Trimming its fluffy fur not only makes it more elegant but also increases the swiftness of its movements. These Pokémon were the guardians of kings.
1723,多丽米亚-菱形造型,Furfrou Diamond,一般,一般,75,80,60,65,90,102,坚硬岩石 / 粗糙皮肤 / 能量点,毛皮大衣 / 防尘 / 看门狗,19,30,0,0,Trimming its fluffy fur not only makes it more elegant but also increases the swiftness of its movements. These Pokémon were the guardians of kings.
1724,多丽米亚-淑女造型,Furfrou Debutante,一般,一般,75,80,60,65,90,102,舒缓香气 / 静电 / 芳香迷乱,毛皮大衣 / 防尘 / 看门狗,19,30,0,0,Trimming its fluffy fur not only makes it more elegant but also increases the swiftness of its movements. These Pokémon were the guardians of kings.
1725,多丽米亚-贵妇造型,Furfrou Matron,一般,一般,75,80,60,65,90,102,热情好客 / 守护者 / 芳香幕,毛皮大衣 / 防尘 / 看门狗,19,30,0,0,Trimming its fluffy fur not only makes it more elegant but also increases the swiftness of its movements. These Pokémon were the guardians of kings.
1726,多丽米亚-绅士造型,Furfrou Dandy,一般,一般,75,80,60,65,90,102,自信过度 / 单纯 / 棱镜装甲,毛皮大衣 / 防尘 / 看门狗,19,30,0,0,Trimming its fluffy fur not only makes it more elegant but also increases the swiftness of its movements. These Pokémon were the guardians of kings.
1727,多丽米亚-女王造型,Furfrou La Reine,一般,一般,75,80,60,65,90,102,女王威严 / 水幕 / 余香,毛皮大衣 / 防尘 / 看门狗,19,30,0,0,Trimming its fluffy fur not only makes it more elegant but also increases the swiftness of its movements. These Pokémon were the guardians of kings.
1728,多丽米亚-歌舞伎造型,Furfrou Kabuki,一般,一般,75,80,60,65,90,102,无关天气 / 火焰之躯 / 耐热,毛皮大衣 / 防尘 / 看门狗,19,30,0,0,Trimming its fluffy fur not only makes it more elegant but also increases the swiftness of its movements. These Pokémon were the guardians of kings.
1729,多丽米亚-国王造型,Furfrou Pharaoh,一般,一般,75,80,60,65,90,102,沙之守卫 / 沙隐 / 诅咒之躯,毛皮大衣 / 防尘 / 看门狗,19,30,0,0,Trimming its fluffy fur not only makes it more elegant but also increases the swiftness of its movements. These Pokémon were the guardians of kings.
1730,超能妙喵-雌性,Meowstic Female,超能,超能,84,48,76,103,81,104,贤者之力 / 强行 / 精神制造者,超能之心 / 好胜 / 极度好战,22,38,0,0,The eyeball patterns on the interior of its ears emit psychic energy. It keeps the patterns tightly covered because that power is too immense.
1731,坚盾剑怪-刀剑形态,Aegislash Blade,钢,幽灵,60,140,50,140,50,60,幻影防守 / 屠龙者 / 噬魂,飘浮 / 锐利刀刃 / 战斗切换,20,37,0,0,"Generations of kings were attended to by these Pokémon, which used their spectral power to manipulate and control people and Pokémon."
1732,南瓜精-小尺寸,Pumpkaboo Small,幽灵,草,49,44,70,66,55,51,察觉 / 受热激升 / 心情不定,不眠 / 诅咒之躯 / 作祟的魂魄,13,29,0,0,"It is said to carry wandering spirits to the place where they belong so they can move on. As the sun sets, it becomes restless and active. "
1733,南瓜精-大尺寸,Pumpkaboo Large,幽灵,草,49,44,70,66,55,51,察觉 / 受热激升 / 心情不定,不眠 / 诅咒之躯 / 作祟的魂魄,13,29,0,0,"It is said to carry wandering spirits to the place where they belong so they can move on. As the sun sets, it becomes restless and active. "
1734,南瓜精-特大尺寸,Pumpkaboo Super,幽灵,草,49,44,70,66,55,51,察觉 / 受热激升 / 心情不定,不眠 / 诅咒之躯 / 作祟的魂魄,13,29,0,0,"It is said to carry wandering spirits to the place where they belong so they can move on. As the sun sets, it becomes restless and active. "
1735,南瓜怪人-小尺寸,Gourgeist Small,幽灵,草,55,58,122,85,75,99,受热激升 / 收获 / 心情不定,不眠 / 诅咒之躯 / 作祟的魂魄,17,35,0,0,"Singing in eerie voices, they wander town streets on the night of the new moon. Anyone who hears their song will become inflicted with a curse."
1736,南瓜怪人-大尺寸,Gourgeist Large,幽灵,草,75,58,122,95,75,69,受热激升 / 收获 / 心情不定,不眠 / 诅咒之躯 / 作祟的魂魄,17,35,0,0,"Singing in eerie voices, they wander town streets on the night of the new moon. Anyone who hears their song will become inflicted with a curse."
1737,南瓜怪人-特大尺寸,Gourgeist Super,幽灵,草,85,58,122,100,75,54,受热激升 / 收获 / 心情不定,不眠 / 诅咒之躯 / 作祟的魂魄,17,35,0,0,"Singing in eerie voices, they wander town streets on the night of the new moon. Anyone who hears their song will become inflicted with a curse."
1738,哲尔尼亚斯-活跃模式,Xerneas Active,妖精,妖精,126,131,95,131,98,99,妖精皮肤 / 好胜 / 自给自足,妖精气场 / 发光 / 魂心,21,54,0,0,"Legends say that when the horns on its head shine in seven colors, it is sharing everlasting life. It slept for a thousand years in the form of a tree"
1739,基格尔德-10%形态,Zygarde 10,龙,地面,74,120,71,61,85,115,气场破坏 / 压制 / 龙之士气,原始颚 / 大地束缚 / 速度之力,23,43,0,0,It's said to be monitoring the ecosystem from deep in the caves where it lives. There are rumors that even greater power lies hidden within its cells.
1740,基格尔德-10%形态,Zygarde 10 Power Construct,龙,地面,74,120,71,61,85,115,气场破坏 / 压制 / 群聚变形,原始颚 / 大地束缚 / 速度之力,23,43,0,0,It's said to be monitoring the ecosystem from deep in the caves where it lives. There are rumors that even greater power lies hidden within its cells.
1741,基格尔德-50%形态,Zygarde 50 Power Construct,龙,地面,108,100,121,81,95,95,气场破坏 / 再生力 / 群聚变形,原始铠甲 / 大地束缚 / 动力核心,23,43,0,0,It's said to be monitoring the ecosystem from deep in the caves where it lives. There are rumors that even greater power lies hidden within its cells.
1742,基格尔德-完全形态,Zygarde Complete,龙,地面,216,100,121,91,95,85,群聚变形 / 群聚变形 / 群聚变形,原始铠甲 / 大地束缚 / 动力核心,23,43,0,0,It's said to be monitoring the ecosystem from deep in the caves where it lives. There are rumors that even greater power lies hidden within its cells.
1743,胡帕-解放,Hoopa Unbound,超能,恶,80,170,60,160,130,80,威吓 / 魔术师 / 远隔,噬魂 / 极度好战 / 穿透,23,50,0,0,"In its true form, it possess a huge amount of power. When its powers are sealed away, it is transformed into a much smaller form. It teleports things to a secret place."
1744,花舞鸟-啪滋啪滋风格,Oricorio Pom Pom,电,飞行,75,70,70,108,70,103,舞者 / 恶作剧之心 / 两步,天恩 / 避雷针 / 鸟群,27,42,0,0,"Oricorio can change its body by sipping different coloured nectar. It's enemies' hearts melt at the sight of its varying, beautiful dances."
1745,花舞鸟-呼拉呼拉风格,Oricorio Pau,超能,飞行,75,70,70,108,70,103,舞者 / 恶作剧之心 / 两步,天恩 / 超能之心 / 鸟群,27,42,0,0,"Oricorio can change its body by sipping different coloured nectar. It's enemies' hearts melt at the sight of its varying, beautiful dances."
1746,花舞鸟-轻盈轻盈风格,Oricorio Sensu,幽灵,飞行,75,70,70,108,70,103,舞者 / 烟雾机动 / 两步,天恩 / 幻痛 / 鸟群,27,42,0,0,"Oricorio can change its body by sipping different coloured nectar. It's enemies' hearts melt at the sight of its varying, beautiful dances."
1747,特殊岩狗狗,Rockruff Own Tempo,岩石,岩石,45,65,40,30,40,60,我行我素 / 我行我素 / 我行我素,锐利目光 / 机会主义者 / 坚硬脑袋,15,23,0,0,This Pokémon has lived with people since times long ago. It can sense when its Trainer is in the dumps and will stick close by its Trainer's side.
1748,鬃岩狼人-黑夜的样子,Lycanroc Midnight,岩石,恶,85,115,75,55,75,82,硬爪 / 愤怒穴位 / 掠食者,无防守 / 夜行 / 极度好战,21,34,0,0,"Well equipped with claws and fangs, it also uses the sharp rocks in its mane as weapons. It will attack with no regard for its own safety."
1749,鬃岩狼人-黄昏的样子,Lycanroc Dusk,岩石,格斗,75,117,65,55,65,110,硬爪 / 自信过度 / 掠食者,机会主义者 / 致命精准 / 坚硬脑袋,20,32,0,0,"Well equipped with claws and fangs, it also uses the sharp rocks in its mane as weapons. It will attack with no regard for its own safety."
1750,弱丁鱼-鱼群的样子,Wishiwashi School,水,水,45,140,130,140,135,30,水幕 / 潮汐冲击 / 湿润之躯,鱼群 / 再生力 / 多重鳞片,19,35,0,0,"When it's in trouble, its eyes moisten and begin to shine. The shining light attracts its comrades, and they stand together against their enemies."
1751,银伴战兽-格斗,Silvally Fighting,格斗,格斗,95,95,95,95,95,95,纯朴 / 临界点 / 斗士,AR系统 / 原始铠甲 / 精神力,18,9,0,0,"Its trust in its partner awakens it. This Pokémon is capable of changing its type by equipping special memories, a trait that is well displayed in battle."
1752,银伴战兽-飞行,Silvally Flying,飞行,飞行,95,95,95,95,95,95,纯朴 / 无关天气 / 速度之力,AR系统 / 原始铠甲 / 空中飞人,18,9,0,0,"Its trust in its partner awakens it. This Pokémon is capable of changing its type by equipping special memories, a trait that is well displayed in battle."
1753,银伴战兽-毒,Silvally Poison,毒,毒,95,95,95,95,95,95,纯朴 / 不仁不义 / 腐蚀,AR系统 / 原始铠甲 / 毒刺,18,9,0,0,"Its trust in its partner awakens it. This Pokémon is capable of changing its type by equipping special memories, a trait that is well displayed in battle."
1754,银伴战兽-地面,Silvally Ground,地面,地面,95,95,95,95,95,95,纯朴 / 余震 / 粗糙皮肤,AR系统 / 原始铠甲 / 食土,18,9,0,0,"Its trust in its partner awakens it. This Pokémon is capable of changing its type by equipping special memories, a trait that is well displayed in battle."
1755,银伴战兽-岩石,Silvally Rock,岩石,岩石,95,95,95,95,95,95,纯朴 / 战斗盔甲 / 主宰,AR系统 / 原始铠甲 / 登山者,18,9,0,0,"Its trust in its partner awakens it. This Pokémon is capable of changing its type by equipping special memories, a trait that is well displayed in battle."
1756,银伴战兽-虫,Silvally Bug,虫,虫,95,95,95,95,95,95,纯朴 / 有色眼镜 / 吐丝者,AR系统 / 原始铠甲 / 掠食者,18,9,0,0,"Its trust in its partner awakens it. This Pokémon is capable of changing its type by equipping special memories, a trait that is well displayed in battle."
1757,银伴战兽-幽灵,Silvally Ghost,幽灵,幽灵,95,95,95,95,95,95,纯朴 / 血价 / 影子游戏,AR系统 / 原始铠甲 / 诅咒之躯,18,9,0,0,"Its trust in its partner awakens it. This Pokémon is capable of changing its type by equipping special memories, a trait that is well displayed in battle."
1758,银伴战兽-钢,Silvally Steel,钢,钢,95,95,95,95,95,95,纯朴 / 镜甲 / 铁棘,AR系统 / 原始铠甲 / 尾甲,18,9,0,0,"Its trust in its partner awakens it. This Pokémon is capable of changing its type by equipping special memories, a trait that is well displayed in battle."
1759,银伴战兽-火,Silvally Fire,火,火,95,95,95,95,95,95,纯朴 / 熔解 / 火焰之躯,AR系统 / 原始铠甲 / 引火,17,9,0,0,"Its trust in its partner awakens it. This Pokémon is capable of changing its type by equipping special memories, a trait that is well displayed in battle."
1760,银伴战兽-水,Silvally Water,水,水,95,95,95,95,95,95,纯朴 / 湿气 / 水幕,AR系统 / 原始铠甲 / 引水,18,9,0,0,"Its trust in its partner awakens it. This Pokémon is capable of changing its type by equipping special memories, a trait that is well displayed in battle."
1761,银伴战兽-草,Silvally Grass,草,草,95,95,95,95,95,95,纯朴 / 孢子 / 自给自足,AR系统 / 原始铠甲 / 原木,18,9,0,0,"Its trust in its partner awakens it. This Pokémon is capable of changing its type by equipping special memories, a trait that is well displayed in battle."
1762,银伴战兽-电,Silvally Electric,电,电,95,95,95,95,95,95,纯朴 / 发电机 / 肾上腺素冲击,AR系统 / 原始铠甲 / 避雷针,18,9,0,0,"Its trust in its partner awakens it. This Pokémon is capable of changing its type by equipping special memories, a trait that is well displayed in battle."
1763,银伴战兽-超能,Silvally Psychic,超能,超能,95,95,95,95,95,95,纯朴 / 分析 / 脑核之力,AR系统 / 原始铠甲 / 魔法镜,17,9,0,0,"Its trust in its partner awakens it. This Pokémon is capable of changing its type by equipping special memories, a trait that is well displayed in battle."
1764,银伴战兽-冰,Silvally Ice,冰,冰,95,95,95,95,95,95,纯朴 / 冰露 / 碎裂铠甲,AR系统 / 原始铠甲 / 冻结点,17,9,0,0,"Its trust in its partner awakens it. This Pokémon is capable of changing its type by equipping special memories, a trait that is well displayed in battle."
1765,银伴战兽-龙,Silvally Dragon,龙,龙,95,95,95,95,95,95,纯朴 / 多重鳞片 / 硬爪,AR系统 / 原始铠甲 / 压制,18,9,0,0,"Its trust in its partner awakens it. This Pokémon is capable of changing its type by equipping special memories, a trait that is well displayed in battle."
1766,银伴战兽-恶,Silvally Dark,恶,恶,95,95,95,95,95,95,纯朴 / 厄运 / 察觉,AR系统 / 原始铠甲 / 正义之心,18,9,0,0,"Its trust in its partner awakens it. This Pokémon is capable of changing its type by equipping special memories, a trait that is well displayed in battle."
1767,银伴战兽-妖精,Silvally Fairy,妖精,妖精,95,95,95,95,95,95,纯朴 / 恶作剧之心 / 天恩,AR系统 / 原始铠甲 / 再生力,17,9,0,0,"Its trust in its partner awakens it. This Pokémon is capable of changing its type by equipping special memories, a trait that is well displayed in battle."
1768,小陨星-橙色-流星,Minior Orange,岩石,飞行,60,60,100,60,100,60,再生力 / 碎裂铠甲 / 松散岩石,界限盾壳 / 硬壳盔甲 / 防尘,19,33,0,0,"Originally making its home in the ozone layer, it hurtles to the ground when the shell encasing its body grows too heavy. It was born from mutated nanoparticles."
1769,小陨星-黄色-流星,Minior Yellow,岩石,飞行,60,60,100,60,100,60,再生力 / 碎裂铠甲 / 松散岩石,界限盾壳 / 硬壳盔甲 / 防尘,19,33,0,0,"Originally making its home in the ozone layer, it hurtles to the ground when the shell encasing its body grows too heavy. It was born from mutated nanoparticles."
1770,小陨星-绿色-流星,Minior Green,岩石,飞行,60,60,100,60,100,60,再生力 / 碎裂铠甲 / 松散岩石,界限盾壳 / 硬壳盔甲 / 防尘,19,33,0,0,"Originally making its home in the ozone layer, it hurtles to the ground when the shell encasing its body grows too heavy. It was born from mutated nanoparticles."
1771,小陨星-蓝色-流星,Minior Blue,岩石,飞行,60,60,100,60,100,60,再生力 / 碎裂铠甲 / 松散岩石,界限盾壳 / 硬壳盔甲 / 防尘,19,33,0,0,"Originally making its home in the ozone layer, it hurtles to the ground when the shell encasing its body grows too heavy. It was born from mutated nanoparticles."
1772,小陨星-浅蓝-流星,Minior Indigo,岩石,飞行,60,60,100,60,100,60,再生力 / 碎裂铠甲 / 松散岩石,界限盾壳 / 硬壳盔甲 / 防尘,19,33,0,0,"Originally making its home in the ozone layer, it hurtles to the ground when the shell encasing its body grows too heavy. It was born from mutated nanoparticles."
1773,小陨星-紫色-流星,Minior Violet,岩石,飞行,60,60,100,60,100,60,再生力 / 碎裂铠甲 / 松散岩石,界限盾壳 / 硬壳盔甲 / 防尘,19,33,0,0,"Originally making its home in the ozone layer, it hurtles to the ground when the shell encasing its body grows too heavy. It was born from mutated nanoparticles."
1774,小陨星-红色-核心,Minior Core Red,岩石,飞行,60,100,60,100,60,120,防弹 / 月食 / 加速,界限盾壳 / 昼夜平分 / 察觉,19,33,0,0,"Originally making its home in the ozone layer, it hurtles to the ground when the shell encasing its body grows too heavy. It was born from mutated nanoparticles."
1775,小陨星-橙色-核心,Minior Core Orange,岩石,飞行,60,100,60,100,60,120,防弹 / 月食 / 加速,界限盾壳 / 昼夜平分 / 察觉,19,33,0,0,"Originally making its home in the ozone layer, it hurtles to the ground when the shell encasing its body grows too heavy. It was born from mutated nanoparticles."
1776,小陨星-黄色-核心,Minior Core Yellow,岩石,飞行,60,100,60,100,60,120,防弹 / 月食 / 加速,界限盾壳 / 昼夜平分 / 察觉,19,33,0,0,"Originally making its home in the ozone layer, it hurtles to the ground when the shell encasing its body grows too heavy. It was born from mutated nanoparticles."
1777,小陨星-绿色-核心,Minior Core Green,岩石,飞行,60,100,60,100,60,120,防弹 / 月食 / 加速,界限盾壳 / 昼夜平分 / 察觉,19,33,0,0,"Originally making its home in the ozone layer, it hurtles to the ground when the shell encasing its body grows too heavy. It was born from mutated nanoparticles."
1778,小陨星-蓝色-核心,Minior Core Blue,岩石,飞行,60,100,60,100,60,120,防弹 / 月食 / 加速,界限盾壳 / 昼夜平分 / 察觉,19,33,0,0,"Originally making its home in the ozone layer, it hurtles to the ground when the shell encasing its body grows too heavy. It was born from mutated nanoparticles."
1779,小陨星-浅蓝-核心,Minior Core Indigo,岩石,飞行,60,100,60,100,60,120,防弹 / 月食 / 加速,界限盾壳 / 昼夜平分 / 察觉,19,33,0,0,"Originally making its home in the ozone layer, it hurtles to the ground when the shell encasing its body grows too heavy. It was born from mutated nanoparticles."
1780,小陨星-紫色-核心,Minior Core Violet,岩石,飞行,60,100,60,100,60,120,防弹 / 月食 / 加速,界限盾壳 / 昼夜平分 / 察觉,19,33,0,0,"Originally making its home in the ozone layer, it hurtles to the ground when the shell encasing its body grows too heavy. It was born from mutated nanoparticles."
1781,谜拟丘-现形,Mimikyu Busted,幽灵,妖精,55,90,80,50,105,96,飘渺冲刺 / 愧疚 / 锐利刀刃,画皮 / 狂暴突袭 / 幻痛,16,39,0,0,"A lonely Pokémon, it hides its terrifying appearance beneath an old rag so it can get closer to people and other Pokémon. Its actual appearance is unknown."
1782,奈克洛兹玛-黄昏之鬃,Dusk Mane,超能,钢,97,157,127,113,109,77,脑核之力 / 暴走 / 超级发射器,太阳耀斑 / 坚不可摧 / 棱镜装甲,33,48,0,0,"Reminiscent of the Ultra Beasts, this life-form, apparently asleep underground, is thought to have come from another world in ancient times."
1783,奈克洛兹玛-拂晓之翼,Dawn Wings,超能,幽灵,97,113,109,157,127,77,脑核之力 / 暴走 / 超级发射器,月食 / 幻影防守 / 飘浮,33,48,0,0,"Reminiscent of the Ultra Beasts, this life-form, apparently asleep underground, is thought to have come from another world in ancient times."
1784,奈克洛兹玛-究极,Necrozma Ultra,超能,龙,97,167,109,167,109,131,噬魂 / 暴走 / 超级发射器,异兽提升 / 脑核之力 / 飘浮,33,48,0,0,"Reminiscent of the Ultra Beasts, this life-form, apparently asleep underground, is thought to have come from another world in ancient times."
1785,玛机雅娜-原始颜色,Magearna Original,钢,妖精,80,95,115,130,115,65,钢能力士 / 妖精皮肤 / 恒净之躯,镜甲 / 魂心 / 动力核心,24,42,0,0,"This artificial Pokémon, constructed more than 500 years ago, can understand human speech but cannot itself speak. Its true self is its Soul-Heart, an artificial soul."
1786,古月鸟-一口吞,Cramorant Gulping,飞行,水,75,90,85,90,95,85,掠食者 / 贪吃鬼 / 悠游自如,一口导弹 / 水幕 / 旷野探险家,24,33,0,0,"It's so strong that it can knock out some opponents in a single hit, but it also may forget what it's battling midfight."
1787,古月鸟-大口吞,Cramorant Gorging,飞行,水,75,90,85,90,95,85,掠食者 / 贪吃鬼 / 悠游自如,一口导弹 / 电晶体 / 旷野探险家,24,33,0,0,"It's so strong that it can knock out some opponents in a single hit, but it also may forget what it's battling midfight."
1788,颤弦蝾螈-低调的样子,Toxtricity Low Key,电,毒,75,75,70,114,70,98,技术高手 / 噪音消除 / 醉人,庞克摇滚 / 巨响 / 储水,20,32,0,0,"When this Pokémon sounds as if it's strumming a guitar, it's actually clawing at the protrusions on its chest to generate electricity."
1789,来悲茶-真品形态,Sinistea Antique,幽灵,幽灵,40,45,45,74,54,50,碎裂铠甲 / 碎裂铠甲 / 诅咒之躯,------ / ------ / ------,9,26,0,0,"This Pokémon is said to have been born when a lonely spirit possessed a cold, leftover cup of tea."
1790,怖思壶-真品形态,Polteageist Antique,幽灵,幽灵,60,65,65,134,114,70,碎裂铠甲 / 碎裂铠甲 / 诅咒之躯,------ / ------ / ------,17,36,0,0,"This species lives in antique teapots. Most pots are forgeries, but on rare occasions, an authentic work is found."
1791,霜奶仙-奶香红钻,Alcremie Ruby,妖精,妖精,75,60,75,110,121,64,黏滑 / 好烤的身体 / 粉彩护幕,毛茸茸 / 芳香幕 / 自给自足,17,31,0,0,"When it trusts a Trainer, it will treat them to berries it's decorated with cream."
1792,霜奶仙-奶香抹茶,Alcremie Matcha,妖精,妖精,75,60,75,110,121,64,黏滑 / 好烤的身体 / 粉彩护幕,毛茸茸 / 芳香幕 / 自给自足,17,31,0,0,"When it trusts a Trainer, it will treat them to berries it's decorated with cream."
1793,霜奶仙-奶香薄荷,Alcremie Mint,妖精,妖精,75,60,75,110,121,64,黏滑 / 好烤的身体 / 粉彩护幕,毛茸茸 / 芳香幕 / 自给自足,17,31,0,0,"When it trusts a Trainer, it will treat them to berries it's decorated with cream."
1794,霜奶仙-奶香柠檬,Alcremie Lemon,妖精,妖精,75,60,75,110,121,64,黏滑 / 好烤的身体 / 粉彩护幕,毛茸茸 / 芳香幕 / 自给自足,17,31,0,0,"When it trusts a Trainer, it will treat them to berries it's decorated with cream."
1795,霜奶仙-奶香雪盐,Alcremie Salted,妖精,妖精,75,60,75,110,121,64,黏滑 / 好烤的身体 / 粉彩护幕,毛茸茸 / 芳香幕 / 自给自足,17,31,0,0,"When it trusts a Trainer, it will treat them to berries it's decorated with cream."
1796,霜奶仙-红钻综合,Alcremie Ruby Swirl,妖精,妖精,75,60,75,110,121,64,黏滑 / 好烤的身体 / 粉彩护幕,毛茸茸 / 芳香幕 / 自给自足,17,31,0,0,"When it trusts a Trainer, it will treat them to berries it's decorated with cream."
1797,霜奶仙-焦糖综合,Alcremie Caramel,妖精,妖精,75,60,75,110,121,64,黏滑 / 好烤的身体 / 粉彩护幕,毛茸茸 / 芳香幕 / 自给自足,17,31,0,0,"When it trusts a Trainer, it will treat them to berries it's decorated with cream."
1798,霜奶仙-三色综合,Alcremie Rainbow,妖精,妖精,75,60,75,110,121,64,黏滑 / 好烤的身体 / 粉彩护幕,毛茸茸 / 芳香幕 / 自给自足,17,31,0,0,"When it trusts a Trainer, it will treat them to berries it's decorated with cream."
1799,冰砌鹅-解冻头,Eiscue Noice Face,冰,冰,85,100,70,65,55,135,悠游自如 / 拨雪 / 冰露,结冻头 / 南极鸟 / 两栖,17,38,0,0,It drifted in on the flow of ocean waters from a frigid place. It keeps its head iced constantly to make sure it stays nice and cold.
1800,爱管侍-雌性,Indeedee Female,超能,一般,70,55,75,95,115,85,热情好客 / 精神制造者 / 着迷,念动力 / 友情防守 / 毛茸茸,19,33,0,0,"It uses the horns on its head to sense the emotions of others. Males will act as valets for those they serve, looking after their every need."
1801,莫鲁贝可-空腹花纹,Morpeko Hangry,电,恶,67,101,87,58,57,101,末日爆裂 / 电细胞 / 能量点,饱了又饿 / 贪吃鬼 / 避雷针,17,35,0,0,"As it eats the seeds stored up in its pocket-like pouches, this Pokémon is not just satisfying its constant hunger. It's also generating electricity."
1802,苍响-剑之王,Zacian Crowned,妖精,钢,92,170,115,80,115,148,冠之剑 / 冠之剑 / 冠之剑,钢能力士 / 战斗盔甲 / 锐利刀刃,18,29,0,0,"Known as a legendary hero, this Pokémon absorbs metal particles, transforming them into a weapon it uses to battle."
1803,藏玛然特-盾之王,Zamazenta Crowned,格斗,钢,92,110,155,80,155,128,冠之盾 / 冠之盾 / 冠之盾,钢能力士 / 战斗盔甲 / 铅衣,18,31,0,0,"In times past, it worked together with a king of the people to save the Galar region. It absorbs metal that it then uses in battle."
1804,无极汰那-无极巨化,Eternatus Primal,毒,龙,140,105,105,185,115,140,腐蚀 / 炮术 / 动力核心,飘浮 / 大师之手 / 原始铠甲,21,29,0,0,The core on its chest absorbs energy emanating from the lands of the Galar region. This energy is what allows Eternatus to stay active.
1805,武道熊师-连击流,Urshifu Rapid Strike Style,格斗,水,90,140,100,60,60,110,致命精准 / 悠游自如 / 自命不凡,无形拳 / 格斗专家 / 精密之拳,19,35,0,0,This form of Urshifu is a strong believer in the one-hit KO. Its strategy is to leap in close to foes and land a devastating blow with a hardened fist.
1806,萨戮德-阿爸,Zarude Dada,妖精,草,105,100,105,70,115,105,亲子爱 / 叶绿体 / 青草制造者,友情防守 / 丛林守卫 / 茂盛,46,49,0,0,"Within dense forests, this Pokémon lives in a pack with others of its kind. It's incredibly aggressive, and the other Pokémon of the forest fear it."
1807,蕾冠王-骑白马的样子,Calyrex Ice Rider,超能,冰,100,165,150,85,130,50,人马一体 / 人马一体 / 人马一体,永冻土 / 持久力 / 白茫茫,25,39,0,0,"Calyrex is a merciful Pokémon, capable of providing healing and blessings. It reigned over the Galar region in times of yore."
1808,蕾冠王-骑黑马的样子,Calyrex Shadow Rider,超能,幽灵,100,85,80,165,100,150,人马一体 / 人马一体 / 人马一体,幻影防守 / 恐惧散布者 / 加速,24,39,0,0,"Calyrex is a merciful Pokémon, capable of providing healing and blessings. It reigned over the Galar region in times of yore."
1809,千针鱼-洗翠,Qwilfish Hisuian,恶,毒,65,95,85,55,55,85,水幕 / 连续攻击 / 威吓,不仁不义 / 引爆 / 毒棘,18,30,0,0,A Qwilfish uses the pressure of water it swallows to shoot toxic quills all at once from all over its body. It finds swimming to be somewhat challenging.
1810,卡蒂狗-洗翠,Growlithe Hisuian,火,岩石,60,75,45,65,50,55,坚硬脑袋 / 威吓 / 矿化,毛茸茸 / 掠食者 / 狂暴突袭,25,31,0,0,"Its superb sense of smell ensures that this Pokémon won't forget any scent, no matter what. It uses its sense of smell to detect the emotions of others."
1811,风速狗-洗翠,Arcanine Hisuian,火,岩石,90,130,90,80,90,120,坚硬脑袋 / 威吓 / 矿化,规避 / 掠食者 / 狂暴突袭,31,37,0,0,"This fleet-footed Pokémon is said to run over 6,200 miles in a single day and night. The fire that blazes wildly within its body is its source of power."
1812,霹雳电球-洗翠,Voltorb Hisuian,电,草,40,30,50,55,55,100,叶绿体 / 食草 / 速度之力,坚不可摧 / 引爆 / 青草制造者,20,31,0,0,"It bears an uncanny and unexplained resemblance to a Poké Ball. Because it explodes at the slightest shock, even veteran Trainers treat it with caution."
1813,顽皮雷弹-洗翠,Electrode Hisuian,电,草,60,50,70,100,80,150,终端速度 / 食草 / 动量,坚不可摧 / 引爆 / 青草制造者,21,37,0,0,"They appear in great numbers at electric power plants. Because they feed on electricity, they cause massive and chaotic blackouts in nearby cities."
1814,火暴兽-洗翠,Typhlosion Hisuian,火,幽灵,93,74,78,120,85,85,早夭 / 飘渺冲刺 / 点燃,猛火 / 火焰占卜 / 察觉,30,36,0,0,It can hide behind a shimmering heat haze that it creates using its intense flames. Typhlosion create blazing explosive blasts that burn everything to cinders.
1815,狃拉-洗翠,Sneasel Hisuian,毒,格斗,60,95,55,35,75,115,天恩 / 腐蚀 / 极度好战,硬爪 / 醉人 / 轻装,17,29,0,0,A Sneasel scales trees by punching its hooked claws into the bark. It seeks out unguarded nests and steals eggs for food while the parents are away.
1816,大剑鬼-洗翠,Samurott Hisuian,水,恶,90,110,80,100,65,90,弱点利用 / 暴风雨 / 不仁不义,激流 / 硬壳盔甲 / 锐利刀刃,24,42,0,0,One swing of the seamitars attached to its armor can fell an opponent. A simple glare from one of them is enough to intimidate most enemies.
1817,裙儿小姐-洗翠,Lilligant Hisuian,草,格斗,80,105,80,50,80,105,叶绿素 / 活力 / 舞者,刀舞 / 速度之力 / 跆跟,21,44,0,0,Even veteran Trainers face a challenge in getting its beautiful flower to bloom. It withers away if a trainer does not take good care of it.
1818,勇士雄鹰-洗翠,Braviary Hisuian,超能,飞行,100,57,75,123,75,80,强行 / 北风 / 飘渺冲刺,有色眼镜 / 巨翼 / 共鸣,23,48,0,0,"For the sake of its friends, this brave warrior of the sky will not stop battling, even if it is injured. One can carry a car while flying."
1819,黏美儿-洗翠,Sliggoo Hisuian,龙,钢,58,75,83,83,113,40,黏滑 / 防弹 / 主宰,硬壳盔甲 / 坚不可摧 / 过滤,20,33,0,0,"This Pokémon's mucous can dissolve anything. Toothless, it sprays mucous on its prey. Once they're nicely dissolved, it slurps them up."
1820,黏美龙-洗翠,Goodra Hisuian,龙,钢,80,100,100,110,150,60,黏滑 / 防弹 / 主宰,硬壳盔甲 / 坚不可摧 / 过滤,24,44,0,0,"It gets picked on because it's meek. But then, whoever teased it gets to feel the full force of its horns and a good swatting from its thick tail."
1821,冰岩怪-洗翠,Avalugg Hisuian,冰,岩石,95,127,184,34,76,38,技术高手 / 自给自足 / 坚壁,原始铠甲 / 坚不可摧 / 强壮之颚,23,34,0,0,The way several Bergmite huddle on its back make it look like an aircraft carrier made of ice. Its cumbersome frame crushes anything that stands in its way.
1822,狙射树枭-洗翠,Decidueye Hisuian,草,格斗,90,120,90,50,90,95,弓箭手 / 胆量 / 机会主义者,茂盛 / 狙击手 / 空气动力学,26,39,0,0,"Decidueye is cool and cautious. It fires arrow quills from its wings with such precision, they can pierce a pebble at distances of over a hundred yards."
1823,索罗亚-洗翠,Zorua Hisuian,一般,幽灵,35,60,40,85,40,70,埋伏 / 浅坟 / 弱点利用,幻觉 / 复仇 / 机会主义者,14,36,0,0,"To protect themselves from danger, they hide their true identities by transforming into people and Pokémon. Apparently, it often transforms into a silent child."
1824,索罗亚克-洗翠,Zoroark Hisuian,一般,幽灵,55,100,60,125,60,110,埋伏 / 浅坟 / 雪隐,幻觉 / 复仇 / 弱点利用,21,41,0,0,Bonds between these Pokémon are very strong. It protects the safety of its pack by tricking its opponents. They defend their lair with illusory scenery.
1825,肯泰罗-水澜种,Tauros Paldean Aqua Breed,格斗,水,95,130,105,30,70,100,狂暴突袭 / 水合 / 反刍,坚硬脑袋 / 愤怒穴位 / 激流,20,42,0,0,"It is not satisfied unless it is rampaging at all times. If there is no opponent for Tauros to battle, it will charge at thick trees and knock them down to calm itself."
1826,肯泰罗-火炽种,Tauros Paldean Blaze Breed,格斗,火,95,130,105,30,70,100,狂暴突袭 / 献祭 / 反刍,坚硬脑袋 / 愤怒穴位 / 猛火,20,38,0,0,"It is not satisfied unless it is rampaging at all times. If there is no opponent for Tauros to battle, it will charge at thick trees and knock them down to calm itself."
1827,肯泰罗斗战种,Tauros Paldean Combat Breed,格斗,格斗,95,130,105,30,70,100,极度好战 / 愤怒穴位 / 反刍,坚硬脑袋 / 狂暴突袭 / 察觉,19,34,0,0,"It is not satisfied unless it is rampaging at all times. If there is no opponent for Tauros to battle, it will charge at thick trees and knock them down to calm itself."
1828,月月熊-赫月形态,Ursaluna Bloodmoon,地面,一般,113,70,120,135,65,52,巫毒之力 / 惊吓 / 血价,心眼 / 月之魂 / 防尘,23,43,0,0,I believe it was Hisui's swampy terrain that gave Ursaluna its burly physique and newfound capacity to manipulate peat at will. 
1829,海豚侠-全能形态,Palafin Hero,水,水,100,160,97,106,87,100,友情防守 / 复仇者 / 湿气,从零到英雄 / 正义之心 / 适应力,19,42,0,0,This Pokémon changes its appearance if it hears its allies calling for help. Palafin will never show anybody its moment of transformation.
1830,土龙节节-三节形态,Dudunsparce Three,一般,一般,125,100,80,85,75,55,硬化鞘 / 一般皮肤 / 沙之守卫,超幸运 / 我行我素 / 天恩,28,39,0,0,This Pokémon uses its hard tail to make its nest by boring holes into bedrock deep underground. The nest can reach lengths of over six miles.
1831,一家鼠-四只家庭,Maushold Four,一般,一般,74,75,70,65,75,111,友情防守 / 捡拾 / 一般皮肤,我行我素 / 亲子爱 / 技术高手,16,30,0,0,"The larger pair protects the little ones during battles. When facing strong opponents, the whole group will join the fight."
1832,米立龙-上弓姿势,Tatsugiri Curly,龙,水,68,50,60,120,95,82,指挥官 / 多重鳞片 / 战术撤退,激流 / 涨潮 / 机会主义者,14,31,0,0,This is a small dragon Pokémon. It lives inside the mouth of Dondozo to protect itself from enemies on the outside.
1833,米立龙-平挺姿势,Tatsugiri Stretchy,龙,水,68,50,60,120,95,82,指挥官 / 多重鳞片 / 战术撤退,激流 / 涨潮 / 机会主义者,14,31,0,0,This is a small dragon Pokémon. It lives inside the mouth of Dondozo to protect itself from enemies on the outside.
1834,米立龙-下垂姿势,Tatsugiri Droopy,龙,水,68,50,60,120,95,82,指挥官 / 多重鳞片 / 战术撤退,激流 / 涨潮 / 机会主义者,14,31,0,0,This is a small dragon Pokémon. It lives inside the mouth of Dondozo to protect itself from enemies on the outside.
1835,怒鹦哥-绿羽毛,Squawkabilly Green Plumage,一般,飞行,90,45,100,76,90,85,能量点 / 威吓 / 友情防守,空中 / 鸟群 / 模仿,20,31,0,0,"Green-feathered flocks hold the most sway. When they're out searching for food in the mornings and evenings, it gets very noisy."
1836,怒鹦哥-蓝羽毛,Squawkabilly Blue,一般,飞行,90,45,100,76,90,85,能量点 / 威吓 / 友情防守,空中 / 鸟群 / 模仿,20,31,0,0,"Green-feathered flocks hold the most sway. When they're out searching for food in the mornings and evenings, it gets very noisy."
1837,怒鹦哥-黄羽毛,Squawkabilly Yellow,一般,飞行,90,45,100,76,90,85,能量点 / 威吓 / 友情防守,空中 / 鸟群 / 模仿,20,31,0,0,"Green-feathered flocks hold the most sway. When they're out searching for food in the mornings and evenings, it gets very noisy."
1838,怒鹦哥-白羽毛,Squawkabilly White,一般,飞行,90,45,100,76,90,85,能量点 / 威吓 / 友情防守,空中 / 鸟群 / 模仿,20,31,0,0,"Green-feathered flocks hold the most sway. When they're out searching for food in the mornings and evenings, it gets very noisy."
1839,厄诡椪-水井面具,Ogerpon Wellspring Mask,草,水,80,120,84,60,96,110,水幕 / 潮汐冲击 / 无关天气,远隔 / 激流 / 超级重击者,29,40,0,0,This Pokémon's type changes based on which mask it's wearing. It confounds its enemies with nimble movements and kicks.
1840,厄诡椪-火灶面具,Ogerpon Hearthflame,草,火,80,120,84,60,96,110,极度好战 / 烈焰之魂 / 破格,远隔 / 猛火 / 超级重击者,29,40,0,0,This Pokémon's type changes based on which mask it's wearing. It confounds its enemies with nimble movements and kicks.
1841,厄诡椪-础石面具,Ogerpon Cornerstone,草,岩石,80,120,84,60,96,110,松散岩石 / 坚不可摧 / 结实,远隔 / 磐石意志 / 超级重击者,29,40,0,0,This Pokémon's type changes based on which mask it's wearing. It confounds its enemies with nimble movements and kicks.
1842,帝牙卢卡-起源形态,Dialga Origin,龙,钢,100,120,140,170,140,110,时空断裂 / 超级发射器 / 铅衣,原始铠甲 / 坚不可摧 / 动力核心,18,45,0,0,A Pokémon spoken of in legend. It completely controls the flow of time. It uses its power to travel at will through the past and future.
1843,帕路奇亚-起源形态,Palkia Origin,龙,水,90,120,120,170,140,140,天崩地裂 / 悠游自如 / 降雨,棱镜鳞片 / 原始铠甲 / 动力核心,25,46,0,0,Palkia has the ability to distort space. Its total control over the boundaries of space enable it to transport itself to faraway places and other dimensions.
1844,眷恋云-灵兽形态,Enamorus Therian,妖精,飞行,74,115,110,135,100,46,纯洁的爱 / 妖精皮肤 / 唱反调,小精灵之力 / 毛茸茸 / 天气控制,22,39,0,0,"When it flies to this land from across the sea, the bitter winter comes to an end.  "
1845,飘浮泡泡-沙暴,Castform Sandy,岩石,岩石,75,75,75,105,75,110,挖沙 / 沙之力 / 沙之守卫,天气预报 / 天气控制 / 适应力,11,51,0,0,It alters its form depending on the weather. Changes in the climate such as the temperature and humidity appear to affect its cellular structure.
1846,冻原桥熊-蓝月形态,Polartic Bluemoon,冰,格斗,130,145,70,50,105,55,强行 / 掠食者 / 恐惧散布者,昼夜平分 / 冰崩 / 背水一战,21,41,0,0,
1847,伐木累-火焰吞噬形态,Lumbering Sloth Engulfed,火,草,109,135,65,85,65,111,极度好战 / 森林之怒 / 火山之怒,古代活性 / 硬爪 / 火焰占卜,20,32,0,0,
1848,索财灵-徒步形态,Gimmighoul Roaming,幽灵,幽灵,65,30,25,75,45,80,惊喜！ / 懦夫 / 金属化,黄金之躯 / 超幸运 / 恶作剧之心,12,25,0,0,It lives inside an old treasure chest. Sometimes it gets left in shop corners since no one realizes it's actually a Pokémon.
1849,幽尾玄鱼-雌性,Basculegion F,水,幽灵,130,75,65,112,75,73,快速响应 / 愧疚 / 幽灵魂,幻影防守 / 奇迹皮肤 / 至高之主,22,42,0,0,Clads itself in the souls of comrades that perished before fulfilling their goals of journeying upstream. 
1850,太乐巴戈斯-星晶,Terapagos Primal,星晶,星晶,170,115,110,150,110,65,奇迹皮肤 / 魔法镜 / 镜甲,太晶归零 / 适应力 / 太晶宝藏,16,43,0,0,"Upon sensing danger, it prepares itself for battle by creating a sturdy shell of crystallized Terastal energy."
1851,水坏鰤-雌性,Hydroar F,水,毒,100,125,85,60,60,87,狂暴突袭 / 加速 / 恐怖,掠食者 / 夜行 / 自信过度,28,38,0,0,"Able to travel faster than a Barraskewda in short bursts, these Pokémon now have the patience to lie in wait for prey to appear."
1852,搭档皮卡丘,Pikachu Partner,电,电,50,80,50,75,60,120,大地冲击 / 发电机 / 电爆,短路 / 电细胞 / 过载,26,36,0,0,"It stores electricity in the electric sacs on its cheeks. When it releases pent-up energy in a burst, the electric power is equal to a lightning bolt."
1853,搭档伊布,Eevee Partner,一般,一般,65,75,70,65,85,75,恶作剧之心 / 纯朴 / 单纯,适应力 / 防尘 / 迷人之躯,20,28,0,0,An Eevee has an unstable genetic makeup that suddenly mutates due to its environment. Radiation from various Stones causes this Pokémon to evolve.
1854,搭档喵喵,Meowth Partner,一般,一般,50,90,45,75,50,125,机会主义者 / 昼夜平分 / 连续攻击,廉价战术 / 胆量 / 超幸运,28,36,0,0,"Meowth withdraw their sharp claws into their paws to silently sneak about. For some reason, this Pokémon loves shiny coins that glitter with light."
1855,谜拟烈空坐-现形,Mimikyu Primal,幽灵,妖精,79,120,90,120,115,116,影子游戏 / 恐惧散布者 / 机会主义者,拼凑 / 漂亮公主 / 幻痛,30,50,0,0,"A lonely Pokémon, it hides its terrifying appearance beneath an old rag so it can get closer to people and other Pokémon. Its actual appearance is unknown."
1856,超级请假王-人猿形态,Slaking Mega Ape Shift,一般,冰,130,210,110,85,105,110,无形拳 / 识相点 / 蔑视,猿之变 / 破格 / 结晶,29,32,0,0,Hordes of Slaking gather around trees when fruits come into season. They wait around patiently for ripened fruits to fall out of the trees.
1857,超级雷丘Y,Raichu Mega Y,电,电,60,100,60,160,80,130,停电 / 停电 / 停电,发电机 / 闪光闪电 / 大地冲击,30,42,0,0,"If it stores too much electricity, its behavior turns aggressive. To avoid this, it occasionally discharges excess energy and calms itself down."
1858,飘浮泡泡-浓雾,Castform Foggy,幽灵,幽灵,75,75,75,105,75,110,飘渺冲刺 / 灵质 / 早夭,天气预报 / 天气控制 / 适应力,11,51,0,0,It alters its form depending on the weather. Changes in the climate such as the temperature and humidity appear to affect its cellular structure.
1860,希特隆布里卡隆,Chesnaught Battle Bond,草,格斗,88,107,122,74,80,64,松散尖刺 / 持久力 / 尖刺盔甲,茂盛 / 硬壳盔甲 / 牵绊变身,23,40,0,0,"It shields its allies from danger with its own body. When it takes a defensive posture with its fists guarding its face, it can withstand a bomb blast."
1861,布里卡隆-牵绊变身,Clemont-Chesnaught,草,格斗,88,128,152,98,92,87,法拉第笼 / 电气皮肤 / 自我修复,森林之怒 / 兆级电压 / 牵绊变身,23,40,0,0,"It shields its allies from danger with its own body. When it takes a defensive posture with its fists guarding its face, it can withstand a bomb blast."
1862,莎莉娜妖火红狐,Delphox Battle Bond,火,超能,75,69,72,114,100,105,适应力 / 火焰占卜 / 压制,猛火 / 火焰盾 / 牵绊变身,25,43,0,0,"It gazes into the flame at the tip of its branch to achieve a focused state, which allows it to see into the future. It uses psychic power to incinerate its foes."
1863,妖火红狐-牵绊变身,Serena-Delphox,火,超能,75,96,95,134,120,125,适应力 / 火焰占卜 / 压制,地狱烈焰 / 预言家 / 牵绊变身,25,43,0,0,"It gazes into the flame at the tip of its branch to achieve a focused state, which allows it to see into the future. It uses psychic power to incinerate its foes."
1864,莫鲁贝奇-空腹花纹,Morpekyll Hangry,电,恶,87,121,78,62,85,121,贪吃鬼 / 轻装 / 威吓局势,双面 / 魔法镜 / 避雷针,24,34,0,0,
1865,未知图腾-启示,Unown Revelation,超能,超能,58,138,133,138,133,30,危险预知 / 仆从控制 / 魔法镜,天启 / 奇迹皮肤 / 未知之力,6,21,0,0,"This Pokémon is shaped like ancient text characters. Although research is ongoing, it is a mystery as to which came first, the ancient writings or the various Unown."
1866,鬃岩狼人-日食的样子,Lycanroc Eclipse,岩石,幽灵,85,76,55,85,75,111,结实 / 烟雾机动 / 碎裂铠甲,死亡之力 / 至骨 / 月食,26,40,0,0,"Well equipped with claws and fangs, it also uses the sharp rocks in its mane as weapons. It will attack with no regard for its own safety."
1867,鬃岩狼人-暮光的样子,Lycanroc Twilight,岩石,妖精,92,53,75,115,64,88,精神咬碎 / 潜行 / 决心,毛茸茸 / 月之魂 / 棱镜装甲,25,39,0,0,"Well equipped with claws and fangs, it also uses the sharp rocks in its mane as weapons. It will attack with no regard for its own safety."
1868,超级头巾混混,Scrafty Mega,恶,格斗,65,130,135,55,135,68,分解 / 分解 / 分解,神奇鳞片 / 爪钩陷阱 / 防尘,31,46,0,0,"Groups of them beat up anything that enters their territory. The one with the biggest crest is the group leader, and is the most respected."
1869,超级列阵兵,Falinks Mega,格斗,格斗,65,135,135,70,65,100,坚壁 / 破格 / 友情防守,毒壳 / 勇士之矛 / 干劲,24,35,0,0,"Five of them are troopers, and one is the brass. The brass's orders are absolute."
1870,超级火炎狮,Pyroar Mega,一般,火,86,88,92,129,86,136,适应力 / 傲慢 / 手藤壶,战神金刚 / 斗争心 / 掠食者,17,31,0,0,The male with the largest mane of fire is the leader of the pride. The females protect the pride's cubs. They viciously threaten any challenger.
1871,超级布里卡隆,Chesnaught Mega,草,格斗,88,137,172,74,115,49,王之怒 / 大脑过载 / 脑容量,森林之怒 / 坚毅 / 尖刺盔甲,23,40,0,0,"It shields its allies from danger with its own body. When it takes a defensive posture with its fists guarding its face, it can withstand a bomb blast."
1872,超级妖火红狐,Delphox Mega,火,超能,75,69,73,159,125,134,致命精准 / 神秘力量 / 预知梦,地狱烈焰 / 巨型手里剑 / 魔法防守,25,43,0,0,"It gazes into the flame at the tip of its branch to achieve a focused state, which allows it to see into the future. It uses psychic power to incinerate its foes."
1873,超级甲贺忍蛙,Greninja Mega,水,恶,72,125,77,138,81,142,致命精准 / 栗子斧 / 变幻自如,激流 / 栗子盾 / 危险预知,18,46,0,0,"It appears and vanishes with a ninja's grace. It toys with its enemies using swift movements, while slicing them with throwing stars made of compressed water."
1874,超级麻麻鳗鱼王,Eelektross Mega,电,电,85,145,90,135,100,80,电力转换 / 诺斯费拉图 / 水传播,花项链 / 飘浮 / 两栖,29,47,0,0,"They crawl out of the ocean using their arms. They will attack prey on shore and immediately drag it into the ocean, with their sucker mouths."
1875,超级乌贼王,Malamar Mega,恶,超能,86,102,88,115,120,88,着迷 / 反转 / 穿透,禅意花园 / 胃痛 / 催眠恍惚,24,37,0,0,"It lures prey close with hypnotic motions, then wraps its tentacles around it before finishing it off with digestive fluids. It forces others to do whatever it wants."
1876,超级大食花,Victreebel Mega,草,毒,100,125,95,135,105,70,极度好战 / 毒吸收 / 芳香幕,锐爪 / 胃酸反流 / 奇迹皮肤,32,42,0,0,"The long vine extending from its head is waved about as if it were a living thing to attract prey. When an unsuspecting victim approaches, it is swallowed whole."
1877,超级毒藻龙,Dragalge Mega,毒,龙,85,97,105,142,163,44,变幻自如 / 唱反调 / 毒沼制造者,卷曲蜈蚣 / 毒溢 / 积雨云,27,36,0,0,"Their poison is strong enough to eat through the hull of a tanker. Tales are told of ships that wander into seas where Dragalge live, never to return."
1878,超级摔角鹰人,Hawlucha Mega,格斗,飞行,78,137,100,74,93,118,黄金之躯 / 格斗专家 / 天使之翼,巨型钻头 / 持久力 / 干劲,27,39,0,0,"With its wings, it controls its position in the air. Its proficient fighting skills enable it to keep up with big bruisers like Machamp and Hariyama."
1879,超级皮可西Y,Clefable Mega Y,妖精,飞行,100,80,95,135,110,88,火之怒 / 火之怒 / 火之怒,授粉 / 巨翼 / 魔法防守,30,46,0,0,"A Clefable uses its wings to skip lightly as if it were flying. Its bouncy step lets it even walk on water. On quiet, moonlit nights, it strolls on lakes."
1880,超级快龙Y,Dragonite Mega Y,龙,飞行,91,124,115,145,125,100,天恩 / 无关天气 / 许愿星,女巫扫帚 / 神秘力量 / 精神力,22,49,0,0,It can circle the globe in just 16 hours. It is a kindhearted Pokémon that leads lost and foundering ships in a storm to the safety of land.
1881,超级龙头地鼠,Excadrill Mega,地面,钢,110,165,100,65,65,103,破格 / 挖沙 / 沙之守卫,阴天 / 钢能力士 / 余震,15,37,0,0,"More than 300 feet below the surface, they build mazelike nests. Their activity can be destructive to subway tunnels, but it can also help with construction."
1882,超级蜈蚣王,Scolipede Mega,虫,毒,90,140,159,75,99,62,有色眼镜 / 自我修复 / 不屈之盾,枝形吊灯 / 溶血毒素 / 硬化鞘,19,29,0,0,"With quick movements, it chases down its foes, attacking relentlessly with its horns until it prevails. Then it finishes them off with deadly poison."
1883,超级水晶灯火灵Y,Chandelure Mega Y,幽灵,火,80,75,110,175,110,90,炼狱 / 幻影防守 / 火之统治者,飘浮 / 飘渺冲刺 / 光辉,17,38,0,0,"Being consumed in Chandelure's flame burns up the spirit, leaving the body behind. By waving the flames on its arms, it puts its foes into a hypnotic trance."
1884,超级花叶蒂,Floette Mega,妖精,妖精,74,85,87,155,148,102,能量虹吸 / 薄雾制造者 / 炮术,后空翻 / 魔法防守 / 妖精气场,17,40,0,0,"When the flowers of a well-tended flower bed bloom, it appears and celebrates with an elegant dance. It draws out the power of flowers to battle."
1885,超级基格尔德,Zygarde Mega,龙,地面,216,70,121,216,85,100,粉碎之颚 / 粉碎之颚 / 粉碎之颚,原始铠甲 / 大地束缚 / 动力核心,23,43,0,0,It's said to be monitoring the ecosystem from deep in the caves where it lives. There are rumors that even greater power lies hidden within its cells.
1886,超级龟足巨铠,Barbaracle Mega,岩石,格斗,72,140,130,64,106,88,察觉 / 危险预知 / 干劲,雾眼 / 硬爪 / 坚硬岩石,22,34,0,0,"Barbaracle's legs and hands have minds of their own, and they will move independently. But they usually follow the head's orders."
1887,超级老翁龙,Drampa Mega,一般,龙,78,95,110,160,126,36,雨幕 / 雨幕 / 雨幕,雷云 / 防尘 / 进入狂暴,27,44,0,0,This Pokémon is friendly to people and loves children most of all. It comes from deep in the mountains to play with children it likes in town.
1888,超级宝石海星,Starmie Mega,水,超能,60,100,110,130,105,120,大力士 / 大力士 / 大力士,帝王之怒 / 模糊 / 神秘力量,27,41,0,0,People in ancient times imagined that Starmie were transformed from the reflections of stars that twinkled on gentle waves at night.
1889,超级盔甲鸟Y,Skarmory Mega Y,钢,飞行,75,140,110,40,100,130,鳞翅目 / 鳞翅目 / 鳞翅目,至骨 / 轻金属 / 极度好战,13,40,0,0,A Pokémon that has a body and wings of steel. People in the past used feathers fallen from Skarmory to make swords and knives.
1890,超级雪妖女Y,Froslass Mega Y,冰,幽灵,70,80,70,140,100,140,冰霜占卜 / 冰封禁锢 / 厄运,雪女 / 白茫茫 / 冰川鬼影,33,50,0,0,"When it finds people or Pokémon it likes, it freezes them and takes them to its chilly den, where they become its decorations."
1891,超级雷丘X,Raichu Mega X,电,格斗,60,135,95,90,95,115,电击助推器 / 电击助推器 / 电击助推器,大地冲击 / 电流冲击 / 冒失鬼,30,42,0,0,"If it stores too much electricity, its behavior turns aggressive. To avoid this, it occasionally discharges excess energy and calms itself down."
1892,超级阿勃梭鲁Z,Absol Mega Z,恶,幽灵,65,154,75,85,70,151,死神拥抱 / 死神拥抱 / 死神拥抱,惊吓 / 不服输 / 厄运,30,57,0,0,It sharply senses even subtle changes in the sky and the land to predict natural disasters. It is a long-lived Pokémon that has a life-span of 100 years.
1893,超级姆克鹰,Staraptor Mega,格斗,飞行,85,140,100,60,90,110,蛮力 / 巨翼 / 模糊,猛禽 / 羽衣 / 肾上腺素冲击,24,34,0,0,"When Staravia evolve into Staraptor, they leave the flock to live alone. It has a savage nature. It will courageously challenge foes that are much larger."
1894,超级烈咬陆鲨Z,Garchomp Mega Z,龙,龙,108,130,85,141,85,151,阴险之爪 / 阴险之爪 / 阴险之爪,终端速度 / 空中飞人 / #1030,26,42,0,0,"When it folds up its body and extends its wings, it looks like a jet plane. It is covered in fine scales that reduce drag, enabling it to fly at high speeds."
1895,超级席多蓝恩,Heatran Mega,火,火,79,94,113,144,120,85,野火 / 野火 / 野火,地狱烈焰 / 火鳞 / 火焰盾,23,40,0,0,"Boiling blood, like magma, circulates through its body. It dwells in volcanic caves, using its cross-shaped feet to crawl on ceilings and walls."
1896,超级达克莱伊,Darkrai Mega,火,火,79,94,113,144,120,85,野火 / 野火 / 野火,地狱烈焰 / 火鳞 / 火焰盾,19,43,0,0,"It chases people and Pokémon from its territory by causing them to experience deep, nightmarish slumbers. However, it means no harm."
1897,超级泥偶巨人,Golurk Mega,地面,幽灵,89,169,115,70,115,55,不稳定核心 / 不稳定核心 / 不稳定核心,遗石 / 铁拳之力 / 幻影防守,23,39,0,0,Golurk were created to protect people and Pokémon by an ancient civilisation. Removing the seal on its chest makes its internal energy go out of control.
1898,超级超能妙喵,Meowstic Mega,超能,超能,84,48,89,153,101,124,恶作剧之心 / 强行 / 极度好战,压倒性思维 / 悬浮 / 二元性,23,37,0,0,The eyeball patterns on the interior of its ears emit psychic energy. It keeps the patterns tightly covered because that power is too immense.
1899,超级好胜毛蟹,Crabominable Mega,格斗,冰,97,167,132,62,127,33,压迫感 / 冰柱拳 / 极度好战,可憎怪物 / 愤怒穴位 / 幽灵魂化,22,36,0,0,"It aimed for the top but got lost and ended up on a snowy mountain. Being forced to endure the cold, this Pokémon evolved and grew thick fur."
1900,超级具甲武者Y,Golisopod Mega Y,虫,水,75,155,140,100,100,60,义无反顾 / 义无反顾 / 义无反顾,硬壳盔甲 / 结实 / 硬爪,26,33,0,0,"It battles skillfully with its six arms, with a flashing slash of its giant sharp claws, it cleaves seawater--or even air--right in two."
1901,超级玛机雅娜,Magearna Mega,火,火,79,94,113,144,120,85,野火 / 野火 / 野火,地狱烈焰 / 火鳞 / 火焰盾,24,42,0,0,"This artificial Pokémon, constructed more than 500 years ago, can understand human speech but cannot itself speak. Its true self is its Soul-Heart, an artificial soul."
1902,超级捷拉奥拉,Zeraora Mega,火,火,79,94,113,144,120,85,野火 / 野火 / 野火,地狱烈焰 / 火鳞 / 火焰盾,17,37,0,0,"It approaches its enemies at the speed of lightning, then tears them limb from limb with its sharp claws."
1903,超级狠辣椒,Scovillain Mega,草,火,65,138,85,138,85,75,烈焰之颚 / 沐日 / 大叶子,黑帮老大 / 多头龙 / 幽灵辣椒,22,39,0,0,"The green head has turned vicious due to the spicy chemicals stimulating its brain. Once it goes on a rampage, there is no stopping it."
1904,超级米立龙,Tatsugiri Mega,龙,水,68,65,90,135,125,92,指挥官 / 水库 / 战术撤退,多重鳞片 / 涨潮 / 3 ョ 1,14,31,0,0,This is a small dragon Pokémon. It lives inside the mouth of Dondozo to protect itself from enemies on the outside.
1905,超级戟脊龙,Baxcalibur Mega,龙,冰,115,175,117,105,101,87,永冻土 / 降雪 / 锐利刀刃,热熵 / 霜龙 / 压制,19,32,0,0,It launches itself into battle by flipping upside down and spewing frigid air from its mouth. It finishes opponents off with its dorsal blade.
1906,超级风铃铃,Chimecho Mega,超能,钢,85,50,110,150,125,65,风铃 / 风铃 / 风铃,飘浮 / 钢能力士 / 巨响,38,42,0,0,They fly about very actively when the hot season arrives. They communicate among themselves using seven different and distinguishing cries.
1907,超级晶光花,Glimmora Mega,岩石,毒,83,90,105,150,96,101,腐蚀 / 毒沼制造者 / 避雷针,毒棘 / 花瓣盾 / 加速,19,29,0,0,Glimmora's petals are made of crystallized poison energy. It has recently become evident that these petals resemble Tera Jewels.
2101,超级美纳斯,Milotic Mega,水,妖精,95,69,110,129,156,81,自然恢复 / 纯洁的爱 / 暴风雨,棱镜鳞片 / 卷发 / 适应力,21,40,0,0,"It is said to live at the bottom of large lakes. Considered to be the most beautiful of all Pokémon, it has been depicted in paintings and statues."
2102,超级巴大蝶,Butterfree Mega,虫,超能,75,15,65,165,140,115,有色眼镜 / 有色眼镜 / 有色眼镜,鳞粉 / 复眼 / 威严之翼,20,44,0,0,"It has a superior ability to search for delicious honey from flowers. It can seek, extract, and carry honey from flowers blooming over six miles away."
2103,超级怪力,Machamp Mega,格斗,格斗,90,170,100,65,105,75,狂暴拳手 / 肾上腺素冲击 / 强行,无防守 / 铁拳 / 愤怒穴位,26,41,0,0,It is impossible to defend against punches and chops doled out by its four arms. Its fighting spirit flares up when it faces a tough opponent.
2104,超级巨钳蟹,Kingler Mega,水,水,80,170,135,50,80,85,悠游自如 / 极度好战 / 钳制,硬壳盔甲 / 巨钳 / 硬爪,20,38,0,0,"It waves its huge, oversized claw in the air to communicate with others. But since the claw is so heavy, this Pokémon quickly tires."
2105,超级拉普拉斯Y,Lapras Mega Y,水,冰,130,105,110,125,125,50,湿润之声 / 湿润之声 / 湿润之声,冰鳞粉 / 硬壳盔甲 / 自给自足,22,39,0,0,"People have driven Lapras almost to the point of extinction. In the evenings, it is said to sing plaintively as it seeks what few others of its kind still remain."
2106,超级沙漠蜻蜓,Flygon Mega,地面,虫,80,125,80,130,100,125,沙之歌 / 沙之力 / 沙穴,龙飞 / 棕褐色镜片 / 沙漠之魂,28,49,0,0,"The flapping of its wings sounds like singing. To prevent detection by enemies, it hides itself by flapping up a cloud of desert sand."
2107,超级刺龙王X,Kingdra Mega X,水,龙,75,105,100,145,100,115,悠游自如 / 狙击手 / 恒净之躯,暴风雨 / 超级发射器 / 多重鳞片,25,36,0,0,"It sleeps quietly, deep on the seafloor. When it comes up to the surface, it creates a huge whirlpool that can swallow even ships."
2108,超级白海狮,Dewgong Mega,水,冰,90,135,110,110,110,90,极地毛发 / 避雷针 / 自给自足,冰冷反击 / 水幕 / 幽灵魂化,31,49,0,0,It loves to snooze on bitterly cold ice. The sight of this Pokémon sleeping on a glacier was mistakenly thought to be a mermaid by a mariner long ago.
2109,超级快拳郎,Hitmonchan Mega,格斗,地面,80,145,99,35,120,106,招架 / 招架 / 招架,狂暴拳手 / 铁拳之力 / 闪电拳手,21,35,0,0,A Hitmonchan is said to possess the spirit of a boxer who aimed to become the world champion. Having an indomitable spirit means that it will never give up.
2110,超级飞腿郎,Hitmonlee Mega,格斗,岩石,80,140,73,60,110,122,回旋踢 / 回旋踢 / 回旋踢,活力 / 矿化 / 前锋,21,35,0,0,"Its legs freely stretch and contract. Using these springlike limbs, it bowls over foes with devastating kicks. After battle, it rubs down its tired legs."
2111,超级战舞郎,Hitmontop Mega,格斗,钢,80,135,115,45,135,75,旋转陀螺 / 旋转陀螺 / 旋转陀螺,技术高手 / 战斗盔甲 / 威吓,22,38,0,0,Its technique of kicking while spinning is a remarkable mix of both offense and defense. Hitmontop travel faster spinning than they do walking.
2112,超级叉字蝠,Crobat Mega,毒,飞行,85,140,70,120,70,160,规避 / 低能见度 / 有色眼镜,不祥之幕 / 自律 / 诺斯费拉图,27,45,0,0,"Over the course of evolution, its hind legs turned into wings. By alternately resting its front and rear wings, it can fly all day without having to stop."
2113,超级盔甲鸟X,Skarmory Mega X,钢,飞行,75,100,174,40,138,68,破碎铠甲 / 破碎铠甲 / 破碎铠甲,钢能力士 / 自我修复 / 动力核心,13,40,0,0,A Pokémon that has a body and wings of steel. People in the past used feathers fallen from Skarmory to make swords and knives.
2115,超级土台龟,Torterra Mega,草,地面,95,150,184,65,105,36,青草制造者 / 沙之守卫 / 坚不可摧,森林之怒 / 硬壳盔甲 / 阿特拉斯,30,46,0,0,"Some Pokémon are born on a Torterra's back and spend their entire life there. Ancient people imagined that beneath the ground, a gigantic Torterra dwelled."
2116,超级烈焰猴,Infernape Mega,火,格斗,76,145,71,145,71,127,蒸发 / 不服输 / 地狱之怒,地狱烈焰 / 昼夜平分 / 肾上腺素冲击,26,44,0,0,Its crown of fire is indicative of its fiery nature. It uses a special kind of martial arts involving all of its limbs to take on any opponent.
2117,超级帝王拿波,Empoleon Mega,水,钢,84,80,118,136,121,96,无防守 / 好胜 / 坚不可摧,激流 / 南极鸟 / 战斗盔甲,18,51,0,0,"The three horns that extend from its beak attest to its power. It avoids unnecessary disputes, but it will decimate anything that threatens its pride."
2118,超级壶壶,Shuckle Mega,虫,岩石,50,60,255,10,255,5,自我修复 / 自我修复 / 自我修复,多头龙 / 主宰 / 坚壁,29,33,0,0,"A Shuckle hides under rocks, keeping its body concealed inside its shell while eating stored berries. The berries mix with its body fluids to become a juice."
2119,超级古空棘鱼,Relicanth Mega,水,岩石,100,160,130,45,75,95,强大之角 / 强大之角 / 强大之角,坚不可摧 / 舍身 / 原始铠甲,18,30,0,0,A Pokémon that was once believed to have been extinct. The species has not changed its form for 100 million years. It walks on the seafloor using its pectoral fins.
2120,超级铳嘴大鸟,Toucannon Mega,一般,钢,80,120,110,135,110,70,结实 / 过滤 / 强行,钢桶 / 钢铁弹幕 / 火焰弹,29,39,0,0,"When it battles, within its beak, its internal gases ignite, explosively launching seeds with enough power to pulverize boulders."
2121,超级快龙,Dragonite Mega,龙,电,91,159,120,125,125,80,多重鳞片 / 多重鳞片 / 多重鳞片,电气皮肤 / 雷召 / 海洋霸主,22,49,0,0,It can circle the globe in just 16 hours. It is a kindhearted Pokémon that leads lost and foundering ships in a storm to the safety of land.
2122,超级斗笠菇,Breloom Mega,草,格斗,60,140,130,50,110,70,远隔 / 持久力 / 复仇者,完美主义者 / 技术高手 / 真菌感染,20,42,0,0,It scatters spores from holes in the cap on its head. It loves warm and humid climates. It feeds on trees and plants in fields and forests.
2123,超级请假王,Slaking Mega,一般,冰,130,210,110,85,105,110,无形拳 / 识相点 / 蔑视,猿之变 / 懒惰 / 结晶,29,32,0,0,Hordes of Slaking gather around trees when fruits come into season. They wait around patiently for ripened fruits to fall out of the trees.
2124,超级大力鳄X,Feraligatr Mega X,水,龙,85,160,130,89,93,78,后街男孩 / 后街男孩 / 后街男孩,激流 / 锋利的边缘 / 掠食者,25,38,0,0,"It opens its huge mouth to intimidate enemies. In battle, it runs using its thick and powerful hind legs to charge the foe with incredible speed."
2125,超级大力鳄Y,Feraligatr Mega Y,水,电,85,80,130,159,113,68,原子爆炸 / 原子爆炸 / 原子爆炸,激流 / 掠食者 / 狂战士之怒,25,38,0,0,"It opens its huge mouth to intimidate enemies. In battle, it runs using its thick and powerful hind legs to charge the foe with incredible speed."
2126,超级布鲁皇,Granbull Mega,妖精,地面,90,160,135,70,105,35,硬爪 / 限制令 / 友情防守,漂亮公主 / 不服输 / 极度好战,27,33,0,0,"It has a particularly well-developed lower jaw. The huge fangs are heavy, causing it to tilt its head. Unless it is startled, it will not try to bite."
2128,超级沼王,Quagsire Mega,水,地面,95,110,130,110,130,35,纯朴 / 奇迹皮肤 / 迟钝,无知的 / 储水 / 水幕,20,41,0,0,"A Quagsire hunts by leaving its mouth wide open in water and waiting for its prey to blunder in. Because it doesn't move, it does not get very hungry."
2129,超级暴鲤龙Y,Gyarados Mega Y,水,龙,95,95,99,130,140,81,神秘力量 / 神秘力量 / 神秘力量,空中飞人 / 棱镜鳞片 / 暴怒之龙,32,42,0,0,"It is an extremely vicious and violent Pokémon. When humans begin to fight, it will appear and burn everything to the ground with intensely hot flames."
2130,超级双斧战龙,Haxorus Mega,龙,钢,76,180,110,82,90,102,恐惧散布者 / 横扫利刃 / 至骨,巨钳 / 锐利刀刃 / 破格,25,30,0,0,They are kind but can be relentless when defending territory. Their sturdy tusks will stay sharp even if used to cut steel beams.
2132,超级大竺葵,Meganium Mega,草,妖精,80,92,115,143,115,90,青草制造者 / 青草制造者 / 青草制造者,森林之怒 / 低温休眠 / 治愈之心,25,49,0,0,"The fragrance of a Meganium's flower soothes and calms emotions. In battle, it gives off more of its becalming scent to blunt the foe's fighting spirit."
2133,超级伦琴猫,Luxray Mega,电,电,90,143,96,89,96,119,电击之颚 / 电击之颚 / 电击之颚,微光之眼 / 不仁不义 / 杀戮之颚,26,33,0,0,It has eyes which can see through anything. Luxray's ability to see through objects comes in handy when it's scouting for danger.
2134,超级尼多王,Nidoking Mega,毒,地面,81,142,92,85,95,110,强行 / 尾甲 / 利己主义者,王之怒 / 恐惧散布者 / 毒冠,25,39,0,0,"A Nidoking's thick tail packs enormously destructive power capable of toppling a metal transmission tower. Once it goes on a rampage, there is no stopping it."
2135,超级尼多后,Nidoqueen Mega,毒,地面,90,82,112,125,110,86,女王威严 / 友情防守 / 强行,后之哀 / 疫病鳞片 / 战斗盔甲,26,41,0,0,"It is adept at sending foes flying with harsh tackles using its tough, scaly body. This Pokémon is at its strongest when it is defending its young."
2136,超级穿山王,Sandslash Mega,地面,地面,95,140,110,45,85,95,硬爪 / 战斗盔甲 / 扬沙,沙漠披风 / 挖沙 / 沙之力,21,37,0,0,It curls up in a ball to protect itself from enemy attacks. It also curls up to prevent heatstroke during the daytime when temperatures rise sharply.
2137,超级火暴兽,Typhlosion Mega,火,地面,78,94,98,150,105,110,火山之怒 / 火山之怒 / 火山之怒,地狱烈焰 / 岩浆食者 / 烈焰之魂,27,37,0,0,It can hide behind a shimmering heat haze that it creates using its intense flames. Typhlosion create blazing explosive blasts that burn everything to cinders.
2138,超级流氓鳄,Krookodile Mega,地面,恶,95,147,110,65,100,102,惊吓 / 自信过度 / 愤怒穴位,金属之颚 / 沙丘恐惧 / 杀戮之颚,20,36,0,0,"Very violent Pokémon, they never allow their prey to escape. Their jaws are so powerful, they can crush the body of an automobile."
2139,超级自爆磁怪,Magnezone Mega,电,钢,70,75,135,165,125,65,电爆 / 过载 / 钢能力士,电气制造者 / 多头龙 / 磁力,19,39,0,0,"As it zooms through the sky, this Pokémon seems to be receiving signals of unknown origin, while transmitting its own signals of unknown purpose."
2140,超级脱壳忍者,Shedinja Mega,虫,幽灵,1,120,45,120,30,120,逃过一死 / 逃过一死 / 逃过一死,有色眼镜 / 魔法防守 / 死亡之力,30,36,0,0,A peculiar Pokémon that floats in air even though its wings remain completely still. The inside of its body is hollow and utterly dark.
2141,超级吞食兽,Swalot Mega,毒,毒,100,88,138,128,110,43,奇迹皮肤 / 再生力 / 纯朴,毒溢 / 液化 / 腐蚀,26,30,0,0,Its powerful stomach acid is capable of digesting almost anything. The one thing in the whole world a Swalot can't digest is its own stomach.
2142,超级电灯怪,Lanturn Mega,水,电,125,58,88,126,116,67,水力循环 / 水力循环 / 水力循环,光辉 / 引水 / 蓄电,13,41,0,0,The light-emitting orbs on its back are very bright. They are formed from a part of its dorsal fin. This Pokémon illuminates the inky darkness of deep seas.
2143,超级拉普拉斯X,Lapras Mega X,水,水,130,135,105,100,90,85,原始颚 / 原始颚 / 原始颚,悠游自如 / 硬壳盔甲 / 杀戮之颚,22,39,0,0,"People have driven Lapras almost to the point of extinction. In the evenings, it is said to sing plaintively as it seeks what few others of its kind still remain."
2144,超级呆呆王,Slowking Mega,超能,超能,95,85,80,130,180,20,分析 / 纯朴 / 迟钝,精神制造者 / 天赋异禀 / 硬壳盔甲,21,45,0,0,"It undertakes research every day to solve the mysteries of the world. However, it apparently forgets everything if the Shellder on its head comes off."
2145,超级蝶结萌虻,Ribombee Mega,虫,妖精,60,55,70,130,105,144,妖精气场 / 友情防守 / 棱镜装甲,空中飞人 / 光辉 / 诡计师,18,43,0,0,"Ribombee rolls up pollen into puffs. It makes many different varieties, some used as food and others used in battle. They are sometimes sold as supplements."
2146,超级胡地R,Alakazam Mega Redux,恶,恶,55,50,105,175,65,150,仆从控制 / 弱点利用 / 威吓,廉价战术 / 神秘力量 / 夜行,23,41,0,0,"While it has strong psychic abilities and high intelligence, an Alakazam's muscles are very weak. It uses psychic power to move its body."
2147,超级大针蜂R,Beedrill Mega Redux,冰,毒,65,150,60,45,80,175,冻结点 / 冻结点 / 冻结点,连续攻击 / 弱点利用 / 适应力,20,31,0,0,"A Beedrill is extremely territorial. For safety reasons, no one should ever approach its nest. If angered, they will attack in a swarm."
2148,超级怪力R,Machamp Mega Redux,格斗,龙,70,130,140,65,145,55,狂暴拳手 / 多重鳞片 / 屠龙者,搏斗飞龙 / 持久力 / 动力核心,25,35,0,0,It is impossible to defend against punches and chops doled out by its four arms. Its fighting spirit flares up when it faces a tough opponent.
2149,超级盔甲鸟R,Skarmory Mega,钢,火,75,130,100,80,70,140,熔岩之刃 / 熔解 / 动量,飘浮 / 火焰之躯 / 速度之力,22,40,0,0,A Pokémon that has a body and wings of steel. People in the past used feathers fallen from Skarmory to make swords and knives.
2150,超级风速狗R,Arcanine Mega,火,草,90,145,100,135,100,130,惊吓 / 施肥 / 活力,#1032 / 恶臭 / 免疫,32,35,0,0,"This fleet-footed Pokémon is said to run over 6,200 miles in a single day and night. The fire that blazes wildly within its body is its source of power."
2151,超级烈咬陆鲨R,Garchomp Mega Redux,水,幽灵,100,150,105,100,105,140,萦绕狂暴 / 萦绕狂暴 / 萦绕狂暴,锐利刀刃 / 极度好战 / 噬魂,22,45,0,0,"When it folds up its body and extends its wings, it looks like a jet plane. It is covered in fine scales that reduce drag, enabling it to fly at high speeds."
2152,超级大嘴娃R,Mawile Mega Redux,恶,幽灵,70,105,100,55,65,115,死亡之力 / 死亡之力 / 死亡之力,多头龙 / 强壮之颚 / 影子游戏,18,43,0,0,"Its giant jaws are actually steel horns that transformed. It fools foes into complacency with its adorable gestures, then chomps them with its huge jaws."
2153,超级勾魂眼R,Sableye Mega Redux,钢,妖精,70,100,110,100,110,20,恶作剧之心 / 恶作剧之心 / 恶作剧之心,魔法防守 / 不锈钢 / 魔法镜,31,39,0,0,It digs branching holes in caves using its sharp claws in search of food--raw gems. A Sableye lurks in darkness and is seen only rarely.
2154,超级黑鲁加R,Houndoom Mega Redux,幽灵,幽灵,75,115,60,125,120,135,惊喜！ / 烟雾机动 / 血价,作祟的魂魄 / 唱反调 / 炼狱,16,35,0,0,"In a Houndoom pack, the one with its horns raked sharply back serves a leadership role. They choose their leader by fighting among themselves."
2155,超级雪妖女X,Froslass Mega X,冰,幽灵,70,70,120,130,120,90,拒绝 / 察觉 / 虚无一击,永恒之花 / 冰窟地带 / 北极光,33,50,0,0,"When it finds people or Pokémon it likes, it freezes them and takes them to its chilly den, where they become its decorations."
2156,超级胖可丁X,Wigglytuff Mega X,格斗,妖精,120,133,45,100,40,135,狂暴突袭 / 机会主义者 / 胆量,气球突击 / 格斗专家 / 不服输,35,42,0,0,Its fur is the ultimate in luxuriousness. Sleeping alongside a Wigglytuff is simply divine. Its body expands seemingly without end when it inhales.
2157,盾甲茧-原始回归,Cascoon Primal,虫,虫,121,121,121,121,121,121,天使之怒 / 天使之怒 / 天使之怒,变色 / 坚不可摧 / 适应力,4,15,0,0,"To avoid detection by its enemies, it hides motionlessly beneath large leaves and in the gaps of branches. It also attaches dead leaves to its body for camouflage."
2158,超级胖可丁Y,Wigglytuff Mega Y,火,妖精,120,90,55,140,108,60,燃烧 / 临界点 / 魔法防守,气球炸弹 / 献祭 / 毛皮大衣,35,42,0,0,Its fur is the ultimate in luxuriousness. Sleeping alongside a Wigglytuff is simply divine. Its body expands seemingly without end when it inhales.
2159,超级路卡利欧Z,Lucario Mega Z,格斗,钢,70,100,70,164,70,151,气场铠甲 / 气场铠甲 / 气场铠甲,偏斜 / 超级发射器 / 精神力,31,46,0,0,"It understands human speech. It is said that no foe can remain invisible to Lucario, since it can detect Auras. Even foes it could not otherwise see."
2160,超级死灵暴龙X,Gyaradeath Mega X,幽灵,火,95,140,109,70,120,106,火鳞 / 地狱之怒 / 飘渺冲刺,飘浮 / 火葬柴堆 / 噬魂,27,44,0,0,
2161,超级死灵暴龙Y,Gyaradeath Mega Y,幽灵,超能,95,110,90,140,69,136,精神制造者 / 傲慢 / 神秘力量,幻影防守 / 生命偷取 / 飘浮,27,44,0,0,
2162,超级阿柏怪,Arbok Mega,毒,恶,90,130,94,135,94,65,模式切换 / 石化 / 神经毒素,狙击手 / 不仁不义 / 响尾蛇,30,36,0,0,"This Pokémon has a terrifically strong constricting power. It can even flatten steel oil drums. Once it wraps its body around its foe, escaping is impossible."
2163,超级仆刀将军R,Kingambit Mega,格斗,钢,90,135,100,85,105,135,横扫利刃 / 巨钳 / 技术高手,双持 / 威吓 / ¡Olé!,20,30,0,0,"Though it commands a massive army in battle, it's not skilled at devising complex strategies. It just uses brute strength to keep pushing."
2164,超级具甲武者,Golisopod Mega,虫,钢,75,150,175,70,120,40,毁灭者 / 毁灭者 / 毁灭者,连续攻击 / 防弹 / 电气皮肤,26,33,0,0,"It battles skillfully with its six arms, with a flashing slash of its giant sharp claws, it cleaves seawater--or even air--right in two."
2165,超级烈焰马,Rapidash Mega,火,电,85,130,100,95,100,130,舍身 / 涡轮火焰 / 硬化鞘,加速 / 弧光闪烁 / 速度之力,21,32,0,0,"It usually canters casually in the fields and plains. But once a Rapidash turns serious, its fiery manes flare and blaze as it gallops its way up to 150 mph."
2166,超级烈焰马-伽勒尔,Rapidash Mega Galarian,超能,妖精,85,105,90,122,90,148,神秘刀锋 / 光辉 / 棱镜装甲,独角兽 / 能量角 / 速度之力,22,34,0,0,"It usually canters casually in the fields and plains. But once a Rapidash turns serious, its fiery manes flare and blaze as it gallops its way up to 150 mph."
2167,超级花舞鸟,Oricorio Mega,飞行,飞行,75,70,90,138,90,133,舞者 / 恶作剧之心 / 两步,光谱 / 空中飞人 / 天恩,27,42,0,0,"Oricorio can change its body by sipping different coloured nectar. It's enemies' hearts melt at the sight of its varying, beautiful dances."
2168,超级坚盾剑怪R,Aegislash Mega,格斗,幽灵,70,200,200,20,40,70,肾上腺素冲击 / 厄运 / 烟雾机动,影子游戏 / 双持 / 战斗切换,20,32,0,0,"Generations of kings were attended to by these Pokémon, which used their spectral power to manipulate and control people and Pokémon."
2169,超级坚盾剑怪R-刀剑形态,Aegislash Blade Redux Mega,格斗,幽灵,70,20,40,200,200,70,肾上腺素冲击 / 厄运 / 烟雾机动,影子游戏 / 神话之箭 / 战斗切换,20,32,0,0,"Generations of kings were attended to by these Pokémon, which used their spectral power to manipulate and control people and Pokémon."
2170,超级人造细胞卵R,Reuniclus Mega,火,水,110,125,105,165,105,30,元素漩涡 / 元素漩涡 / 元素漩涡,火焰气泡 / 发光 / 大灾变,16,32,0,0,"They use psychic power to control their arms, which are made of a special liquid. When Reuniclus shake hands, a network forms between their brains."
2171,超级三首恶龙R,Hydreigon Mega,妖精,龙,100,105,130,165,130,70,超级发射器 / 天恩 / 迷人之躯,永恒祝福 / 多头龙 / 光辉,23,47,0,0,This brutal Pokémon travels the skies on its six wings. The heads on their arms do not have brains. They use all three heads to consume and destroy everything.
2172,超级玉米蛾,Cormoth Mega,草,草,95,70,135,100,135,65,草之皮毛 / 奉承 / 防尘,自给自足 / 大叶子 / 播种者,16,30,0,0,
2173,超级爆米花,Popcorm Mega,草,火,95,120,60,110,100,115,奉承 / 太阳之力 / 技术高手,蓬松 / 连续攻击 / 飘浮,19,33,0,0,
2174,超级土台龟R,Torterra Redux Mega,飞行,电,95,149,184,85,85,37,巨翼 / 巨翼 / 巨翼,海洋霸主 / 硬壳盔甲 / 坚不可摧,22,38,0,0,"Some Pokémon are born on a Torterra's back and spend their entire life there. Ancient people imagined that beneath the ground, a gigantic Torterra dwelled."
2175,超级烈焰猴R,Infernape Redux Mega,水,格斗,76,135,90,105,95,134,闪电拳手 / 潮汐冲击 / 不服输,尼卡 / 狂暴拳手 / 激流,25,30,0,0,Its crown of fire is indicative of its fiery nature. It uses a special kind of martial arts involving all of its limbs to take on any opponent.
2176,超级帝王拿波R,Empoleon Redux Mega,火,冰,84,88,80,141,111,131,霜焰 / 霜焰 / 霜焰,亲子爱 / 热力占卜 / 热滑,23,37,0,0,"The three horns that extend from its beak attest to its power. It avoids unnecessary disputes, but it will decimate anything that threatens its pride."
2177,超级甜冷美后R,Tsareena Mega,超能,妖精,68,62,100,140,130,130,充气 / 巨响 / 恶作剧之心,水泡 / 扩音器 / 女王威严,18,36,0,0,"Its long, striking legs aren't just for show but to be used to kick with skill. In victory, it shows off by kicking the defeated, laughing boisterously."
2178,超级颤弦蝾螈R,Toxtricity Mega,电,恶,80,70,115,139,80,118,独奏穿刺 / 独奏穿刺 / 独奏穿刺,金属化 / 力量金属 / 低音增强,20,38,0,0,"When this Pokémon sounds as if it's strumming a guitar, it's actually clawing at the protrusions on its chest to generate electricity."
2179,超级颤弦蝾螈R-鬈发,Toxtricity Redux Fuzz Mega,电,恶,80,70,80,139,115,118,厚重低音 / 厚重低音 / 厚重低音,幻影 / 女妖 / 低音增强,20,38,0,0,"When this Pokémon sounds as if it's strumming a guitar, it's actually clawing at the protrusions on its chest to generate electricity."
2180,超级沙漠蜻蜓R,Flygon Redux Mega,冰,虫,80,130,85,130,90,125,拨雪 / 白茫茫 / 有色眼镜,龙飞 / 雪之怒 / 毛茸茸,32,24,0,0,"The flapping of its wings sounds like singing. To prevent detection by enemies, it hides itself by flapping up a cloud of desert sand."
2181,超级皮可西R,Clefable Mega,岩石,岩石,95,55,103,140,120,95,月之亲和 / 天恩 / 岩石载荷,坚硬岩石 / 棱镜装甲 / 月之魂,18,38,0,0,"A Clefable uses its wings to skip lightly as if it were flying. Its bouncy step lets it even walk on water. On quiet, moonlit nights, it strolls on lakes."
2182,超级冰鬼护R,Glalie Redux Mega,恶,格斗,90,120,110,80,110,90,嗜血 / 嗜血 / 嗜血,怒穴 / 战斗气场 / 恶兆,32,43,0,0,A Glalie has the power to instantaneously freeze moisture in the atmosphere. A dazzling cloud of diamondlike ice crystals forms around its body.
2183,超级雪妖女R,Froslass Mega,恶,幽灵,70,120,90,70,120,130,血之烙印 / 血之烙印 / 血之烙印,血渍 / 双持 / 下流打击,29,49,0,0,"When it finds people or Pokémon it likes, it freezes them and takes them to its chilly den, where they become its decorations."
2184,超级精灵蜂,Amphybuzz Mega,虫,妖精,110,95,105,155,110,55,后之哀 / 女王威严 / 破格,威严之翼 / 毛茸茸 / 漂亮公主,22,29,0,0,They scent their honeycombs using the pollen of many flowers. They recognize each other at a distance by their aromas.
2185,超级武道熊师,Urshifu Mega,格斗,恶,100,200,120,60,70,110,精密之道 / 精密之道 / 精密之道,最终一击 / 格斗专家 / 自命不凡,19,35,0,0,This form of Urshifu is a strong believer in the one-hit KO. Its strategy is to leap in close to foes and land a devastating blow with a hardened fist.
2186,超级武道熊师-连击流,Urshifu Rapid Strike Style Mega,格斗,水,90,170,100,70,80,150,迅捷之道 / 迅捷之道 / 迅捷之道,最终一击 / 格斗专家 / 技术高手,19,35,0,0,This form of Urshifu is a strong believer in the one-hit KO. Its strategy is to leap in close to foes and land a devastating blow with a hardened fist.
2187,超级美录梅塔,Melmetal Mega,钢,钢,135,183,183,110,65,24,原子拳 / 原子拳 / 原子拳,铁巨人 / 钢魂 / 电晶体,20,37,0,0,"Revered long ago for its capacity to create iron from nothing, for some reason it has come back to life after 3,000 years."
2188,超级妙蛙花X,Venusaur Mega X,草,毒,90,125,130,100,130,60,能量虹吸 / 能量虹吸 / 能量虹吸,森林之怒 / 鞭打 / 远隔,29,42,0,0,Venusaur's flower is said to take on vivid colors if it gets plenty of nutrition and sunlight. The flower's aroma soothes the emotions of people.
2189,超级水箭龟X,Blastoise Mega X,水,钢,84,145,125,113,120,48,不屈之盾 / 不屈之盾 / 不屈之盾,激流 / 硬壳盔甲 / 连续攻击,29,45,0,0,The waterspouts that protrude from its shell are highly accurate. Their bullets of water can precisely nail tin cans from a distance of over 160 feet.
2190,超级耿鬼X,Gengar Mega X,幽灵,毒,65,155,100,70,100,115,影子游戏 / 幻痛 / 强壮之颚,突然惊吓 / 杀戮之颚 / 威吓局势,30,49,0,0,"Deep in the night, your shadow cast by a streetlight may suddenly overtake you. It is actually a Gengar running past you, pretending to be your shadow."
2191,超级喷火龙Z,Charizard Mega Z,火,火,79,94,113,144,120,85,野火 / 野火 / 野火,地狱烈焰 / 火鳞 / 火焰盾,26,40,0,0,"A Charizard flies about in search of strong opponents. It breathes intense flames that can melt any material. However, it will never torch a weaker foe."
2192,超级卡比兽,Snorlax Mega,一般,草,160,130,65,95,160,30,原木 / 茂密丛林 / 绝对睡眠,自我修复 / 厚脂肪 / 坚不可摧,31,40,0,0,Snorlax's typical day consists of nothing more than eating and sleeping. It is such a docile Pokémon that there are children who use its big belly as a place to play.
2193,超级轰擂金刚猩,Rillaboom Mega,草,草,100,150,105,105,110,65,韵律 / 远隔 / 草之皮毛,森林之怒 / 更高阶层 / 播种者,21,31,0,0,"By drumming, it taps into the power of its special tree stump. The roots of the stump follow its direction in battle."
2194,超级闪焰王牌,Cinderace Mega,火,火,80,145,90,95,85,140,神枪手 / 涡轮火焰 / 不服输,地狱烈焰 / 前锋 / 自由者,19,29,0,0,"It juggles a pebble with its feet, turning it into a burning soccer ball. Its shots strike opponents hard and leave them scorched."
2195,超级千面避役,Inteleon Mega,水,水,75,125,70,150,70,145,神枪手 / 终端速度 / 超幸运,激流 / 自命不凡 / 狙击手,22,40,0,0,"It has many hidden capabilities, such as fingertips that can shoot water and a membrane on its back that it can use to glide through the air."
2196,超级钢铠鸦,Corviknight Mega,飞行,钢,98,68,110,117,145,57,察觉 / 吹气筒 / 坚不可摧,风怒 / 铬涂层 / 镜甲,22,41,0,0,This Pokémon reigns supreme in the skies of the Galar region. The black luster of its steel body could drive terror into the heart of any foe.
2197,超级暴噬龟,Drednaw Mega,水,龙,90,145,120,78,68,84,登山者 / 龙颚 / 松散岩石,远隔 / 岩石载荷 / 原始颚,21,35,0,0,"With jaws that can shear through steel rods, this highly aggressive Pokémon chomps down on its unfortunate prey."
2198,超级巨炭山,Coalossal Mega,岩石,火,110,100,100,140,140,40,食土 / 食土 / 食土,蒸汽机 / 岩石载荷 / 焦油投掷,27,37,0,0,"It's usually peaceful, but the vandalism of mines enrages it. Offenders will be incinerated with flames that reach 2,700 degrees Fahrenheit."
2199,超级沙螺蟒,Sandaconda Mega,地面,飞行,72,70,135,142,85,106,挖沙 / 沙之力 / 炮术,沙丘恐惧 / 飞行皮肤 / 超级发射器,22,36,0,0,"When it contracts its body, over 220 pounds of sand sprays from its nose. If it ever runs out of sand, it becomes disheartened."
2200,超级大王铜象,Copperajah Mega,钢,钢,122,160,109,80,109,20,后攻 / 食草 / 不断生长的牙齿,钢魂 / 主宰 / 战斗盔甲,30,32,0,0,They came over from another region long ago and worked together with humans. Their green skin is resistant to water.
2201,超级布莉姆温,Hatterene Mega,超能,妖精,57,110,95,166,133,49,狂怒女神 / 狂怒女神 / 狂怒女神,妖精皮肤 / 魔法镜 / 超能之心,23,48,0,0,It emits psychic power strong enough to cause headaches as a deterrent to the approach of others.
2202,超级灰尘山,Garbodor Mega,毒,钢,80,130,102,95,127,60,恒久 / 恶臭 / 坚壁,注意脚下 / 钢能力士 / 垃圾堆,30,41,0,0,"Beware the poisonous liquid it shoots from its right arm. If even a little of it gets on you, you'll experience the full effects of this unidentified toxin."
2203,超级以欧路普,Orbeetle Mega,虫,超能,60,65,130,120,150,100,能量点 / 精神制造者 / 魔法镜,天赋异禀 / 魔法粉 / 有色眼镜,18,37,0,0,"It's famous for its high level of intelligence, and the large size of its brain is proof that it also possesses immense psychic power."
2204,超级长毛巨魔,Grimmsnarl Mega,恶,妖精,95,140,75,110,105,85,恐惧散布者 / 恐惧散布者 / 恐惧散布者,毛皮大衣 / 恶作剧之心 / 纤巧脚尖,25,33,0,0,"With the hair wrapped around its body helping to enhance its muscles, this Pokémon can overwhelm even Machamp."
2205,超级焚焰蚣,Centiskorch Mega,火,虫,100,165,90,85,90,95,登山者 / 烈焰之颚 / 屠龙者,盘卷 / 极度好战 / 熔解,17,24,0,0,"When it heats up, its body temperature reaches about 1,500 degrees Fahrenheit. It lashes its body like a whip and launches itself at enemies."
2206,超级霜奶仙,Alcremie Mega,妖精,妖精,75,80,80,140,146,84,自然回复 / 好烤的身体 / 薄雾制造者,毛茸茸 / 超热黏胶 / 自给自足,17,31,0,0,"When it trusts a Trainer, it will treat them to berries it's decorated with cream."
2207,超级颤弦蝾螈,Toxtricity Mega,电,毒,75,82,90,144,90,121,惊愕冲击 / 惊愕冲击 / 惊愕冲击,污泥混合 / 扩音器 / 噪音消除,20,32,0,0,"When this Pokémon sounds as if it's strumming a guitar, it's actually clawing at the protrusions on its chest to generate electricity."
2208,超级搭档皮卡丘,Pikachu Mega,电,电,50,85,65,135,80,120,大地冲击 / 过载 / 发光,大力士 / 厚脂肪 / 海洋霸主,26,36,0,0,"It stores electricity in the electric sacs on its cheeks. When it releases pent-up energy in a burst, the electric power is equal to a lightning bolt."
2209,超级搭档伊布,Eevee Mega,一般,一般,65,125,65,120,110,50,恶作剧之心 / 胆量 / 友情防守,变幻自如 / 一本正经 / 最毛茸茸,20,28,0,0,An Eevee has an unstable genetic makeup that suddenly mutates due to its environment. Radiation from various Stones causes this Pokémon to evolve.
2210,超级搭档喵喵,Meowth Mega,一般,一般,50,140,75,85,60,125,黄金之躯 / 更高阶层 / 胆量,潜行 / 神秘力量 / 瑜伽之力,28,36,0,0,"Meowth withdraw their sharp claws into their paws to silently sneak about. For some reason, this Pokémon loves shiny coins that glitter with light."
2213,超级玛狃拉,Weavile Mega,恶,冰,70,135,85,80,85,155,极度好战 / 狂暴突袭 / 技术高手,压迫感 / 掠食者 / 硬爪,21,35,0,0,"They travel in groups of four or five, leaving signs for one another on trees and rocks. They bring down their prey with coordinated attacks."
2214,超级君主蛇,Serperior Mega,草,龙,83,87,125,90,125,125,惊吓 / 龙颚 / 唱反调,森林之怒 / 王室敕令 / 多重鳞片,27,40,0,0,"They raise their heads to intimidate foes, but only give it their all when fighting powerful opponents who are not fazed by the glare from its noble eyes."
2215,超级炎武王,Emboar Mega,火,格斗,110,148,75,110,110,82,摔跤表演家 / 摔跤表演家 / 摔跤表演家,地狱烈焰 / 蒸发 / 蛮力,30,39,0,0,It is adept at using many different moves. It can throw a fire punch by setting its fists on fire with its fiery chin. It cares deeply about its friends.
2216,超级大剑鬼,Samurott Mega,水,格斗,95,120,100,120,100,100,神秘刀锋 / 悠游自如 / 凶手,激流 / 双持 / 肾上腺素冲击,24,42,0,0,One swing of the seamitars attached to its armor can fell an opponent. A simple glare from one of them is enough to intimidate most enemies.
2217,超级狙射树枭,Decidueye Mega,草,幽灵,78,127,75,100,90,165,猎人印记 / 猎人印记 / 猎人印记,森林之怒 / 超级狙击手 / 弓箭手,28,40,0,0,"Decidueye is cool and cautious. It fires arrow quills from its wings with such precision, they can pierce a pebble at distances of over a hundred yards."
2218,超级狙射树枭-洗翠,Decidueye Hisuian Mega,草,格斗,90,150,100,80,90,125,拳跆双修 / 拳跆双修 / 拳跆双修,角斗士 / 格斗专家 / 空气动力学,26,39,0,0,"Decidueye is cool and cautious. It fires arrow quills from its wings with such precision, they can pierce a pebble at distances of over a hundred yards."
2219,超级炽焰咆哮虎,Incineroar Mega,火,恶,100,135,110,100,110,80,冠军登场 / 冠军登场 / 冠军登场,地狱烈焰 / 格斗专家 / 弃心,30,41,0,0,"This Pokémon has a violent, selfish disposition. If it's not in the mood to listen, it will ignore its Trainer's orders with complete nonchalance."
2220,超级魔幻假面喵,Meowscarada Mega,草,恶,81,140,70,121,70,153,欺诈魔术师 / 欺诈魔术师 / 欺诈魔术师,森林之怒 / 变幻自如 / 远隔,26,40,0,0,"This Pokémon uses the reflective fur lining its cape to camouflage the stem of its flower, creating the illusion that the flower is floating."
2221,超级西狮海壬,Primarina Mega,水,妖精,80,104,94,146,141,70,急板 / 急板 / 急板,激流 / 湿润之声 / 储水,21,40,0,0,It controls its water balloons with song. The melody is learned from others of its kind and is passed down from one generation to the next.
2222,超级狂欢浪舞鸭,Quaquaval Mega,水,格斗,85,140,115,85,95,115,角斗士 / 角斗士 / 角斗士,激流 / 自信过度 / 桑巴,18,33,0,0,A single kick from a Quaquaval can send a truck rolling. This Pokémon uses its powerful legs to perform striking dances from far-off lands.
2223,超级大剑鬼-洗翠,Samurott Hisuian Mega,水,恶,90,148,90,120,75,112,无情 / 无情 / 无情,激流 / 硬壳盔甲 / 剑术大师,24,42,0,0,One swing of the seamitars attached to its armor can fell an opponent. A simple glare from one of them is enough to intimidate most enemies.
2224,超级骨纹巨声鳄,Skeledirge Mega,火,幽灵,104,95,120,130,100,86,女妖 / 女妖 / 女妖,地狱烈焰 / 烈焰之魂 / 扩音器,25,29,0,0,It compresses rock salt inside its body and shoots out hardened salt pellets with enough force to perforate an iron sheet.
2225,超级火暴兽-洗翠,Typhlosion Hisuian Mega,火,幽灵,93,89,101,145,108,99,灵魂吞噬者 / 灵魂吞噬者 / 灵魂吞噬者,地狱烈焰 / 早夭 / 复仇之魂,30,36,0,0,It can hide behind a shimmering heat haze that it creates using its intense flames. Typhlosion create blazing explosive blasts that burn everything to cinders.
2226,超级师父鼬,Mienshao Mega,格斗,飞行,65,150,65,150,65,115,空气动力学 / 空气动力学 / 空气动力学,格斗专家 / 再生力 / 气功,27,45,0,0,They use the long fur on their arms as a whip to strike their opponents. Its arm attacks come with such rapidity that they cannot even be seen.
2227,超级风速狗,Arcanine Mega,火,火,90,145,100,135,100,130,硬爪 / 硬爪 / 硬爪,看门狗 / 火焰外套 / 献祭,31,35,0,0,"This fleet-footed Pokémon is said to run over 6,200 miles in a single day and night. The fire that blazes wildly within its body is its source of power."
2228,超级黏美龙,Goodra Mega,龙,龙,90,125,85,140,170,90,毒吸收 / 防尘 / 降雨,酸性黏液 / 食草 / 硬壳盔甲,28,45,0,0,"It gets picked on because it's meek. But then, whoever teased it gets to feel the full force of its horns and a good swatting from its thick tail."
2229,超级呆壳兽-伽勒尔,Slowbro Mega Galarian,毒,超能,95,150,110,150,70,15,纯朴 / 炮术 / 再生力,枪手 / 速击 / 后攻,23,48,0,0,"Its tail has a Shellder firmly attached with a bite. As a result, the tail can't be used for fishing anymore. This forces it to reluctantly swim and catch prey."
2230,超级呆呆王-伽勒尔,Slowking Mega Galarian,毒,超能,95,70,110,135,150,30,毒吸收 / 分析 / 纯朴,扭曲心灵 / 硬壳盔甲 / 恒久,23,48,0,0,"It undertakes research every day to solve the mysteries of the world. However, it apparently forgets everything if the Shellder on its head comes off."
2231,超级罗丝雷朵,Roserade Mega,草,毒,60,145,70,145,90,125,技术高手 / 玫瑰园 / 腐蚀,昼夜平分 / 不仁不义 / 远隔,31,39,0,0,"Its sweet aroma attracts prey. With the movements of a dancer, it strikes with whips that are densely lined with poison thorns."
2232,超级土王,Clodsire Mega,毒,地面,130,145,110,95,110,25,奇迹皮肤 / 纯朴 / 毒棘,毒沼制造者 / 储水 / 毒刺,17,35,0,0,"When attacked, this Pokémon will retaliate by sticking thick spines out from its body. It's a risky move that puts everything on the line."
2233,超级哥德小姐,Gothitelle Mega,超能,恶,80,80,120,130,150,80,精神污染 / 宇宙迷乱 / 厄运,狂化增强 / 魔法防守 / 低能见度,30,50,0,0,"Starry skies thousands of light-years away are visible in the space distorted by their intense psychic power. When it learns its Trainer's life span, it cries in sadness."
2234,超级风速狗-洗翠,Arcanine Hisuian Mega,火,岩石,90,140,110,110,110,140,硬爪 / 硬爪 / 硬爪,坚硬脑袋 / 熔岩外套 / 舍身,31,37,0,0,"This fleet-footed Pokémon is said to run over 6,200 miles in a single day and night. The fire that blazes wildly within its body is its source of power."
2235,超级人造细胞卵,Reuniclus Mega,超能,超能,110,135,105,135,125,30,魔法之拳 / 活力 / 铁拳,超能之心 / 液化 / 魔法防守,25,40,0,0,"They use psychic power to control their arms, which are made of a special liquid. When Reuniclus shake hands, a network forms between their brains."
2236,水跃鱼R,Kipmodo,龙,毒,50,61,53,39,42,70,纯朴 / 龙颚 / 不仁不义,两栖 / 剧毒之触 / 我行我素,22,43,0,0,"On land, it can powerfully lift large boulders by planting its four feet and heaving. It sleeps by burying itself in soil at the water's edge."
2237,沼跃鱼R,Marshmodo,龙,毒,65,85,65,45,63,97,再生力 / 生物膜 / 纯朴,两栖 / 剧毒之触 / 胆小,29,43,0,0,"Its toughened hind legs enable it to stand upright. Because it weakens if its skin dries out, it replenishes fluids by playing in mud."
2238,巨沼怪R,Swampage,龙,毒,95,115,75,60,73,117,再生力 / 肾上腺素冲击 / 污泥喷吐,两栖 / 剧毒之触 / 硬爪,32,47,0,0,"If it senses the approach of a storm and a tidal wave, it protects its seaside nest by piling up boulders. It swims as fast as a jet ski."
2239,超级巨沼怪R,Swampage Mega,龙,毒,95,143,98,112,95,92,沼泽生物 / 沼泽生物 / 沼泽生物,两栖 / 毒沼制造者 / 硬爪,32,47,0,0,"If it senses the approach of a storm and a tidal wave, it protects its seaside nest by piling up boulders. It swims as fast as a jet ski."
2240,超级水晶灯火灵X,Chandelure Mega X,幽灵,火,80,65,100,190,115,90,友情防守 / 火焰盾 / 地狱烈焰,自由式摔跤 / 多头龙 / 火焰之躯,17,38,0,0,"Being consumed in Chandelure's flame burns up the spirit, leaving the body behind. By waving the flames on its arms, it puts its foes into a hypnotic trance."
2241,超级闪电鸟,Zapdos Mega,电,飞行,90,110,85,155,110,150,超级单体 / 超级单体 / 超级单体,闪电形态 / 疾风之翼 / 静电,17,37,0,0,Zapdos is a legendary bird Pokémon that has the ability to control electricity. It usually lives in thunderclouds. It gains power if it is stricken by lightning bolts.
2242,超级急冻鸟,Articuno Mega,冰,飞行,90,85,130,125,150,120,冰羽 / 冰羽 / 冰羽,熔核 / 寒冬王座 / 南极鸟,19,47,0,0,"Articuno is a legendary bird Pokémon that can control ice. The flapping of its wings chills the air. As a result, it is said that when this Pokémon flies, snow will fall."
2243,超级火焰鸟,Moltres Mega,火,飞行,90,100,95,200,95,120,火焰形态 / 火焰形态 / 火焰形态,灼日 / 极光之风 / 华贵之鸟,21,40,0,0,"Moltres is a legendary bird Pokémon that can control fire. If injured, it is said to dip its body in the molten magma of a volcano to burn and heal itself."
2244,闪电鸟-Ex,Zapdos Ex,电,飞行,90,90,85,135,90,110,过载 / 疾风之翼 / 降雨,蓄电 / 大地冲击 / 静电,17,37,0,0,Zapdos is a legendary bird Pokémon that has the ability to control electricity. It usually lives in thunderclouds. It gains power if it is stricken by lightning bolts.
2245,急冻鸟-Ex,Articuno Ex,冰,飞行,90,85,110,95,135,85,北风 / 降雪 / 冰鳞粉,南极鸟 / 华贵之鸟 / 永冻土,19,47,0,0,"Articuno is a legendary bird Pokémon that can control ice. The flapping of its wings chills the air. As a result, it is said that when this Pokémon flies, snow will fall."
2246,火焰鸟-Ex,Moltres Ex,火,飞行,90,100,90,125,85,90,吹气筒 / 烈焰之魂 / 干旱,引火 / 熔解 / 火焰占卜,21,40,0,0,"Moltres is a legendary bird Pokémon that can control fire. If injured, it is said to dip its body in the molten magma of a volcano to burn and heal itself."
2247,泡沫栗鼠R,Minccino Redux,冰,妖精,50,30,40,55,45,80,粉彩护幕 / 好胜 / 愧疚,冻结点 / 幽灵魂化 / 天恩,15,32,0,0,"These Pokémon prefer a tidy habitat. They greet one another by rubbing each other with their tails, which are always kept well groomed and clean."
2248,奇诺栗鼠R,Cinccino Redux,冰,妖精,65,60,80,95,75,95,友情防守 / 恶作剧之心 / 冰冻之躯,幽灵魂化 / 防尘 / 天恩,22,35,0,0,"Their white fur feels amazing to touch. Cinccino's body is coated in a special oil that repels dust and helps it deflect attacks, such as punches."
2249,冰诺栗鼠R,Frostuccino,冰,妖精,95,105,70,70,70,120,寒冰弹 / 迷人之躯 / 白茫茫,幽灵魂化 / 卷发 / 霜寒降临,24,37,0,0,"Their white fur feels amazing to touch. Cinccino's body is coated in a special oil that repels dust and helps it deflect attacks, such as punches."
2250,来悲茶R,Sinistea Redux,幽灵,龙,45,74,60,30,64,35,龙之士气 / 防尘 / 复仇,诅咒之躯 / 柔软 / 斗争精神,23,40,0,0,"This Pokémon is said to have been born when a lonely spirit possessed a cold, leftover cup of tea."
2251,怖思壶R,Polteageist Redux,幽灵,龙,80,134,85,45,114,50,压制 / 防尘 / 远隔,战争贩子 / 柔软 / 斗争精神,31,44,0,0,"This species lives in antique teapots. Most pots are forgeries, but on rare occasions, an authentic work is found."
2252,走鲸R,Cetoddle Redux,钢,钢,60,58,78,30,46,62,掠食者 / 伐木工 / 巨钳,怪物猎人 / 钢能力士 / 女皇,21,24,0,0,This species left the ocean and began living on land a very long time ago. It seems to be closely related to Wailmer.
2253,浩大鲸R,Cetitan Redux,钢,恶,80,89,120,62,80,90,锐利刀刃 / 伐木工 / 深割,怪物猎人 / 血价 / 女皇,30,29,0,0,"Ice energy builds up in the horn on its upper jaw, causing the horn to reach cryogenic temperatures that freeze its surroundings."
2254,超级烈箭鹰,Talonflame Mega,火,飞行,78,121,91,89,94,126,土豆泥 / 土豆泥 / 土豆泥,极度好战 / 掠食者 / 健壮胸肌,24,37,0,0,"In the fever of an exciting battle, it showers embers from the gaps between its feathers and takes to the air. It finishes its prey off with a colossal kick."
2255,超级大钢蛇R,Carbonix Mega,岩石,龙,75,55,105,145,230,20,沙漠披风 / 坚不可摧 / 食土,水晶铠甲 / 神秘力量 / 适应力,29,48,0,0,"There is a magnet in its brain that prevents an Onix from losing direction while tunneling. As it grows older, its body becomes steadily rounder and smoother."
2256,洛托姆R-岩,Grotom Glass,毒,岩石,70,110,107,65,107,71,锋利的边缘 / 深割 / 轻装,储水 / 恒净之躯 / #1033,36,39,0,0,"Research continues on this Pokémon. Its electric-like body can enter some kinds of machines and take control, in order to make mischief."
2257,洛托姆R-地,Grotom Roll,毒,地面,70,110,107,65,107,71,充气 / 加速 / 尘云,储水 / 我们滚吧 / #1033,36,39,0,0,"Research continues on this Pokémon. Its electric-like body can enter some kinds of machines and take control, in order to make mischief."
2258,洛托姆R-钢,Grotom Drum,毒,钢,70,110,107,65,107,71,坚壁 / 金属防护 / 主宰,储水 / 铅衣 / 黏滑,36,39,0,0,"Research continues on this Pokémon. Its electric-like body can enter some kinds of machines and take control, in order to make mischief."
2259,洛托姆R-斗,Grotom Kick,毒,格斗,70,110,107,65,107,71,回旋踢 / 胆量 / 飞毛腿,储水 / 前锋 / #1033,37,39,0,0,"Research continues on this Pokémon. Its electric-like body can enter some kinds of machines and take control, in order to make mischief."
2260,洛托姆R-恶,Grotom Fill,毒,恶,70,110,107,65,107,71,甩不掉的 / 贪吃鬼 / 恶臭,储水 / 防尘 / #1033,36,39,0,0,"Research continues on this Pokémon. Its electric-like body can enter some kinds of machines and take control, in order to make mischief."
2261,超级赫拉克罗斯R,Heracreus Mega,草,妖精,75,120,130,75,110,90,毒冠 / 双持 / 草之皮毛,火龙果 / 昼夜平分 / 尖刺盔甲,22,39,0,0,Hi i use this for implementing.
2262,弱丁虫-虫群的样子,Wispywaspy Hivemind,虫,幽灵,50,130,120,130,115,75,鳞粉 / 早夭 / 惊喜！,蝗群 / 幻影防守 / 饥荒诅咒,0,10,0,0,"When it's in trouble, its eyes moisten and begin to shine. The shining light attracts its comrades, and they stand together against their enemies."
2263,超级多龙巴鲁托,Dragapult Mega,龙,幽灵,88,125,93,125,93,176,模糊 / 加速 / 规避,亲子爱 / 穿透 / 3马赫,26,45,0,0,"When it isn't battling, it keeps Dreepy in the holes on its horns. Once a fight starts, it launches the Dreepy like supersonic missiles."
2264,超级穿山王-阿罗拉,Sandslash Alolan Mega,冰,钢,95,125,135,55,75,85,白茫茫 / 永冻土 / 注意脚下,龙首藻 / 战斗盔甲 / 锋利的边缘,22,39,0,0,It curls up in a ball to protect itself from enemy attacks. It also curls up to prevent heatstroke during the daytime when temperatures rise sharply.
2265,超级劈斧螳螂,Kleavor Mega,虫,岩石,70,165,130,65,75,95,矿化 / 凶手 / 遗石,石匠 / 双持 / 技术高手,18,42,0,0,"A violent creature that fells towering trees with its crude axes and shields it self with hard stone. Should you chance upon this Pokémon in the wilds, run."
2266,超级飞天螳螂,Scyther Mega,虫,飞行,70,130,80,125,80,115,飞行皮肤 / 神秘刀锋 / 速击,完美主义者 / 边缘领主 / 技术高手,18,35,0,0,Its blindingly fast speed adds to the sharpness of its twin forearm scythes. The scythes can slice through thick logs in one wicked stroke.
2267,超级三首恶龙,Hydreigon Mega,恶,龙,92,115,123,165,90,115,冰镐 / 冰镐 / 冰镐,圣代 / 精神咬碎 / 不仁不义,27,37,0,0,This brutal Pokémon travels the skies on its six wings. The heads on their arms do not have brains. They use all three heads to consume and destroy everything.
2268,超级双倍多多冰,Vanilluxe Mega,冰,冰,71,110,115,145,105,105,雪隐 / 冰川之怒 / 镜甲,多头龙 / 锤拳 / 拨雪,14,41,0,0,"Each of its two heads has a brain, and when they are in agreement, it attacks its enemies by exhaling a violent blizzard. It makes snow clouds inside its body."
2269,五地鼠-阿罗拉,Pentadug Alolan,地面,钢,95,120,90,55,75,90,同台共演 / 松散岩石 / 钢能力士,多头龙 / 钢魂 / 胡子,30,36,0,0,Hi i use this for implementing.
2270,小拉达R,Rattata Redux,毒,毒,35,66,40,20,30,62,活力 / 愤怒穴位 / 掠夺者,剧毒之触 / 恶臭 / 胆量,19,35,0,0,"A Rattata is cautious in the extreme. Even while it is asleep, it constantly moves its ears and listens for danger. It will make its nest anywhere."
2271,拉达R,Raticate Redux,毒,格斗,70,86,80,40,55,82,活力 / 愤怒穴位 / 掠夺者,剧毒之触 / 恶臭 / 胆量,24,37,0,0,"A Raticate's sturdy fangs grow steadily. To keep them ground down, it gnaws on rocks and logs. It may even chew on the walls of houses."
2272,迷你冰R,Vanillite Redux,冰,火,51,64,55,46,44,61,引火 / 冰冻之躯 / 硬壳,坚硬岩石 / 熔解 / 酥脆奶油,14,38,0,0,The temperature of their breath is -58ºF. They create snow crystals and make snow fall in the areas around them. Vanillite is treasured by households in warm regions.
2273,多多冰R,Vanillish Redux,冰,火,66,84,73,50,61,77,好烤的身体 / 冰冻之躯 / 硬壳,坚硬岩石 / 我行我素 / 酥脆奶油,23,38,0,0,"Vanillish has existed since the Ice Age. It controls particles of ice, freezes its opponents, and then shatters them with a headbutt."
2274,双倍多多冰R,Vanilluxe Redux,冰,火,91,125,100,70,90,75,好烤的身体 / 热情好客 / 糖分冲击,坚硬岩石 / 熔解 / 酥脆奶油,26,40,0,0,"Each of its two heads has a brain, and when they are in agreement, it attacks its enemies by exhaling a violent blizzard. It makes snow clouds inside its body."
2275,超级双倍多多冰R,Vanilluxe Redux Mega,冰,火,91,155,110,110,105,80,油炸 / 美食家 / 拨雪,坚硬岩石 / 黏滑 / 酥脆奶油,26,40,0,0,"Each of its two heads has a brain, and when they are in agreement, it attacks its enemies by exhaling a violent blizzard. It makes snow clouds inside its body."
2276,烛光灵R,Litwick Redux,幽灵,电,45,39,64,74,58,25,备用电源 / 蓄电 / 短路,发光 / 诅咒之躯 / 静电,20,37,0,0,"While Litwick shines a light and pretends to be a guide, it absorbs the life force of any who follow it, which becomes the fuel that it burns."
2277,灯火幽灵R,Lampent Redux,幽灵,电,72,40,64,95,64,35,备用电源 / 避雷针 / 电爆,发光 / 诅咒之躯 / 飘浮,23,38,0,0,"This ominous Pokémon is feared. Through cities it wanders, searching for the spirits of the fallen. The spirits it absorbs fuel its baleful fire."
2278,水晶灯火灵R,Chandelure Redux,幽灵,电,100,55,90,145,90,60,备用电源 / 棱镜装甲 / 发电机,发光 / 诅咒之躯 / 飘浮,28,40,0,0,"Being consumed in Chandelure's flame burns up the spirit, leaving the body behind. By waving the flames on its arms, it puts its foes into a hypnotic trance."
2279,超级水晶灯火灵R,Chandelure Mega,幽灵,电,100,75,110,165,110,80,备用电源 / 棱镜装甲 / 发电机,光辉 / 电力泄漏 / 飘浮,28,40,0,0,"Being consumed in Chandelure's flame burns up the spirit, leaving the body behind. By waving the flames on its arms, it puts its foes into a hypnotic trance."
2280,螺钉地鼠R,Drilbur Redux,龙,地面,73,63,59,32,59,42,巨钳 / 迟钝 / 旷野探险家,矿化 / 厚皮 / 胆小,13,25,0,0,It can dig through the ground at a speed of 30 mph by spinning its body. It could give a car running aboveground a good race.
2281,龙头地鼠R,Excadrill Redux,龙,地面,98,105,85,55,85,90,硬爪 / 坚硬岩石 / 战斗盔甲,铅爪 / 厚脂肪 / 龙颚,17,33,0,0,"More than 300 feet below the surface, they build mazelike nests. Their activity can be destructive to subway tunnels, but it can also help with construction."
2282,Rexcadrill,Rexcadrill,龙,地面,118,135,85,50,105,75,硬爪 / 极地毛发 / 松散岩石,#1031 / 厚脂 / 龙颚,25,33,0,0,Hi i use this for implementing.
2283,小山猪R,Swinub Redux,地面,草,45,55,45,25,45,35,食草 / 舒缓香气 / 收获,防尘 / 我行我素 / 贪吃鬼,20,37,0,0,It roots for food by rubbing its snout against the ground. Its favorite food is a mushroom that grows under dried grass. It occasionally roots out hot springs.
2284,长毛猪R,Piloswine Redux,地面,草,70,102,84,55,65,74,食草 / 草之皮毛 / 收获,防尘 / 我行我素 / 自然回复,25,40,0,0,A Piloswine is covered by a thick coat of long hair for enduring freezing cold. It uses its tusks to dig up food that has been buried under ice.
2285,象牙猪R,Mamoswine Redux,地面,草,110,120,80,70,80,70,大地束缚 / 青草制造者 / 原木,草之皮毛 / 厚脂肪 / 收获,31,43,0,0,"A frozen Mamoswine was dug from ice dating back 10,000 years. It woke up to much amazement. This Pokémon has been around for a long, long, long time."
2286,超级象牙猪R,Mamoswine Mega,地面,草,110,140,100,90,100,90,渴望 / 茂密丛林 / 原木,播种者 / 厚脂肪 / 韧性,31,43,0,0,"A frozen Mamoswine was dug from ice dating back 10,000 years. It woke up to much amazement. This Pokémon has been around for a long, long, long time."
2287,Selenumbra,Selenumbra,虫,恶,85,65,85,145,105,115,月之魂 / 暗黑气场 / 强行,幻影 / 月之怒 / 飘浮,21,33,0,0,Hi i use this for implementing.
2288,燃烧虫R,Larvesta Redux,虫,恶,45,43,52,78,92,50,发光 / 惊吓 / 游魂,幻影 / 防尘 / 夜行,14,25,0,0,This Pokémon was believed to have been born from the sun. It spews fire from its horns and encases itself in a cocoon of fire when it evolves.
2289,火神蛾R,Volcarona Redux,虫,恶,65,80,90,100,110,105,月之魂 / 月之亲和 / 游魂,幻影 / 棱镜装甲 / 飘浮,17,31,0,0,"When volcanic ash darkened the atmosphere, it appeared and saved Pokémon from freezing, Volcarona's fire provided a replacement for the sun."
2290,钥圈儿R,Klefki Redux,电,毒,77,95,71,95,77,85,蓄电 / 顺手牵羊 / 病毒,间谍软件 / 穿透 / 飘浮,26,42,0,0,These key collectors threaten any attackers by fiercely jingling their keys at them. It will sneak into people's homes to steal their keys.
2291,喇叭芽R,Bellsprout Redux,草,冰,66,46,62,46,58,42,雪隐 / 食草 / 造雾机,幻影 / 茂盛 / 永冻土,25,41,0,0,"A Bellsprout's thin and flexible body lets it bend and sway to avoid any attack, however strong it may be. From its mouth, it leaks a fluid that melts even iron."
2292,口呆花R,Weepinbell Redux,草,冰,91,70,91,47,69,42,冰冻之躯 / 食草 / 甜幕,霜冻之颚 / 恶兆 / 枯树皮,28,42,0,0,"At night, a Weepinbell hangs on to a tree branch with its hooked rear and sleeps. If it moves around in its sleep, it may wake up to find itself on the ground."
2293,大食花R,Victreebel Redux,草,冰,106,96,112,76,89,51,冰冻之躯 / 食草 / 掠食者,树液陷阱 / 厄运 / 枯树皮,32,48,0,0,"The long vine extending from its head is waved about as if it were a living thing to attract prey. When an unsuspecting victim approaches, it is swallowed whole."
2294,打击鬼R,Sawk Redux,一般,一般,95,95,75,30,75,95,一般皮肤 / 战斗盔甲 / 胆量,超幸运 / 本垒打 / 超级重击者,21,35,0,0,The sound of Sawk punching boulders and trees can be heard all the way from the mountains where they train. Disturbing their training angers them.
2295,投摔鬼R,Throh Redux,一般,一般,110,100,100,30,80,45,战斗盔甲 / 连续攻击 / 三振出局,防弹 / 岩石载荷 / 持久力,20,37,0,0,"When it tightens its belt, it becomes stronger. Wild Throh use vines to weave their own belts. It changes belts as it gets more powerful."
2296,超级大狃拉,Sneasler Mega,格斗,毒,80,155,70,65,120,120,碎裂铠甲 / 不仁不义 / 强行,岩石外表 / 铅爪 / 登山者,18,31,0,0,"Because of Sneasler's virulent poison and daunting physical prowess, no other species could hope to best it on the frozen highlands. "
2297,超级皮可西,Clefable Mega,妖精,妖精,100,60,115,115,133,85,棱镜装甲 / 奇迹皮肤 / 妖精气场,宇宙之翼 / 宇宙尘埃 / 月之魂,30,46,0,0,"A Clefable uses its wings to skip lightly as if it were flying. Its bouncy step lets it even walk on water. On quiet, moonlit nights, it strolls on lakes."
2298,超级甜冷美后,Tsareena Mega,草,格斗,72,142,108,72,108,128,不服输 / 回旋踢 / 漂亮公主,品味彩虹 / 前锋 / 致命精准,22,33,0,0,"Its long, striking legs aren't just for show but to be used to kick with skill. In victory, it shows off by kicking the defeated, laughing boisterously."
2299,超级黏美龙-洗翠,Goodra Hisuian Mega,龙,钢,80,130,140,130,160,60,黏滑 / 无关天气 / 镜甲,堡垒 / 坚不可摧 / 防弹,24,44,0,0,"It gets picked on because it's meek. But then, whoever teased it gets to feel the full force of its horns and a good swatting from its thick tail."
2300,超级铁掌力士,Hariyama Mega,格斗,格斗,144,130,100,60,100,70,不屈之心 / 斗争精神 / 坚毅,相扑守卫 / 相扑手 / 干劲,27,36,0,0,It has the habit of challenging others without hesitation to tests of strength. It's been known to stand on train tracks and stop trains using forearm thrusts.
2301,青绵鸟R,Swablu Redux,火,水,46,48,62,55,75,54,防尘 / 水幕 / 大灾变,引火 / 飘浮 / 储水,26,43,0,0,"A Pokémon that has wings like cottony clouds. After enduring winter, in which little food is available, Swablu flocks move closer to towns in the spring."
2302,七夕青鸟R,Altaria Redux,火,水,72,68,82,95,115,78,蒸发 / 水幕 / 沐日,疫病之翼 / 飘浮 / 防尘,28,46,0,0,It hums in a beautiful soprano voice. It flies among white clouds in the blue sky. It launches intensely hot fireballs from its mouth.
2303,超级七夕青鸟R,Altaria Redux Mega,火,水,72,84,102,109,155,88,蒸发 / 再生力 / 太阳之力,催眠之触 / 空中飞人 / 天恩,28,46,0,0,It hums in a beautiful soprano voice. It flies among white clouds in the blue sky. It launches intensely hot fireballs from its mouth.
2304,Eraticate,Eraticate,毒,格斗,100,122,90,50,75,71,鼠王 / 毛皮大衣 / 活力,剧毒之触 / 恶臭 / 掠夺者,27,39,0,0,Hi i use this for implementing.
2305,蛋蛋R,Exeggcute Redux,草,一般,60,56,55,54,80,20,青草制造者 / 沐日 / 恶作剧之心,原木 / 多头龙 / 孢子,27,35,0,0,"It consists of six eggs that care for each other. The eggs attract each other and spin around. When cracks increasingly appear, it is close to evolution."
2306,椰蛋树R,Exeggutor Redux,草,一般,100,60,105,130,105,30,治愈之心 / 持久力 / 泡沫网,春日仪式 / 多头龙 / 迟钝,27,35,0,0,"Originally from the tropics, Exeggutor's heads grow larger from exposure to strong sunlight. It is said that when the heads fall, they group to form an Exeggcute."
2307,Luxzero Mega,Luxzero Mega,电,冰,75,125,84,125,94,130,极度好战 / 深度冻结 / 冰晶建筑师,无瑕精准 / 毛茸茸 / 掠食者,30,44,0,0,Rumored to have been a luxray that experienced years of cryosleep in a malfunctioned capsule.
2501,变隐龙骑海狮,Kecleong,冰,一般,90,90,70,95,120,95,棱彩毛发 / 棱彩毛发 / 棱彩毛发,报应打击 / 厚脂肪 / 北风,43,62,0,0,It loves to snooze on bitterly cold ice. The sight of this Pokémon sleeping on a glacier was mistakenly thought to be a mermaid by a mariner long ago.
2502,烈焰猴R-B,Infernape Redux B,无,无,0,0,0,0,0,0,,,12,10,0,0,Its crown of fire is indicative of its fiery nature. It uses a special kind of martial arts involving all of its limbs to take on any opponent.
2503,嗡蝠R,Noibat Redux,岩石,幽灵,50,75,45,30,50,95,极度好战 / 机会主义者 / 坚硬脑袋,飘浮 / 夜行 / 复仇,16,36,0,0,"They live in pitch-black caves. Even a robust wrestler will become dizzy and unable to stand when exposed to its 200,000-hertz ultrasonic waves."
2504,音波龙R,Noivern Redux,岩石,幽灵,85,97,80,70,80,123,极度好战 / 机会主义者 / 坚硬脑袋,飘浮 / 夜行 / 复仇,22,38,0,0,They fly around on moonless nights and attack careless prey. The ultrasonic waves it emits from its ears can reduce a large boulder to pebbles.
2505,勒冰猫,Luxzero,电,冰,75,110,74,90,74,110,压迫感 / 深度冻结 / 储水,致命精准 / 毛茸茸 / 掠食者,30,44,0,0,Rumored to have been a luxray that experienced years of cryosleep in a malfunctioned capsule.
2506,钢炮臂虾R,Clawtificer,火,电,86,65,83,110,82,110,元素充能 / 元素充能 / 元素充能,冰河时代 / 飘浮 / 双持,23,41,0,0,
2507,独剑鞘R,Honedge Redux,格斗,幽灵,45,95,85,35,37,28,噬魂 / 厄运 / 穿透,横扫利刃 / 复仇 / 诅咒之躯,12,26,0,0,"If anyone dares to grab its hilt, it wraps a blue cloth around that person's arm and drains that person's life energy completely."
2508,双剑鞘R,Doublade Redux,格斗,幽灵,59,125,110,45,49,60,噬魂 / 厄运 / 穿透,横扫利刃 / 复仇 / 诅咒之躯,12,26,0,0,"When Honedge evolves, it divides into two swords. The complex attack patterns of its two swords are unstoppable, even against those skilled at swordplay."
2509,坚盾剑怪R,Aegislash Redux,格斗,幽灵,70,140,140,20,70,60,噬魂 / 厄运 / 穿透,影子游戏 / 锐利刀刃 / 战斗切换,20,32,0,0,"Generations of kings were attended to by these Pokémon, which used their spectral power to manipulate and control people and Pokémon."
2510,坚盾剑怪R-刀剑形态,Aegislash Blade Redux,格斗,幽灵,70,20,70,140,140,60,噬魂 / 厄运 / 穿透,影子游戏 / 神话之箭 / 战斗切换,20,32,0,0,"Generations of kings were attended to by these Pokémon, which used their spectral power to manipulate and control people and Pokémon."
2511,凯西R,Abra Redux,恶,恶,25,20,55,105,15,90,威吓 / 惊吓 / 不仁不义,廉价战术 / 夜行 / 厄运,12,31,0,0,A Pokémon that sleeps 18 hours a day. Observation revealed that it uses Teleport to change its location once every hour.
2512,勇基拉R,Kadabra Redux,恶,格斗,40,120,105,35,70,30,弱点利用 / 威吓 / 远隔,廉价战术 / 超级重击者 / 夜行,20,35,0,0,It is rumored that a boy with psychic abilities suddenly transformed into Kadabra while he was assisting research into extrasensory powers.
2513,胡地R,Alakazam Redux,恶,恶,55,50,95,135,45,120,仆从控制 / 弱点利用 / 威吓,廉价战术 / 神秘力量 / 夜行,23,41,0,0,"While it has strong psychic abilities and high intelligence, an Alakazam's muscles are very weak. It uses psychic power to move its body."
2514,独角虫R,Weedle Redux,冰,毒,40,35,30,20,20,50,复眼 / 吐丝者 / 逃足,冰鳞粉 / 冰露 / 防尘,5,21,0,0,A Weedle has an extremely acute sense of smell. It distinguishes its favorite kinds of leaves from those it dislikes by sniffing with its big red nose.
2515,铁壳蛹R,Kakuna Redux,冰,毒,45,25,50,25,25,35,蜕皮 / 硬壳盔甲 / 腐蚀,冰冻之躯 / 冰露 / 防尘,6,21,0,0,"It remains virtually immobile while it clings to a tree. However, on the inside, it busily prepares for evolution. This is evident from how hot its shell becomes."
2516,大针蜂R,Beedrill Redux,冰,毒,65,110,40,45,80,135,冻结点 / 白茫茫 / 拨雪,连续攻击 / 弱点利用 / 飘浮,20,31,0,0,"A Beedrill is extremely territorial. For safety reasons, no one should ever approach its nest. If angered, they will attack in a swarm."
2517,童偶熊R,Stufful Redux,一般,妖精,70,65,60,65,45,35,迷人之躯 / 纯朴 / 强行,毛茸茸 / 毅力 / 甩不掉的,21,32,0,0,"Despite its adorable appearance, when it gets angry and flails about, its arms and legs could knock a pro wrestler sprawling. It's an incredibly dangerous Pokémon."
2518,穿着熊R,Bewear Redux,一般,妖精,120,115,80,85,55,45,无防守 / 极度好战 / 愧疚,毛茸茸 / 着迷 / 迷人之躯,25,34,0,0,This Pokémon has the habit of hugging its companions. Many Trainers have left this world after their spines were squashed by its hug.
2519,冷水猴R,Panpour Redux,超能,超能,50,43,45,75,45,64,复制 / 念动力 / 预知梦,超能之心 / 超幸运 / 魔法镜,15,25,0,0,"The water stored inside the tuft of its head is rich in nutrients. It waters plants using its tail, plants that receive its water grow large."
2520,冷水猿R,Simipour Redux,超能,超能,110,70,79,110,60,91,复制 / 念动力 / 预知梦,超能之心 / 超幸运 / 魔法镜,22,33,0,0,It can shoot highly-pressurised water from its tail with enough power to break through a solid concrete wall. It prefers places with clean water.
2521,花椰猴R,Pansage Redux,格斗,格斗,44,63,43,63,43,66,好胜 / 活力 / 不服输,斗士 / 精神力 / 招架,16,26,0,0,This Pokémon dwells deep in the forest. It's good at finding berries and gathers them from all over. It's kind enough to share them with friends.
2522,花椰猿R,Simisage Redux,格斗,格斗,75,99,63,110,63,110,好胜 / 活力 / 结实,斗士 / 精神力 / 招架,21,38,0,0,"Ill tempered, it attacks enemies by swinging its barbed tail around wildly. The leaf growing on its head is very bitter."
2523,爆香猴R,Pansear Redux,恶,恶,50,61,48,43,55,65,恶作剧之心 / 轻装 / 卷发,夜行 / 下流打击 / 捡拾,15,25,0,0,"The fire within the tuft on its head can reach up to 600ºF. Very intelligent, it roasts berries before eating them. It likes to help people."
2524,爆香猿R,Simisear Redux,恶,恶,80,100,79,70,90,101,恶作剧之心 / 轻装 / 更高阶层,夜行 / 下流打击 / 捡拾,21,36,0,0,It loves sweets because they become energy for the fire burning inside its body. It scatters embers from its head and tail to sear its opponents.
2525,熔岩虫R,Slugma Redux,草,草,50,40,50,75,20,15,单纯 / 动力核心 / 松散岩石,硬壳盔甲 / 自然回复 / 收获,18,41,0,0,"It is a species of Pokémon that lives in volcanic areas. If its body cools, its skin hardens and immobilizes it. To avoid that, it sleeps near magma."
2526,熔岩蜗牛R,Magcargo Redux,草,岩石,70,50,140,100,45,25,硬壳盔甲 / 松散岩石 / 动力核心,防尘 / 收获 / 坚不可摧,19,41,0,0,The shell on its back is made of hardened magma. Tens of thousands of years spent living in volcanic craters have turned Magcargo's bodies into magma.
2527,泳圈鼬R,Buizel Redux,飞行,飞行,50,50,40,50,40,100,技术高手 / 飞行皮肤 / 速度之力,空气动力学 / 锐利目光 / 无关天气,14,26,0,0,"It inflates its flotation sac, keeping its face above water in order to watch for prey movement. It swims by rotating its two tails like a screw."
2528,浮潜鼬R,Floatzel Redux,飞行,飞行,80,85,60,85,60,125,技术高手 / 速度之力 / 吹气筒,空气动力学 / 锐利目光 / 无关天气,15,27,0,0,Its flotation sac developed as a result of pursuing aquatic prey. It can double as a rubber raft. It assists in the rescues of drowning people.
2529,亚克诺姆R,Azelf Redux,恶,妖精,70,130,65,130,65,120,绝对睡眠 / 魔法防守 / 噬魂,飘浮 / 暗黑气场 / 恶毒,26,36,0,0,"This Pokémon is said to have endowed humans with the determination needed to do things. It is thought that Uxie, Mesprit and Azelf all came from the same egg."
2530,艾姆利多R,Mesprit Redux,恶,妖精,75,110,100,110,100,85,有色眼镜 / 魔法防守 / 噬魂,飘浮 / 暗黑气场 / 恶毒,27,36,0,0,"Although it slumbers at the bottom of a lake, its spirit is said to leave its body and flitter on the water surface. It taught humans of sorrow, pain, and joy."
2531,由克希R,Uxie Redux,恶,妖精,80,80,130,80,130,80,纯朴 / 魔法防守 / 噬魂,飘浮 / 暗黑气场 / 恶毒,26,36,0,0,"Known as ”The Being of Knowledge,” according to some sources, this Pokémon provided people with the intelligence necessary to solve various problems."
2532,腕力R,Machop Redux,格斗,龙,50,70,70,15,65,35,压制 / 粗糙皮肤 / 主宰,无防守 / 铁拳 / 毅力,18,34,0,0,It continually undertakes strenuous training to master all forms of martial arts. Its strength lets it easily hoist a sumo wrestler onto its shoulders.
2533,豪力R,Machoke Redux,格斗,龙,60,80,100,30,90,45,压制 / 粗糙皮肤 / 主宰,无防守 / 铁拳 / 毅力,19,34,0,0,"A belt is worn by a Machoke to keep its overwhelming power under control. Because it is so dangerous, no one has ever removed the belt."
2534,怪力R,Machamp Redux,格斗,龙,70,110,110,45,115,55,压制 / 多重鳞片 / 主宰,坚不可摧 / 铁拳 / 毅力,25,35,0,0,It is impossible to defend against punches and chops doled out by its four arms. Its fighting spirit flares up when it faces a tough opponent.
2535,单卵细胞球R,Solosis Redux,火,水,45,30,50,95,50,20,防尘 / 储水 / 引火,湿润之躯 / 烈焰之魂 / 适应力,12,23,0,0,"Because their bodies are enveloped in a special liquid, they are fine in any environment, no matter how severe. They can use telepathy to talk with others."
2536,双卵细胞球R,Duosion Redux,火,水,75,40,60,105,60,30,防尘 / 储水 / 引火,湿润之躯 / 烈焰之魂 / 适应力,13,27,0,0,"When their brains, now divided in two, are thinking the same thoughts, these Pokémon exhibit their maximized psychic power."
2537,人造细胞卵R,Reuniclus Redux,火,水,110,115,85,115,85,30,防尘 / 储水 / 引火,水泡 / 烈焰之魂 / 大灾变,16,32,0,0,"They use psychic power to control their arms, which are made of a special liquid. When Reuniclus shake hands, a network forms between their brains."
2538,盔甲鸟R,Skarmory Redux,钢,火,75,110,90,50,60,110,熔解 / 动量 / 空气动力学,飘浮 / 锐利刀刃 / 机会主义者,22,40,0,0,A Pokémon that has a body and wings of steel. People in the past used feathers fallen from Skarmory to make swords and knives.
2539,卡蒂狗R,Growlithe Redux,火,草,55,60,65,50,60,60,惊吓 / 施肥 / 硬爪,原木 / 恶臭 / 引火,31,33,0,0,"Its superb sense of smell ensures that this Pokémon won't forget any scent, no matter what. It uses its sense of smell to detect the emotions of others."
2540,风速狗R,Arcanine Redux,火,草,90,115,90,105,90,110,惊吓 / 施肥 / 硬爪,原木 / 恶臭 / 引火,32,35,0,0,"This fleet-footed Pokémon is said to run over 6,200 miles in a single day and night. The fire that blazes wildly within its body is its source of power."
2541,咕妞妞R,Whismur Redux,幽灵,电,84,36,53,45,63,19,隔音 / 巨响 / 避雷针,白噪音 / 电气皮肤 / 扩音器,17,29,0,0,"Its cries equal a jet plane in volume. It inhales through its ear canals. Because of this system, it can cry continually without having to catch its breath."
2542,吼爆弹R,Loudred Redux,幽灵,电,104,62,73,71,83,39,噪音消除 / 巨响 / 避雷针,白噪音 / 电气皮肤 / 扩音器,20,31,0,0,It positions the round speakers on its head to assail foes with ultrasonic waves at massive volume. It builds power by stomping the ground.
2543,爆音怪R,Exploud Redux,幽灵,电,134,61,103,91,113,98,噪音消除 / 无线电干扰 / 避雷针,白噪音 / 电气皮肤 / 扩音器,21,34,0,0,It has sound-generating organs all over its body. It communicates with others by adjusting the tone and volume of the cries it emits.
2544,圆陆鲨R,Gible Redux,水,幽灵,50,80,35,30,55,50,掠食者 / 海洋守护者 / 致命精准,湿润之躯 / 锐利刀刃 / 极度好战,18,43,0,0,It nests in horizontal holes warmed by geothermal heat. Foes who stray too close can expect to be pounced on and bitten.
2545,尖牙陆鲨R,Gabite Redux,水,幽灵,60,100,55,40,65,90,掠食者 / 海洋守护者 / 致命精准,湿润之躯 / 锐利刀刃 / 极度好战,18,43,0,0,"Shiny objects are its passion. It can be found in its cave, scarcely moving, its gaze fixed on the jewels it's amassed or Carbink it has caught."
2546,烈咬陆鲨R,Garchomp Redux,水,幽灵,100,140,85,70,95,110,掠食者 / 海洋守护者 / 致命精准,湿润之躯 / 锐利刀刃 / 极度好战,22,45,0,0,"When it folds up its body and extends its wings, it looks like a jet plane. It is covered in fine scales that reduce drag, enabling it to fly at high speeds."
2547,单首龙R,Deino Redux,妖精,龙,52,45,50,65,50,38,超级发射器 / 妖精皮肤 / 迷人之躯,天之恩泽 / 卷发 / 薄雾制造者,16,37,0,0,"Lacking sight, it's unaware of its surroundings, so it bumps into things and eats anything that moves. Approaching it carelessly is dangerous."
2548,双首暴龙R,Zweilous Redux,妖精,龙,72,65,70,85,70,58,超级发射器 / 妖精皮肤 / 迷人之躯,天之恩泽 / 多头龙 / 薄雾制造者,19,38,0,0,"After it has eaten up all the food in its territory, it moves on to another area. Whichever head eats more than the other gets to be the leader."
2549,三首恶龙R,Hydreigon Redux,妖精,龙,100,105,100,125,100,70,超级发射器 / 天恩 / 迷人之躯,天之恩泽 / 多头龙 / 薄雾制造者,23,47,0,0,This brutal Pokémon travels the skies on its six wings. The heads on their arms do not have brains. They use all three heads to consume and destroy everything.
2550,驹刀小兵R,Pawniard Redux,格斗,钢,45,75,65,40,40,75,不服输 / 技术高手 / 横扫利刃,锐利刀刃 / 威吓 / 胆小,14,26,0,0,"Ignoring their injuries, groups attack by sinking the blades that cover their bodies into their prey. If battling dulls them, it sharpens them on stones by the river."
2551,劈斩司令R,Bisharp Redux,格斗,钢,75,115,75,60,75,90,不服输 / 机会主义者 / 横扫利刃,锐利刀刃 / 威吓 / ¡Olé!,16,27,0,0,"This pitiless Pokémon commands a group of Pawniard to hound prey into immobility. It battles to become the boss, but will be driven from the group if it loses."
2552,大嘴娃R,Mawile Redux,恶,幽灵,70,95,55,55,55,80,适应力 / 棱镜装甲 / 惊吓,强壮之颚 / 机会主义者 / 妖精猎人,18,43,0,0,"Its giant jaws are actually steel horns that transformed. It fools foes into complacency with its adorable gestures, then chomps them with its huge jaws."
2553,勾魂眼R,Sableye Redux,钢,妖精,70,75,80,65,70,50,妖精猎人 / 魔法防守 / 友情防守,压制 / 钢能力士 / 奇迹皮肤,31,39,0,0,It digs branching holes in caves using its sharp claws in search of food--raw gems. A Sableye lurks in darkness and is seen only rarely.
2554,戴鲁比R,Houndour Redux,幽灵,幽灵,45,50,35,95,50,75,受热激升 / 血价 / 怒火冲天,噬魂 / 幻痛 / 复仇,12,28,0,0,Houndour communicate with each other using a variety of cries to corner their prey. This Pokémon's remarkable teamwork is simply unparalleled.
2555,黑鲁加R,Houndoom Redux,幽灵,幽灵,75,90,50,130,80,105,受热激升 / 怒火冲天 / 血价,噬魂 / 幻痛 / 复仇,16,35,0,0,"In a Houndoom pack, the one with its horns raked sharply back serves a leadership role. They choose their leader by fighting among themselves."
2556,嘟嘟R,Doduo Redux,毒,恶,65,95,55,25,35,75,心情不定 / 健壮胸肌 / 龙颚,毒牙 / 半龙 / 多头龙,17,31,0,0,"Even while eating or sleeping, one of the heads remains always vigilant for any sign of danger. When threatened, it flees at over 60 miles per hour."
2557,嘟嘟利R,Dodrio Redux,恶,毒,90,130,80,50,60,100,心情不定 / 健壮胸肌 / 龙颚,毒牙 / 半龙 / 多头龙,25,35,0,0,A peculiar Pokémon species with three heads. It vigorously races across grassy plains even in arid seasons with little rainfall.
2558,仆刀将军R,Kingambit Redux,格斗,钢,90,125,90,60,75,110,不服输 / 超幸运 / 技术高手,锐利刀刃 / 威吓 / ¡Olé!,20,30,0,0,"Though it commands a massive army in battle, it's not skilled at devising complex strategies. It just uses brute strength to keep pushing."
2559,幼基拉斯R,Larvitar Redux,岩石,火,90,20,30,90,30,40,决心 / 太阳之力 / 松散岩石,熔岩铠甲 / 熔炉 / 熔解,13,33,0,0,A Larvitar is born deep under the ground. It must eat its way through the soil above and reach the surface for it to see its parents' faces.
2560,沙基拉斯R,Pupitar Redux,岩石,火,110,40,50,110,50,50,坚硬岩石 / 干旱 / 松散岩石,熔岩铠甲 / 熔炉 / 熔解,15,37,0,0,A Pupitar creates a gas inside its body that it ejects under compression to propel itself like a jet. Its body can withstand a collision with solid steel.
2561,班基拉斯R,Tyranitar Redux,岩石,火,150,81,85,134,90,60,坚硬岩石 / 干旱 / 松散岩石,熔岩铠甲 / 熔炉 / 熔解,19,42,0,0,"A Tyranitar is so overwhelmingly powerful, it can bring down a whole mountain to make its nest. It roams in mountains seeking new opponents to fight."
2562,超级班基拉斯R,Tyranitar Mega Redux,岩石,火,150,91,103,150,126,80,蒸发 / 蒸发 / 蒸发,原始铠甲 / 熔炉 / 熔解,19,42,0,0,"A Tyranitar is so overwhelmingly powerful, it can bring down a whole mountain to make its nest. It roams in mountains seeking new opponents to fight."
2563,超级月月熊,Ursaluna Mega,地面,一般,130,180,135,45,110,50,毅力 / 硬爪 / 极度好战,毛茸茸 / 掠食者 / 蔑视,21,32,0,0,I believe it was Hisui's swampy terrain that gave Ursaluna its burly physique and newfound capacity to manipulate peat at will. 
2564,铁外骨,Iron Exo,幽灵,电,70,74,90,140,140,76,兆级电压 / 双持 / 伏特冲击,夸克充能 / 弱点利用 / 炮术,20,32,0,0,An unknown virus Ultra Beast from Ultra Megalopolis that has taken refuge in the husk of a deceased Scizor. It closes resembles a future paradox pokemon.
2565,巨钳螳螂R,Scizor Redux,毒,钢,70,50,75,125,100,80,精神咬碎 / 铬涂层 / 超级发射器,半龙 / 施毒 / 紫色迷雾,38,43,0,0,A Scizor has a body with the hardness of steel. It is not easily fazed by ordinary sorts of attacks. It flaps its wings to regulate its body temperature.
2566,乌波-帕底亚,Wooper Paldean,毒,地面,55,55,60,65,65,15,奇迹皮肤 / 纯朴 / 湿气,毒棘 / 储水 / 毒刺,14,28,0,0,"Wooper usually live in water but come out onto land seeking food occasionally. On land, they coat their bodies with a gooey, toxic film."
2567,野蛮鲈鱼-白色条纹,Basculin White,水,水,70,80,65,92,55,118,破格 / 精神咬碎 / 掠食者,胆小 / 适应力 / 极度好战,12,27,0,0,"Red and blue Basculin usually do not get along, but sometimes members of one school mingle with the other's school. These Pokémon are very hostile."
2568,焦岩蜗牛R,Escarginite Redux,草,岩石,100,50,150,100,70,30,硬壳盔甲 / 松散岩石 / 动力核心,防尘 / 收获 / 坚不可摧,23,41,0,0,This is not a actually Pokémon. It's really just a potato Dont ask me why potato. Maybe because I like potatos.
2569,快龙-快递形态,Dragonite Delivery,龙,飞行,91,159,120,125,125,80,多重鳞片 / 多重鳞片 / 多重鳞片,龙之仪式 / 厚脂肪 / 雷召,23,44,0,0,It can circle the globe in just 16 hours. It is a kindhearted Pokémon that leads lost and foundering ships in a storm to the safety of land.
2570,超级古剑豹,Chien Pao Mega,恶,冰,80,160,100,110,85,145,诅咒之剑 / 诅咒之剑 / 诅咒之剑,顶级掠食者 / 霜冻之颚 / 原始颚,27,41,0,0,This Pokémon can control 100 tons of fallen snow. It plays around innocently by leaping in and out of avalanches it has caused.
2571,超级鳃鱼龙,Dracovish Mega,水,龙,90,110,110,85,100,110,杀戮之颚 / 悠游自如 / 潮汐冲击,狂暴DNA / 水幕 / 原始颚,15,31,0,0,Powerful legs and jaws made it the apex predator of its time. Its own overhunting of its prey was what drove it to extinction.
2572,铁核心,Iron Heart,钢,虫,78,122,92,74,92,112,招架 / 铁拳 / 破格,夸克充能 / 活力打击 / 钢甲虫,23,30,0,0,
2573,卡比兽-原始回归,Snorlax Primal,一般,一般,160,130,120,65,135,30,反转 / 反转 / 反转,自我修复 / 梦幻奇想 / 梦境,31,40,0,0,Snorlax's typical day consists of nothing more than eating and sleeping. It is such a docile Pokémon that there are children who use its big belly as a place to play.
2574,比克提尼-原始回归,Victini Primal,超能,火,100,140,100,120,100,140,幸运光环 / 幸运光环 / 幸运光环,胜利之星 / 胜利炸弹 / 涡轮火焰,28,45,0,0,"This Pokémon brings victory. It is said that Trainers with Victini always win, regardless of the type of encounter."
2575,胖可丁-原始回归,Wigglytuff Primal,一般,妖精,120,90,65,155,115,90,苹果启示 / 苹果启示 / 苹果启示,神秘力量 / 魂心 / 好胜,45,56,0,0,Its fur is the ultimate in luxuriousness. Sleeping alongside a Wigglytuff is simply divine. Its body expands seemingly without end when it inhales.
2576,沙漠蜻蜓R-B,Flygon Redux B,电,龙,88,100,75,120,75,142,电气制造者 / 兆级电压 / 充能,飘浮 / 电气皮肤 / 恒净之躯,21,37,0,0,"The flapping of its wings sounds like singing. To prevent detection by enemies, it hides itself by flapping up a cloud of desert sand."
2577,超级沙漠蜻蜓R-B,Flygon Redux B Mega,电,龙,88,110,95,150,95,162,电气制造者 / 兆级电压 / 恒净之躯,海洋霸主 / 电气皮肤 / 充能,21,37,0,0,"The flapping of its wings sounds like singing. To prevent detection by enemies, it hides itself by flapping up a cloud of desert sand."
2578,蝶结萌虻R,Ribombee Redux,虫,电,60,105,60,55,70,114,鳞粉 / 过载 / 狙击手,悬浮 / 弓箭手 / 不仁不义,21,32,0,0,"Ribombee rolls up pollen into puffs. It makes many different varieties, some used as food and others used in battle. They are sometimes sold as supplements."
2579,超级蝶结萌虻R,Ribombee Redux Mega,虫,电,60,130,90,55,95,134,魔法镜 / 弱点利用 / 狙击手,悬浮 / 弓箭手 / 堕落,21,32,0,0,"Ribombee rolls up pollen into puffs. It makes many different varieties, some used as food and others used in battle. They are sometimes sold as supplements."
2580,玛狃拉R,Weavile Redux,地面,恶,80,105,70,60,70,125,沙坑 / 技术高手 / 极度好战,刺客工具 / 不仁不义 / 狙击手,19,36,0,0,"They travel in groups of four or five, leaving signs for one another on trees and rocks. They bring down their prey with coordinated attacks."
2581,超级玛狃拉R,Weavile Redux Mega,地面,恶,80,120,90,75,90,155,沙隐 / 技术高手 / 极度好战,刺客工具 / 硬爪 / 沙之操控者,19,36,0,0,"They travel in groups of four or five, leaving signs for one another on trees and rocks. They bring down their prey with coordinated attacks."
2582,暴雪王-圣诞老人,Abomasnow Santa,草,冰,90,142,105,142,105,30,圣诞精神 / 圣诞精神 / 圣诞精神,低温熟练 / 白茫茫 / 防尘,27,44,0,0,It lives a quiet life on mountains that are perpetually covered in snow. It hides itself by whipping up blizzards. It is also known as “The Ice Monster.”
2583,穿着熊-愤怒形态,Bewear Angry,一般,格斗,120,135,100,55,60,130,盲目狂怒 / 盲目狂怒 / 盲目狂怒,亲子爱 / 格斗专家 / 毛皮大衣,35,40,0,0,This Pokémon has the habit of hugging its companions. Many Trainers have left this world after their spines were squashed by its hug.
2584,谜拟烈空坐,Mimikyu Rayquaza,幽灵,妖精,79,120,90,120,115,116,影子游戏 / 恐惧散布者 / 机会主义者,拼凑 / 漂亮公主 / 幻痛,30,50,0,0,"A lonely Pokémon, it hides its terrifying appearance beneath an old rag so it can get closer to people and other Pokémon. Its actual appearance is unknown."
2585,太阳伊布-银河形态,Espeon Primal,超能,超能,65,90,100,100,135,135,瑜伽之力 / 瑜伽之力 / 瑜伽之力,预知梦 / 有色眼镜 / 魔法镜,17,44,0,0,An Espeon is extremely loyal to any Trainer it considers to be worthy. It is said to have developed precognitive powers to protect its Trainer from harm.
2586,达克莱伊-梦魇形态,Darkrai Nightmare,恶,恶,70,110,95,170,95,160,梦魇 / 梦魇 / 梦魇,影子游戏 / 恐惧散布者 / 暗黑气场,19,44,0,0,"It chases people and Pokémon from its territory by causing them to experience deep, nightmarish slumbers. However, it means no harm."
2587,日月岩,Solrock System,岩石,超能,90,125,115,125,115,120,幻影 / 恐惧散布者 / 神秘力量,终结之地 / 破晓 / 光辉,45,59,0,0,"Solar energy is the source of this Pokémon's power. On sunny days, groups of Solrock line up facing the sun and absorb its light."
2588,飞空马,Spectrier Cloud,飞行,飞行,100,80,80,115,60,145,肾上腺素冲击 / 肾上腺素冲击 / 肾上腺素冲击,滑流 / 天气控制 / 毛茸茸,18,31,0,0,It probes its surroundings with all its senses save one--it doesn't use its sense of sight. Spectrier's kicks are said to separate soul from body.
2589,蕾冠王-骑飞马的样子,Calyrex Cloud Rider,超能,飞行,100,100,100,135,80,165,轻风嘶鸣 / 轻风嘶鸣 / 轻风嘶鸣,滑流 / 天气控制 / 毛茸茸,24,40,0,0,"Calyrex is a merciful Pokémon, capable of providing healing and blessings. It reigned over the Galar region in times of yore."
2590,大嘴娃R-B,Mawile Redux B,草,毒,70,95,75,85,80,75,耐热 / 埋伏 / 叶绿体,多头龙 / 强壮之颚 / 惊吓,26,26,0,0,"Its giant jaws are actually steel horns that transformed. It fools foes into complacency with its adorable gestures, then chomps them with its huge jaws."
2591,超级大嘴娃R-B,Mawile Redux B Mega,草,毒,70,105,110,95,105,95,烈焰之颚 / 烈焰之颚 / 烈焰之颚,大力士 / 多头龙 / 腐蚀,26,26,0,0,"Its giant jaws are actually steel horns that transformed. It fools foes into complacency with its adorable gestures, then chomps them with its huge jaws."
2592,胖可丁-顶点形态,Wigglytuff Apex,一般,妖精,120,70,55,130,105,55,友情防守 / 好胜 / 魔法防守,神秘力量 / 毛皮大衣 / 充气,45,56,0,0,Its fur is the ultimate in luxuriousness. Sleeping alongside a Wigglytuff is simply divine. Its body expands seemingly without end when it inhales.
2593,超级伊裴尔塔尔,Yveltal Mega,恶,飞行,126,151,105,151,108,139,暗黑气场 / 暗黑气场 / 暗黑气场,机会主义者 / 巨翼 / 幻影防守,23,57,0,0,"When its life comes to an end, its wings and tail spread wide and glow red, and it absorbs the life energy of every living thing and turns into a cocoon."
2594,纸御剑-堕天使形态,Kartana Fallen,草,钢,159,181,149,67,101,113,巅峰之刃 / 巅峰之刃 / 巅峰之刃,异兽提升 / 剑术大师 / 空气动力学,15,26,0,0,"This Ultra Beast came from the Ultra Wormhole. It seems not to attack enemies on its own, but its sharp body is a dangerous weapon in itself."
2595,超级巨锻匠,Tinkaton Mega,妖精,钢,85,110,107,105,105,94,爆破专家 / 爆破专家 / 爆破专家,超级重击者 / 远隔 / 破格,23,37,0,0,"The hammer tops 220 pounds, yet it gets swung around easily by Tinkaton as it steals whatever it pleases and carries its plunder back home."
2596,草苗龟R,Turtwig Redux,飞行,妖精,57,58,64,55,75,11,施肥 / 乘风 / 舍身,无关天气 / 硬壳盔甲 / 坚不可摧,12,28,0,0,"The shell on its back is made of soil.  On a very healthy Turtwig, the shell should feel moist. The leaf on its head wilts if it is thirsty."
2597,树林龟R,Grotle Redux,飞行,妖精,80,79,90,65,85,21,施肥 / 乘风 / 舍身,无关天气 / 硬壳盔甲 / 坚不可摧,15,28,0,0,A Grotle that lives in the forest is said to have its own secret springwater well.  It carries fellow Pokémon there on its back.
2598,土台龟R,Torterra Redux,飞行,妖精,95,109,134,65,95,37,施肥 / 吹气筒 / 舍身,无关天气 / 硬壳盔甲 / 坚不可摧,22,38,0,0,"Some Pokémon are born on a Torterra's back and spend their entire life there. Ancient people imagined that beneath the ground, a gigantic Torterra dwelled."
2599,小火焰猴R,Chimchar Redux,水,水,44,62,64,22,64,64,闪电拳手 / 水幕 / 引水,铁拳 / 激流 / 察觉,12,24,0,0,"Its fiery rear end is fueled by gas made in its belly. Before going to sleep, Chimchar extinguish the flame on their tails to prevent fires."
2600,猛火猴R,Monferno Redux,水,格斗,64,83,72,43,72,86,闪电拳手 / 水幕 / 引水,铁拳 / 激流 / 察觉,17,30,0,0,"It carefully controls the intensity of the flame on its tail, so as to keep its foes at an adequate distance. Its fiery tail is but one weapon."
2601,烈焰猴R,Infernape Redux,水,格斗,76,115,86,59,91,108,闪电拳手 / 水幕 / 潮汐冲击,铁拳 / 远隔 / 充气,25,30,0,0,Its crown of fire is indicative of its fiery nature. It uses a special kind of martial arts involving all of its limbs to take on any opponent.
2602,波加曼R,Piplup Redux,火,冰,53,31,43,67,56,70,火焰占卜 / 白茫茫 / 太阳之力,南极鸟 / 引火 / 防尘,18,33,0,0,"A poor walker, it often falls down. However, its strong pride makes it puff up its chest without a care. It's difficult to bond with since it won't listen to its Trainer."
2603,波皇子R,Prinplup Redux,火,冰,69,46,58,86,81,80,火焰占卜 / 白茫茫 / 太阳之力,南极鸟 / 引火 / 防尘,19,33,0,0,"Because every Prinplup considers itself to be the most important, they can never form a group. It searches for prey in icy seas."
2604,帝王拿波R,Empoleon Redux,火,冰,84,66,78,111,101,95,干旱 / 降雪 / 冰鳞粉,热滑 / 熔解 / 火焰盾,23,37,0,0,"The three horns that extend from its beak attest to its power. It avoids unnecessary disputes, but it will decimate anything that threatens its pride."
2605,甜竹竹R,Bounsweet Redux,超能,妖精,38,22,30,50,30,64,迟钝 / 魔法防守 / 充气,水泡 / 柔软 / 我们滚吧,10,29,0,0,A delectable aroma pours from its body.  Bounsweet's sweat can be watered down into a juice with just the right amount of sweetness.
2606,甜舞妮R,Steenee Redux,超能,妖精,48,32,40,70,40,94,迟钝 / 魔法防守 / 友情防守,水泡 / 柔软 / 厚脂肪,14,33,0,0,"The sepals on its head developed to protect its body. These are quite hard, so even if pecked by bird Pokémon, this Pokémon is totally fine."
2607,甜冷美后R,Tsareena Redux,超能,妖精,68,42,90,120,90,120,充气 / 动量 / 迟钝,水泡 / 柔软 / 女王威严,18,36,0,0,"Its long, striking legs aren't just for show but to be used to kick with skill. In victory, it shows off by kicking the defeated, laughing boisterously."
2608,电音婴R,Toxel Redux,电,恶,40,38,38,70,37,55,恶作剧之心 / 静电 / 胆小,电细胞 / 巨响 / 蓄电,12,30,0,0,"It stores poison in an internal poison sac and secretes that poison through its skin. If you touch this Pokémon, a tingling sensation follows."
2609,颤弦蝾螈R,Toxtricity Redux,电,恶,80,65,85,114,65,93,极度好战 / 音乐节 / 力量金属,金属化 / 独奏穿刺 / 庞克摇滚,20,38,0,0,"When this Pokémon sounds as if it's strumming a guitar, it's actually clawing at the protrusions on its chest to generate electricity."
2610,颤弦蝾螈R-鬈发,Toxtricity Redux Fuzz,电,恶,80,65,65,114,85,93,韵律 / 音乐节 / 女妖,幻影 / 厚重低音 / 庞克摇滚,20,38,0,0,"When this Pokémon sounds as if it's strumming a guitar, it's actually clawing at the protrusions on its chest to generate electricity."
2611,大颚蚁R,Trapinch Redux,冰,虫,45,110,35,45,35,20,白茫茫 / 冰冻皮肤 / 降雪,强壮之颚 / 毛茸茸 / 防尘,19,22,0,0,"Its big jaws crunch through boulders. Because its head is so big, it has a hard time getting back upright if it tips over onto its back."
2612,超音波幼虫R,Vibrava Redux,冰,虫,50,80,40,70,40,80,白茫茫 / 冰霜之魂 / 降雪,龙飞 / 毛茸茸 / 防尘,26,24,0,0,"It looses ultrasonic waves by rubbing its wings together. Since a Vibrava's wings are still in the process of growing, it can only fly short distances."
2613,沙漠蜻蜓R,Flygon Redux,冰,虫,80,100,80,100,80,100,白茫茫 / 冰霜之魂 / 降雪,龙飞 / 毛茸茸 / 登山者,32,24,0,0,"The flapping of its wings sounds like singing. To prevent detection by enemies, it hides itself by flapping up a cloud of desert sand."
2614,好胜蟹R,Crabrawler Redux,格斗,恶,62,72,77,32,57,53,防弹 / 不仁不义 / 斗士,尖刺盔甲 / 极度好战 / 蜕皮,21,36,0,0,"While guarding its weak points with its pincers, it looks for an opening and unleashes punches. When it loses, it foams at the mouth and faints."
2615,好胜毛蟹R,Crabominable Redux,格斗,恶,97,122,117,77,72,33,不仁不义 / 钳制 / 狂暴拳手,尖刺盔甲 / 超级重击者 / 蜕皮,25,36,0,0,"It aimed for the top but got lost and ended up on a snowy mountain. Being forced to endure the cold, this Pokémon evolved and grew thick fur."
2616,皮宝宝R,Cleffa Redux,岩石,岩石,50,15,28,55,55,15,友情防守 / 魔法防守 / 松散岩石,坚硬岩石 / 棱镜装甲 / 夜行,8,25,0,0,"On nights with many shooting stars, Cleffa can be seen dancing in a ring. They dance until daybreak, when they quench their thirst with the morning dew."
2617,皮皮R,Clefairy Redux,岩石,岩石,70,20,58,70,65,40,友情防守 / 魔法防守 / 松散岩石,坚硬岩石 / 棱镜装甲 / 夜行,11,29,0,0,"On every night of a full moon, they come out to play. When dawn arrives, the tired Clefairy go to sleep nestled up against each other in deep and quiet mountains."
2618,皮可西R,Clefable Redux,岩石,岩石,95,50,83,115,90,75,棱镜装甲 / 魔法防守 / 松散岩石,坚硬岩石 / 棱镜装甲 / 夜行,18,38,0,0,"A Clefable uses its wings to skip lightly as if it were flying. Its bouncy step lets it even walk on water. On quiet, moonlit nights, it strolls on lakes."
2619,天蝎R,Gligar Redux,毒,火,55,85,85,60,50,95,狂暴突袭 / 掠食者 / 埋伏,钳制 / 硬壳盔甲 / 毒牙,17,30,0,0,"It glides without making a single sound. It grasps the face of its foe using its hind and large front claws, then stabs with its poison barb."
2620,天蝎王R,Gliscor Redux,毒,火,65,105,105,70,60,105,掠食者 / 火焰之躯 / 神经毒素,钳制 / 硬壳盔甲 / 毒焰钳,21,34,0,0,"Gliscor observes prey while hanging upside down from branches. Its flight is soundless. When the chance presents itself, it swoops!"
2621,可达鸭R,Psyduck Redux,恶,恶,50,75,43,52,45,65,惊吓 / 下流打击 / 威吓,毛皮大衣 / 分析 / 夜行,13,25,0,0,"When its headache intensifies, it starts using strange powers. However, it has no recollection of its powers, so it always looks befuddled and bewildered."
2622,小海狮R,Seel Redux,冰,龙,63,66,55,66,60,65,拨雪 / 神奇鳞片 / 龙化,棱镜鳞片 / 极度好战 / 纯朴,10,29,0,0,"Seel hunt for prey in frigid, ice-covered seas. When it needs to breathe, it punches a hole through the ice with the sharply protruding section of its head."
2623,白海狮R,Dewgong Redux,冰,龙,78,120,66,78,66,120,拨雪 / 冰冷反击 / 硬化鞘,龙颚 / 冰冷猎人 / 速度之力,14,34,0,0,It loves to snooze on bitterly cold ice. The sight of this Pokémon sleeping on a glacier was mistakenly thought to be a mermaid by a mariner long ago.
2624,雪童子R,Snorunt Redux,恶,恶,65,65,50,60,60,70,恶作剧之心 / 察觉 / 厄运,夜行 / 掠夺者 / 毛皮大衣,24,34,0,0,"They tend to move about in groups of around five Snorunt. In snowy regions, it is said that when they are seen late at night, snowfall will arrive by morning."
2625,冰鬼护R,Glalie Redux,恶,格斗,90,100,90,60,90,70,唱反调 / 战斗盔甲 / 愤怒穴位,血浴 / 碎裂铠甲 / 战斗气场,32,43,0,0,A Glalie has the power to instantaneously freeze moisture in the atmosphere. A dazzling cloud of diamondlike ice crystals forms around its body.
2626,雪妖女R,Froslass Redux,恶,幽灵,70,110,70,70,70,110,血价 / 恶意 / 血渍,下流打击 / 锐利刀刃 / 噬魂,29,49,0,0,"When it finds people or Pokémon it likes, it freezes them and takes them to its chilly den, where they become its decorations."
2627,火红不倒翁R,Darumaka Redux,地面,格斗,50,90,55,15,55,50,一猩一意 / 强行 / 战斗气场,食土 / 大地束缚 / 破格,20,27,0,0,"When its internal fire is burning, it cannot calm down and it runs around. When the fire diminishes, it pulls its limbs into its body and falls asleep."
2628,达摩狒狒R,Darmanitan Redux,地面,格斗,80,140,80,50,80,90,一猩一意 / 强行 / 战斗气场,食土 / 铁拳 / 破格,30,34,0,0,"When one is injured in a fierce battle, it transforms into a stone statue. Then it meditates and sharpens its mind and fights on mentally."
2629,达摩狒狒R-灵光模式,Darmanitan Aura,岩石,格斗,60,50,95,150,95,70,贤者之力 / 强行 / 战斗气场,岩石载荷 / 魔法之拳 / 破格,30,34,0,0,"When one is injured in a fierce battle, it transforms into a stone statue. Then it meditates and sharpens its mind and fights on mentally."
2630,达摩狒狒R-增强模式,Darmanitan Redux Bond,地面,格斗,80,140,80,50,80,90,一猩一意 / 强行 / 战斗气场,牵绊变身 / 铁拳 / 破格,30,34,0,0,"When one is injured in a fierce battle, it transforms into a stone statue. Then it meditates and sharpens its mind and fights on mentally."
2631,小福蛋R,Happiny Redux,格斗,格斗,15,75,5,10,5,110,跃跃欲逃 / 迷人之躯 / 斗争精神,干劲 / 远隔 / 铁拳,7,19,0,0,"It carries a round white rock in its belly pouch. If it gets along well with someone, it will sometimes give that person the rock."
2632,吉利蛋R,Chansey Redux,格斗,格斗,35,110,10,110,10,175,遁走 / 战术撤退 / 斗争精神,干劲 / 远隔 / 铁拳,10,24,0,0,"Chansey lay nutritionally excellent eggs every day. The eggs are so delicious, they are eagerly devoured by even those people who have lost their appetite."
2633,幸福蛋R,Blissey Redux,格斗,格斗,45,135,10,95,10,255,遁走 / 战术撤退 / 斗争精神,干劲 / 远隔 / 铁拳,20,27,0,0,"If it senses sadness with its fluffy fur, a Blissey will rush over to the sad person, however far away, to share an egg of happiness that brings a smile to any face."
2634,花岩怪R,Spiritomb Redux,幽灵,毒,77,60,108,117,120,35,惊吓 / 毒沼制造者 / 刚愎自用,自律 / 毒操偶师 / 宇宙迷乱,26,34,0,0,A Pokémon that was formed by 108 spirits. Its constant mischief and misdeeds resulted in it being bound to an Odd Keystone by a mysterious spell.
2635,达摩狒狒-牵绊变身,Blunder-Darmanitan,地面,格斗,80,170,105,60,105,110,一猩一意 / 狂暴DNA / 愤怒穴位,牵绊变身 / 铁拳 / 破格,30,34,0,0,"When one is injured in a fierce battle, it transforms into a stone statue. Then it meditates and sharpens its mind and fights on mentally."
2636,滴蛛R,Dewpider Redux,冰,虫,38,65,72,40,27,47,冰冻之躯 / 储水 / 蜘蛛巢,深度冻结 / 粗糙皮肤 / 虫之预感,15,38,0,0,"It crawls onto the land in search of food. When it comes across enemies or potential prey, this Pokémon smashes its water-bubble-covered head into them. "
2637,滴蛛霸R,Araquanid Redux,冰,虫,68,90,112,50,52,82,冰冻之躯 / 储水 / 蜘蛛巢,深度冻结 / 粗糙皮肤 / 虫之预感,18,38,0,0,"Despite what its appearance suggests, it cares for others. If it finds vulnerable, weak Pokémon, it protectively brings them into its water bubble."
2638,谜拟丘-顶点,Mimikyu Apex,幽灵,妖精,79,90,80,90,105,96,掠食者 / 愧疚 / 机会主义者,画皮 / 防尘 / 幻痛,30,50,0,0,"A lonely Pokémon, it hides its terrifying appearance beneath an old rag so it can get closer to people and other Pokémon. Its actual appearance is unknown."
2639,谜拟丘-顶点-现形,Mimikyu Apex Busted,幽灵,妖精,79,90,80,90,105,96,掠食者 / 愧疚 / 机会主义者,画皮 / 防尘 / 幻痛,30,50,0,0,"A lonely Pokémon, it hides its terrifying appearance beneath an old rag so it can get closer to people and other Pokémon. Its actual appearance is unknown."
2640,小锻匠R,Tinkatink Redux,水,毒,51,70,52,33,33,72,毒棘 / 水栖居民 / 硬壳盔甲,毒刺 / 偏离 / 柔软,14,41,0,0,This Pokémon pounds iron scraps together to make a hammer. It will remake the hammer again and again until it's satisfied with the result.
2641,巧锻匠R,Tinkatuff Redux,水,毒,61,85,62,47,47,92,毒棘 / 水栖居民 / 威吓,毒刺 / 偏离 / 激流,22,41,0,0,These Pokémon make their homes in piles of scrap metal. They test the strength of each other's hammers by smashing them together.
2642,巨锻匠R,Tinkaton Redux,水,毒,85,105,82,65,65,104,湿润之躯 / 水栖居民 / 威吓,毒刺 / 偏离 / 毒棘,26,43,0,0,"The hammer tops 220 pounds, yet it gets swung around easily by Tinkaton as it steals whatever it pleases and carries its plunder back home."
2643,超级巨锻匠R,Tinkaton Redux Mega,水,毒,85,140,107,85,70,119,大西洋统治者 / 大西洋统治者 / 大西洋统治者,超级重击者 / 偏离 / 毒刺,26,43,0,0,"The hammer tops 220 pounds, yet it gets swung around easily by Tinkaton as it steals whatever it pleases and carries its plunder back home."
2645,飞天螳螂R,Scyther Redux,毒,地面,70,110,60,110,60,90,不仁不义 / 极度好战 / 怒火冲天,半龙 / 施毒 / 加速,31,39,0,0,Its blindingly fast speed adds to the sharpness of its twin forearm scythes. The scythes can slice through thick logs in one wicked stroke.
2646,超级飞天螳螂R,Scyther Redux Mega,毒,地面,70,140,70,140,70,110,双持 / 自信过度 / 傲慢,科莫多 / 滑流 / 不仁不义,31,39,0,0,Its blindingly fast speed adds to the sharpness of its twin forearm scythes. The scythes can slice through thick logs in one wicked stroke.
2647,超级巨钳螳螂R,Scizor Redux Mega,毒,钢,70,65,110,155,125,75,原始颚 / 铬涂层 / 双持,科莫多 / 咬牙加农 / 紫色迷雾,38,43,0,0,A Scizor has a body with the hardness of steel. It is not easily fazed by ordinary sorts of attacks. It flaps its wings to regulate its body temperature.
2648,劈斧螳螂R,Kleavor Redux,毒,岩石,70,135,100,50,80,65,横扫利刃 / 双持 / 愤怒穴位,半龙 / 粗糙皮肤 / 狂暴突袭,36,42,0,0,"A violent creature that fells towering trees with its crude axes and shields it self with hard stone. Should you chance upon this Pokémon in the wilds, run."
2649,超级劈斧螳螂R,Kleavor Redux Mega,毒,岩石,70,155,120,80,110,65,凶手 / 强行 / 战斗盔甲,科莫多 / 双持 / 锋利的边缘,36,42,0,0,"A violent creature that fells towering trees with its crude axes and shields it self with hard stone. Should you chance upon this Pokémon in the wilds, run."
2650,大钳蟹R,Krabby Redux,超能,超能,45,38,48,97,88,34,天恩 / 预知梦 / 超能之心,魔法防守 / 硬壳盔甲 / 神秘力量,21,43,0,0,"Krabby live in holes dug into beaches. On sandy shores with little in the way of food, they can be seen squabbling with each other over territory."
2651,巨钳蟹R,Kingler Redux,超能,超能,85,50,75,115,115,60,天恩 / 硬壳盔甲 / 魔术师,魔法防守 / 神秘力量 / 大法师,34,52,0,0,"It waves its huge, oversized claw in the air to communicate with others. But since the claw is so heavy, this Pokémon quickly tires."
2652,超级巨钳蟹R,Kingler Redux Mega,超能,超能,85,75,80,150,145,65,神秘力量 / 天赋异禀 / 扭曲空间,魔法防守 / 超能之心 / 大法师,34,52,0,0,"It waves its huge, oversized claw in the air to communicate with others. But since the claw is so heavy, this Pokémon quickly tires."
2653,小猫怪R,Shinx Redux,草,草,45,65,34,40,34,65,威吓 / 原木 / 迷人之躯,叶子防守 / 草之皮毛 / 毅力,16,39,0,0,It rapidly contracts and relaxes its muscles to generate electricity. Its body shines if endangered. It flees while the foe is momentarily blinded.
2654,勒克猫R,Luxio Redux,草,草,60,85,49,40,49,80,威吓 / 掠食者 / 飞毛腿,毅力 / 草之皮毛 / 强壮之颚,19,39,0,0,Strong electricity courses through the tips of its sharp claws. A light scratch has enough amperage to cause fainting in foes.
2655,伦琴猫R-B,Luxray Redux,草,草,80,100,84,67,79,123,舍身 / 丛林热 / 强壮之颚,掠食者 / 速度之力 / 原木,26,40,0,0,It has eyes which can see through anything. Luxray's ability to see through objects comes in handy when it's scouting for danger.
2656,超级伦琴猫R-B,Luxray Redux Mega,草,草,80,130,99,89,99,136,蛮力 / 丛林热 / 草之皮毛,丛林之王 / 速度之力 / 青草制造者,26,40,0,0,It has eyes which can see through anything. Luxray's ability to see through objects comes in handy when it's scouting for danger.
2657,可可多拉R,Aron Redux,水,岩石,54,70,76,40,64,26,湿润之躯 / 激流 / 松散岩石,水幕 / 防弹 / 坚硬岩石,22,41,0,0,"A Pokémon that is clad in steel armor. A new suit of armor is made when it evolves. The old, discarded armor is salvaged as metal for making iron products."
2658,可多拉R,Lairon Redux,水,岩石,64,91,98,44,86,47,硬壳盔甲 / 强行 / 松散岩石,水幕 / 磐石意志 / 坚硬岩石,27,44,0,0,"When two Lairon meet in the wild, they fight for territory by bashing into each other with their steel bodies. The sound of their collision carries for miles."
2659,波士可多拉R,Aggron Redux,水,岩石,70,115,140,50,100,55,碎裂铠甲 / 强行 / 松散岩石,水幕 / 硬化鞘 / 坚硬岩石,32,50,0,0,Its iron horns grow longer a little at a time. They are used to determine the Aggron's age. The gouges in its armor are worn with pride as mementos from battles.
2660,超级波士可多拉R,Aggron Redux Mega,水,岩石,70,150,160,55,125,70,猎人之角 / 猎人之角 / 猎人之角,水幕 / 强行 / 战斗盔甲,32,50,0,0,Its iron horns grow longer a little at a time. They are used to determine the Aggron's age. The gouges in its armor are worn with pride as mementos from battles.
2661,幕下力士R,Makuhita Redux,火,钢,59,46,74,27,38,23,动力核心 / 熔岩铠甲 / 引火,大地束缚 / 超重 / 重金属,19,30,0,0,"It loves to toughen up its body above all else. If you hear quaking rumbles in a cave, it is the sound of Makuhita undertaking strenuous training."
2662,铁掌力士R,Hariyama Redux,火,钢,85,85,109,50,105,70,古代偶像 / 持久力 / 重金属,接地 / 超重 / 不眠,22,35,0,0,It has the habit of challenging others without hesitation to tests of strength. It's been known to stand on train tracks and stop trains using forearm thrusts.
2663,Kilozuna,Kilozuna,火,钢,105,90,135,55,110,75,古代偶像 / 持久力 / 压迫感,接地 / 金属防护 / 主宰,30,37,0,0,It has the habit of challenging others without hesitation to tests of strength. It's been known to stand on train tracks and stop trains using forearm thrusts.
2664,Kilozuna Mega,Kilozuna Mega,钢,火,105,130,150,65,120,100,古代偶像 / 持久力 / 压迫感,接地 / 金属防护 / 主宰,30,37,0,0,It has the habit of challenging others without hesitation to tests of strength. It's been known to stand on train tracks and stop trains using forearm thrusts.
2665,Fogging,Fogging,水,飞行,60,45,55,60,65,65,降雨 / 中和雾气 / 乘风,静电 / 储水 / 毛茸茸,25,40,0,0,"Getting up close to a Koffing will give you a chance to observe, through its thin skin, the toxic gases swirling inside. It blows up at the slightest stimulation."
2666,Breezing,Breezing,水,飞行,120,70,60,95,90,85,避雷针 / 中和雾气 / 遇水凝固,降雨 / 闪电之躯 / 毛茸茸,31,48,0,0,"By diluting its toxic gases with a special process, the highest grade of perfume can be extracted. To Weezing, gases emanating from garbage are the ultimate feast."
2667,Storming,Storming,水,飞行,135,70,65,105,95,80,过载 / 中和雾气 / 引水,降雨 / 闪电之躯 / 毛茸茸,31,50,0,0,"By diluting its toxic gases with a special process, the highest grade of perfume can be extracted. To Weezing, gases emanating from garbage are the ultimate feast."
2668,拉鲁拉丝R,Ralts Redux,水,水,42,27,27,57,32,48,逃足 / 懦夫 / 水幕,激流 / 自然回复 / 污泥浆,13,35,0,0,A Ralts has the power to sense the emotions of people and Pokémon with the horns on its head. It takes cover if it senses any hostility.
2669,奇鲁莉安R,Kirlia Redux,水,水,58,36,37,77,49,74,逃足 / 储水 / 潮汐冲击,激流 / 掠食者 / 静电,14,37,0,0,A Kirlia has the psychic power to create a rip in the dimensions and see into the future. It is said to dance with pleasure on sunny mornings.
2670,沙奈朵R,Gardevoir Redux,水,恶,75,125,78,85,65,105,潜行 / 自信过度 / 埋伏,幻影 / 掠食者 / 远隔,23,52,0,0,It apparently does not feel the pull of gravity because it supports itself with psychic power. It will give its life to protect its Trainer.
2671,艾路雷朵R,Gallade Redux,水,妖精,105,75,78,85,125,65,最佳攻势 / 棱镜装甲 / 湿润之躯,迷人之躯 / 粗糙皮肤 / 水幕,23,51,0,0,"A master of courtesy and swordsmanship, it fights using extending swords on its elbows when trying to protect someone. It can sense what its foe is thinking."
2672,超级沙奈朵R,Gardevoir Redux Mega,水,恶,75,150,93,100,85,130,悠游自如 / 强大之角 / 埋伏,幻影 / 穿刺者 / 标签,23,52,0,0,It apparently does not feel the pull of gravity because it supports itself with psychic power. It will give its life to protect its Trainer.
2673,超级艾路雷朵R,Gallade Redux Mega,水,妖精,105,85,103,120,145,75,魔导剑 / 海洋守护者 / 涨潮,迷人之躯 / 棱镜装甲 / 净化之水,23,51,0,0,"A master of courtesy and swordsmanship, it fights using extending swords on its elbows when trying to protect someone. It can sense what its foe is thinking."
2674,鲤鱼王R,Merrykarp,火,妖精,40,15,15,55,20,60,猛火 / 隔音 / 乘风,飘浮 / 飞行皮肤 / 庆典,4,25,0,0,"Its swimming muscles are weak, so it is easily washed away by currents. In places where water pools, you can see many Magikarp deposited there by the flow."
2675,暴鲤龙R,Gyarevelry,火,龙,110,60,70,112,118,70,舞者 / 隔音 / 热情好客,妖精飞行 / 两步 / 庆典,38,45,0,0,"It is an extremely vicious and violent Pokémon. When humans begin to fight, it will appear and burn everything to the ground with intensely hot flames."
2676,小卡比兽R,Munchlax Redux,水,水,100,27,76,67,84,36,污泥浆 / 屠龙者 / 恒净之躯,黏滑 / 隔音 / 免疫,20,43,0,0,"When it finds something that looks like it might be edible, it goes right ahead and swallows it whole. That's why it gets fatter day by day."
2677,卡比兽R,Snorlax Redux,水,水,196,57,82,102,67,36,污泥浆 / 储水 / 超净,黏滑 / 隔音 / 液化,22,45,0,0,Snorlax's typical day consists of nothing more than eating and sleeping. It is such a docile Pokémon that there are children who use its big belly as a place to play.
2678,超级卡比兽R,Snorlax Redux Mega,水,水,196,66,104,114,104,56,超净 / 超净 / 超净,黏滑 / 污泥浆 / 液化,22,45,0,0,Snorlax's typical day consists of nothing more than eating and sleeping. It is such a docile Pokémon that there are children who use its big belly as a place to play.
2679,史蒂夫,Spearow Redux,格斗,格斗,45,62,29,26,32,68,不服输 / 缠尾 / 惊吓,鸟群 / 偏离 / 不仁不义,18,31,0,0,"Its loud cry can be heard over half a mile away. If its high, keening cry is heard echoing all around, it is a sign that they are warning each other of danger."
2680,超级史蒂夫,Fearow Redux,格斗,恶,85,112,85,51,51,98,狂暴突袭 / 缠尾 / 极度好战,前锋 / 不仁不义 / 惊吓,20,32,0,0,Its long neck and elongated beak are ideal for catching prey in soil or water. It deftly moves this extended and skinny beak to pluck prey.
2681,烈雀R,Terrow,恶,格斗,105,132,95,51,51,108,血浴 / 舍身 / 愤怒穴位,前锋 / 缠尾 / 惊吓,26,36,0,0,Hi i use this for implementing.
2900,Slate,Slate,一般,一般,85,110,65,85,80,125,完美主义者 / 捡拾 / 连续攻击,技术高手 / 迷人之躯 / 最毛茸茸,10,13,0,0,Hi i use this for implementing.
